Area_sqft,Bedrooms,Bathrooms,Age_years,Floors,Location,Distance_to_City_km,HasGarage,School_Rating,Price
1473.9,2,2.0,1,1,Suburban,7.6,Yes,8.3,276000
1188.7,2,2.0,10,3,Rural,33.3,Yes,7.1,190100
2295.2,4,3.0,10,2,Rural,21.8,Yes,7.4,344300
1425.0,3,2.0,29,1,Suburban,11.9,Yes,4.9,264300
2037.9,2,1.0,3,1,Suburban,13.5,Yes,5.6,335100
2916.5,5,4.0,16,2,Rural,26.3,No,5.7,445900
1353.3,3,2.0,4,1,Suburban,11.5,Yes,6.7,287300
2082.5,4,3.0,16,1,Suburban,13.3,Yes,1.6,335700
1330.2,3,2.0,11,1,Suburban,4.7,No,5.7,258100
1634.0,2,1.0,12,3,Downtown,0.9,Yes,8.620294265896394,336500
2193.7,5,3.0,17,2,Downtown,1.5,Yes,7.5560832442014485,411000
1407.7,3,2.0,15,2,Downtown,2.2,Yes,6.597606495399561,329900
1859.6,3,2.0,8,2,Suburban,12.1,No,7.2,334000
1270.7,2,2.0,12,1,Downtown,3.4,Yes,6.13309534028729,310100
1510.7,2,2.0,18,1,Downtown,1.6,No,7.934443631194975,321700
1272.0,2,2.0,14,1,Rural,26.1,Yes,7.0,195600
1200.8,2,1.0,22,1,Downtown,3.1,No,5.307324743923425,255100
1563.3,3,2.0,8,1,Suburban,19.3,Yes,5.2,273800
1326.6,2,2.0,6,1,Suburban,13.6,Yes,7.5,251600
1914.0,3,3.0,24,2,Suburban,15.8,Yes,6.9,314800
1470.7,3,2.0,6,2,Suburban,8.3,Yes,4.8,306200
2404.8,4,2.0,13,3,Downtown,1.9,Yes,5.476640205410238,423800
1692.3,3,2.0,26,2,Suburban,5.4,Yes,6.5,345300
1599.3,1,1.0,36,1,Suburban,11.3,Yes,8.1,250400
1602.3,3,3.0,1,2,Suburban,5.9,Yes,7.1,328200
4156.0,6,5.0,60,1,Suburban,14.0,No,7.8,849800
1813.5,3,2.0,35,2,Downtown,2.5,No,8.402305756028724,350300
1422.8,3,2.0,0,1,Rural,17.2,Yes,7.2,250900
1286.4,2,1.0,11,3,Suburban,15.0,No,3.9,271500
1435.1,3,2.0,2,2,Rural,16.2,Yes,4.7,266800
1990.0,4,2.0,24,1,Suburban,11.1,Yes,7.4,316800
2872.1,5,3.0,12,2,Rural,25.1,Yes,6.1,454200
2083.8,3,3.0,9,1,Suburban,19.8,No,6.6,335500
1814.3,3,2.0,26,2,Suburban,11.9,Yes,5.5,298700
2526.6,3,3.0,60,2,Rural,27.3,Yes,6.3,356900
1885.2,4,3.0,5,1,Suburban,8.1,Yes,10.0,408800
1197.3,3,2.0,6,1,Downtown,1.9,Yes,8.382070107443987,294400
2279.4,3,2.0,8,2,Suburban,,Yes,5.8,426200
1322.1,2,1.0,14,2,Downtown,1.4,No,8.205243836137452,322200
2162.5,3,2.0,16,1,Suburban,12.9,Yes,4.6,338700
1613.7,3,2.0,58,2,Downtown,5.0,Yes,5.800255150297015,343000
1655.0,2,1.0,4,1,Downtown,0.2,Yes,9.050987961280658,320800
1585.0,3,2.0,2,1,Downtown,1.9,Yes,1.7899125303110242,347500
2514.3,4,3.0,60,3,Downtown,6.0,Yes,7.689172342373225,429700
2265.6,3,2.0,40,3,Suburban,12.9,Yes,5.0,370500
2492.7,5,3.0,17,1,Suburban,5.0,Yes,6.9,445500
1390.3,3,2.0,28,1,Suburban,12.3,No,5.4,273600
760.5,1,1.0,17,1,Rural,21.0,Yes,9.2,122300
1954.0,4,2.0,19,1,Suburban,12.4,No,5.0,340300
2008.0,3,2.0,19,2,Suburban,14.1,No,10.0,335200
1577.0,3,3.0,10,3,Suburban,15.2,No,7.3,323700
2337.6,4,2.0,9,1,Suburban,13.1,No,9.0,444000
1362.5,3,3.0,1,1,Suburban,11.8,Yes,6.0,301900
1458.4,2,2.0,18,1,Suburban,10.4,Yes,5.5,279800
1638.5,3,3.0,1,1,Rural,37.6,Yes,,273900
1836.3,4,3.0,38,2,Suburban,11.9,No,6.5,301300
1653.9,3,2.0,8,1,Suburban,13.5,No,7.4,274400
1605.7,2,1.0,2,3,Downtown,3.3,No,9.561054915727558,314400
1608.6,3,1.0,20,1,Rural,32.7,Yes,5.6,238100
1738.4,3,1.0,21,1,Downtown,5.3,Yes,7.384721342262749,341900
1186.4,3,1.0,22,1,Suburban,11.6,Yes,6.3,248500
1176.0,3,2.0,1,1,Downtown,0.5,Yes,4.695322435652023,289800
2562.8,4,3.0,10,2,Suburban,,Yes,3.7,434200
1716.5,3,2.0,5,2,Suburban,9.7,Yes,5.3,333800
1154.1,1,1.0,1,2,Suburban,17.4,No,5.9,242800
1876.5,4,2.0,13,1,Suburban,11.3,Yes,4.6,346900
2095.8,4,2.0,26,1,Rural,26.7,Yes,4.5,344500
1852.8,4,2.0,1,2,Rural,30.4,Yes,5.7,302500
1808.1,2,1.0,5,2,Suburban,10.2,Yes,6.8,265400
1681.3,3,2.0,18,2,Suburban,10.5,No,8.1,337000
1254.5,2,1.0,2,2,Downtown,0.2,No,5.541114729942862,281000
1371.4,3,2.0,8,2,Suburban,11.3,Yes,7.0,271700
1271.9,3,2.0,7,1,Suburban,,Yes,3.6,278700
2212.5,4,1.0,15,1,Rural,9.7,Yes,7.1,318600
2228.1,4,3.0,21,1,Suburban,15.8,Yes,6.3,354300
1215.7,2,1.0,4,2,Downtown,3.9,No,8.601822070364207,271800
1673.9,2,2.0,9,3,Suburban,7.3,Yes,8.4,301700
3655.7,6,3.0,2,2,Suburban,15.0,No,2.6,644100
2038.4,3,3.0,2,3,Downtown,2.5,No,8.019673409133315,419900
2442.5,5,3.0,16,2,Rural,20.8,Yes,9.6,356300
1335.2,2,1.0,15,1,Rural,39.5,Yes,7.9,185200
1990.6,4,2.0,10,2,Suburban,12.1,No,5.9,357200
1460.0,3,2.0,23,3,Downtown,0.6,No,6.267765587670561,310300
4205.2,7,5.0,18,2,Suburban,7.4,Yes,8.0,754900
1018.9,1,1.0,7,3,Suburban,4.7,No,4.6,221000
3153.3,6,4.0,19,2,Downtown,3.0,Yes,7.5626325001849715,538800
1674.2,2,2.0,13,1,Suburban,11.3,Yes,5.7,319300
1748.6,3,3.0,45,2,Suburban,10.7,Yes,6.4,308500
996.4,2,1.0,9,2,Downtown,2.1,Yes,6.294085691209361,274000
1151.4,2,2.0,2,1,Suburban,12.6,Yes,8.7,257100
1395.3,3,2.0,33,1,Suburban,6.0,No,10.0,264200
1482.5,2,2.0,4,1,Suburban,15.5,Yes,6.3,286800
1963.9,5,3.0,33,1,Rural,21.2,Yes,4.5,308800
1672.9,3,1.0,30,1,Downtown,0.3,Yes,8.431049332842624,361000
1630.6,3,2.0,3,2,Rural,25.0,Yes,7.9,317400
1988.8,3,2.0,34,2,Downtown,0.2,No,9.435863834926286,387100
2273.4,3,2.0,19,2,Downtown,2.8,Yes,5.781836880176359,376500
2332.9,5,3.0,3,3,Downtown,1.3,No,6.078614431771202,425700
2249.8,4,2.0,18,1,Rural,22.1,Yes,5.0,336900
985.8,3,1.0,2,2,Rural,28.9,Yes,5.5,162800
1364.4,2,2.0,0,2,Suburban,15.4,Yes,,285900
2004.4,4,2.0,3,1,Downtown,2.2,Yes,7.823629901636455,430100
1729.3,3,2.0,4,1,Suburban,4.0,No,7.0,336200
1978.4,4,2.0,3,2,Suburban,12.3,Yes,8.6,375400
1616.7,3,2.0,4,1,Suburban,12.2,No,5.3,305700
2819.5,6,4.0,37,3,Suburban,19.2,Yes,4.2,453400
2912.4,5,4.0,7,2,Suburban,12.0,Yes,4.4,466600
1565.0,3,1.0,5,2,Rural,37.6,No,6.8,247200
2393.3,4,3.0,3,1,Downtown,0.3,Yes,5.297601655923834,440700
1542.7,3,4.0,14,1,Downtown,0.2,Yes,8.054778486884326,328000
1155.0,2,1.0,2,2,Rural,31.8,No,8.2,175900
1685.7,4,3.0,18,3,Rural,20.5,No,7.0,293500
1254.8,3,2.0,1,2,Rural,10.2,Yes,8.8,240400
1443.8,3,2.0,10,2,Suburban,17.5,No,3.9,270100
2748.6,5,3.0,14,1,Downtown,0.2,No,8.806745201955096,486700
1406.2,2,1.0,60,1,Downtown,0.3,Yes,5.967031592757424,291000
1597.8,3,2.0,1,2,Suburban,14.3,No,4.9,270500
2300.7,5,4.0,6,2,Downtown,2.9,No,5.911089480809272,511900
1377.6,2,2.0,7,1,Downtown,0.2,No,6.420657709750329,339100
2044.2,4,2.0,15,3,Downtown,3.4,No,5.213183432991296,385400
1638.6,3,2.0,60,2,Suburban,15.5,No,7.1,235300
2388.4,5,3.0,3,1,Suburban,8.2,Yes,6.3,459300
2489.2,5,2.0,13,2,Suburban,10.8,Yes,6.6,420100
1248.8,3,2.0,17,2,Downtown,2.3,No,7.4067074848349455,267900
1060.8,1,2.0,10,1,Suburban,9.7,Yes,4.2,237900
1767.6,4,2.0,26,2,Rural,17.5,Yes,4.9,286000
1555.7,3,2.0,8,2,Suburban,10.3,Yes,5.0,316100
1309.0,3,2.0,5,1,Downtown,2.3,Yes,8.5011243562053,287000
1002.5,2,2.0,4,2,Suburban,0.2,No,6.6,253100
2177.1,4,3.0,11,2,Suburban,15.9,No,8.7,373300
1360.9,2,2.0,3,1,Rural,33.5,Yes,3.2,227900
2018.8,4,3.0,14,1,Downtown,8.6,Yes,4.634314114223636,440300
1816.2,4,2.0,11,1,Downtown,7.9,Yes,6.400758502113397,408100
1622.0,4,2.0,21,2,Downtown,4.8,No,3.5123144220472367,359200
3023.8,6,3.0,1,1,Downtown,4.2,No,7.3952626306575375,562900
1317.8,3,2.0,13,1,Suburban,12.4,No,4.3,261300
1389.7,1,1.0,17,3,Rural,32.7,Yes,8.3,178400
1780.2,5,3.0,9,2,Suburban,11.8,No,6.2,369000
1677.2,4,3.0,2,2,Suburban,12.4,Yes,6.1,353100
3683.6,7,5.0,24,2,Suburban,15.2,No,6.4,596300
2233.4,4,2.0,3,1,Suburban,6.4,No,6.2,409900
1854.6,4,3.0,3,2,Suburban,17.5,Yes,4.0,352100
1421.1,2,1.0,1,2,Suburban,15.3,Yes,4.1,263700
1912.8,4,2.0,18,2,Suburban,11.2,Yes,3.4,350100
1462.9,3,3.0,1,2,Suburban,10.6,Yes,8.9,314500
1811.2,4,3.0,11,2,Suburban,15.5,Yes,10.0,381500
2219.8,4,3.0,25,1,Suburban,13.7,Yes,6.0,399300
3118.0,6,4.0,4,2,Downtown,3.2,No,8.846294476226591,574100
2537.0,4,3.0,23,2,Downtown,1.2,No,4.290618674841003,485700
1259.7,1,1.0,14,2,Downtown,1.0,Yes,6.248411432955727,289900
1982.7,3,2.0,8,2,Suburban,15.6,Yes,6.6,348600
1159.9,1,1.0,5,1,Rural,23.0,Yes,4.5,194500
1279.9,1,1.0,54,2,Rural,44.2,Yes,6.1,128400
1289.9,2,1.0,17,2,Suburban,10.6,No,6.9,246100
1656.4,3,2.0,5,1,Suburban,8.6,No,6.5,329200
1508.0,2,1.0,7,1,Downtown,6.6,Yes,5.645632559722381,302000
1982.9,2,1.0,2,2,Rural,23.6,Yes,10.0,293000
1360.4,3,1.0,8,1,Rural,25.7,Yes,7.5,204400
2401.8,4,3.0,20,1,Downtown,1.9,Yes,9.066034413889456,432900
1849.7,4,3.0,5,1,Rural,39.3,Yes,9.2,279200
1232.7,3,2.0,36,2,Rural,36.1,Yes,4.8,161400
1452.7,2,1.0,7,1,Suburban,13.2,No,5.6,265100
2077.6,3,1.0,5,2,Rural,28.1,Yes,8.5,309900
1689.3,3,2.0,1,2,Downtown,3.4,Yes,4.818875880043085,343400
1895.1,3,2.0,19,3,Suburban,5.8,Yes,8.0,380900
2036.8,3,3.0,22,2,Suburban,11.6,Yes,10.0,345100
1975.0,3,,19,2,Suburban,6.7,No,5.5,329900
1273.9,2,2.0,26,1,Suburban,3.9,No,7.8,249700
2328.9,4,3.0,23,1,Downtown,0.6,Yes,10.0,426900
1498.7,3,2.0,43,1,Rural,26.8,Yes,6.8,211400
1197.6,2,1.0,1,1,Suburban,16.1,Yes,3.5,259100
1983.2,4,3.0,7,1,Suburban,9.8,No,7.6,351300
2328.3,5,4.0,4,3,Downtown,1.2,No,9.25039773977868,472300
1623.2,4,3.0,52,2,Rural,22.8,Yes,5.5,232300
1125.2,2,1.0,19,1,Suburban,7.6,Yes,7.6,239200
1586.6,2,1.0,8,1,Suburban,12.8,Yes,5.2,301500
1518.0,4,,1,2,Rural,36.2,No,5.1,258200
2161.0,4,2.0,42,2,Suburban,12.2,No,4.4,340400
1544.0,3,3.0,22,1,Suburban,4.4,No,6.8,314400
1640.5,3,2.0,11,2,Downtown,2.5,Yes,,351900
1900.3,3,1.0,9,1,Rural,26.9,Yes,5.5,302700
1484.2,3,2.0,17,2,Suburban,9.5,No,6.5,256500
1541.2,3,2.0,13,1,Suburban,9.0,No,10.0,288500
1157.1,3,3.0,1,1,Rural,39.1,Yes,7.4,189000
1674.5,3,1.0,35,1,Downtown,1.1,Yes,6.4816043529812015,314700
1582.4,2,1.0,26,1,Downtown,2.3,No,3.8417756238078846,309600
2036.3,4,3.0,8,3,Suburban,11.4,Yes,4.8,411800
1402.7,2,2.0,10,1,Suburban,13.9,Yes,8.4,274700
2056.6,5,4.0,34,2,Suburban,7.3,No,5.6,342400
1371.0,2,1.0,40,2,Suburban,8.2,Yes,6.0,195000
1253.7,2,1.0,17,1,Rural,31.4,No,8.9,165800
1723.7,2,1.0,5,2,Suburban,7.4,No,6.5,288500
1532.4,2,1.0,14,1,Suburban,11.4,Yes,4.0,280800
1437.0,3,2.0,4,1,Suburban,16.6,Yes,7.2,281000
2054.8,5,4.0,1,1,Rural,11.3,No,5.6,323100
1758.2,3,1.0,4,2,Suburban,16.8,Yes,8.3,307000
1589.4,4,2.0,25,1,Downtown,1.2,Yes,9.088374495623428,357000
1045.9,2,1.0,12,1,Rural,39.4,No,10.0,145100
1967.8,3,1.0,36,2,Suburban,1.3,No,5.7,351900
1806.8,3,2.0,60,1,Rural,28.1,Yes,5.9,214200
2024.6,4,3.0,17,2,Downtown,3.4,No,6.76404635323898,395200
2372.7,4,3.0,60,2,Suburban,4.0,Yes,8.8,410700
1953.4,3,2.0,23,2,Suburban,11.0,Yes,5.3,348100
2767.9,5,4.0,12,1,Suburban,11.0,Yes,9.0,469600
1272.7,3,2.0,28,3,Downtown,0.2,No,7.578706461584925,315300
1813.7,4,3.0,5,2,Suburban,15.3,No,6.5,332300
1790.3,3,2.0,60,3,Suburban,11.4,Yes,4.7,276300
2316.7,4,3.0,2,1,Downtown,4.3,Yes,7.119408087346131,434100
1281.9,2,1.0,8,3,Rural,19.1,Yes,5.8,227500
1828.7,3,2.0,2,2,Suburban,6.7,Yes,6.0,365800
1961.8,4,3.0,6,3,Downtown,3.3,Yes,7.743924077354615,416900
2018.9,3,2.0,45,3,Downtown,0.9,No,7.4033132160128785,369700
1364.9,2,1.0,0,1,Suburban,9.1,Yes,7.9,264000
1387.6,2,2.0,50,2,Rural,18.1,Yes,5.5,209100
1553.6,3,2.0,12,1,Suburban,5.8,Yes,7.4,289100
1646.4,3,2.0,12,1,Rural,26.3,Yes,7.7,253600
2510.5,4,3.0,21,1,Suburban,21.2,Yes,7.9,423600
1279.0,3,2.0,41,2,Suburban,15.4,No,4.1,200400
2477.3,4,2.0,18,1,Rural,26.6,No,6.2,343000
1991.0,4,3.0,8,3,Suburban,9.4,Yes,7.8,378200
2266.5,4,3.0,6,3,Downtown,1.6,Yes,8.865831178691057,448600
1067.7,2,1.0,9,1,Downtown,3.3,Yes,6.961747448941495,250900
1717.0,2,1.0,58,2,Rural,27.2,Yes,6.7,249100
1330.7,2,1.0,18,1,Downtown,1.4,Yes,4.4568724272308415,290600
1775.3,2,1.0,7,1,Rural,36.5,Yes,6.0,250600
1947.0,3,2.0,1,2,Rural,15.7,Yes,5.8,306200
2041.6,4,3.0,1,1,Suburban,9.0,Yes,9.7,393400
1731.4,3,1.0,34,1,Rural,19.3,No,5.1,255600
1874.4,4,3.0,4,2,Suburban,14.3,Yes,5.6,321000
1429.5,3,2.0,35,1,Downtown,0.2,Yes,6.681235118448214,305200
1261.6,3,1.0,10,2,Rural,39.1,Yes,3.9,202700
1047.4,3,2.0,44,2,Suburban,8.9,Yes,6.8,218600
1225.7,1,1.0,4,1,Rural,27.7,No,5.8,179700
1500.3,3,,1,2,Suburban,10.7,No,1.9,302400
1401.8,4,3.0,3,2,Downtown,1.7,No,5.541871778353515,306500
2386.7,6,4.0,16,2,Rural,24.8,No,8.6,410500
1529.9,3,1.0,4,1,Rural,30.0,Yes,8.3,240000
2379.4,3,2.0,5,3,Downtown,6.2,Yes,5.766397668834608,417200
1684.6,3,1.0,5,2,Downtown,6.8,Yes,4.235363362946298,336100
1178.3,1,1.0,60,1,Rural,18.9,Yes,8.0,152100
1152.1,2,2.0,10,2,Suburban,16.5,Yes,8.0,231600
1526.1,3,1.0,25,3,Suburban,14.0,No,6.9,273800
1666.1,2,1.0,45,1,Downtown,2.9,Yes,7.521863008557439,297500
980.4,1,1.0,1,2,Suburban,12.5,Yes,8.6,221100
1994.8,4,3.0,4,1,Rural,20.4,No,5.2,326700
1835.9,3,2.0,1,2,Suburban,12.0,Yes,5.7,359200
3030.9,5,2.0,30,1,Suburban,12.0,Yes,7.1,503400
1854.2,4,2.0,13,3,Downtown,,Yes,6.14814787259009,424900
1128.5,2,1.0,14,1,Suburban,8.4,Yes,5.5,244100
1701.7,3,1.0,50,2,Suburban,15.2,Yes,6.9,283800
1147.5,2,1.0,3,1,Rural,24.2,Yes,6.4,203200
1514.2,3,2.0,19,1,Downtown,0.4,Yes,8.60259401738697,330200
1816.1,3,2.0,1,1,Suburban,13.0,Yes,6.6,365000
1537.8,3,2.0,1,1,Downtown,2.5,Yes,6.300471972987148,341500
1269.0,2,2.0,18,1,Rural,21.7,Yes,9.1,207900
1831.1,4,3.0,12,3,Suburban,7.9,No,7.3,343300
1238.1,2,2.0,32,1,Suburban,14.8,Yes,8.2,225700
1597.1,3,2.0,44,1,Suburban,14.9,Yes,5.4,260200
1312.7,3,2.0,5,2,Downtown,1.3,Yes,7.4994631243935785,307500
1303.6,3,3.0,14,1,Downtown,6.6,Yes,9.623073245177544,342600
1761.9,3,1.0,19,3,Suburban,18.2,Yes,7.4,289600
1634.8,5,3.0,25,1,Downtown,6.1,Yes,6.594067250624711,371900
1688.3,4,3.0,19,2,Suburban,13.9,Yes,5.5,302800
2008.1,4,3.0,11,2,Downtown,0.5,Yes,5.565566011349214,388000
2233.1,6,4.0,25,2,Suburban,4.6,No,5.3,400000
2776.6,4,3.0,10,2,Suburban,6.7,No,3.4,475800
1451.5,3,2.0,0,2,Suburban,15.7,Yes,3.3,318500
2337.9,5,3.0,59,3,Rural,38.0,Yes,6.8,306000
1826.8,3,2.0,15,1,Rural,13.7,Yes,10.0,274900
1869.0,4,2.0,32,2,Suburban,10.6,No,6.4,285300
1260.2,2,2.0,10,2,Suburban,5.9,Yes,6.4,248700
1756.9,4,2.0,7,3,Downtown,5.5,Yes,9.742650125644005,353100
1548.2,2,2.0,11,2,Suburban,13.7,No,5.3,271100
1840.4,3,1.0,1,1,Suburban,20.5,Yes,3.1,289900
1863.8,3,1.0,11,1,Suburban,9.1,No,4.9,332600
1833.8,5,4.0,24,2,Suburban,17.0,No,5.9,361900
3520.3,6,4.0,1,1,Downtown,0.2,No,7.045924194733159,636800
2503.9,4,2.0,10,2,Suburban,15.2,Yes,2.6,406700
3449.0,6,4.0,7,1,Downtown,2.5,Yes,8.529553357460012,602300
1283.6,2,1.0,15,2,Downtown,0.2,Yes,10.0,300900
1601.9,4,4.0,14,1,Suburban,16.5,No,6.3,289600
1797.7,3,1.0,1,2,Suburban,11.4,Yes,8.4,315800
1307.7,2,1.0,5,1,Downtown,7.7,Yes,7.557959183849682,289600
1172.0,2,1.0,30,3,Suburban,18.3,Yes,6.6,217700
1566.0,2,2.0,7,1,Suburban,8.1,Yes,7.7,312800
2440.3,4,2.0,3,1,Rural,25.2,No,,331700
1214.1,3,2.0,1,2,Rural,29.6,Yes,7.1,217900
1835.0,3,,2,2,Suburban,8.0,Yes,10.0,361500
3606.2,7,4.0,38,2,Suburban,7.9,No,6.5,635100
1846.9,4,2.0,3,2,Suburban,6.9,No,5.6,384100
2602.9,5,3.0,2,1,Downtown,1.7,Yes,8.596237949579027,531600
1483.1,2,1.0,14,2,Suburban,8.5,Yes,7.1,259600
2181.5,4,3.0,6,2,Downtown,3.3,Yes,7.853623674831753,444000
1428.9,3,2.0,3,1,Suburban,9.2,Yes,8.6,259800
1125.5,2,1.0,13,2,Suburban,16.5,Yes,4.8,231800
1708.3,3,2.0,27,1,Downtown,0.4,Yes,5.804060068206129,334700
2351.6,5,3.0,9,1,Suburban,9.1,No,6.7,462700
2489.8,4,3.0,2,1,Suburban,6.5,Yes,8.0,420100
1691.3,3,2.0,1,1,Suburban,9.4,Yes,7.3,327200
2127.1,3,2.0,14,1,Downtown,1.5,No,6.091215751012264,402300
1277.4,3,2.0,4,2,Downtown,0.8,Yes,5.280034926998404,306100
902.8,2,1.0,22,2,Downtown,6.3,Yes,5.971915701826682,223500
1304.3,2,3.0,43,2,Rural,18.7,Yes,5.8,207700
1391.4,3,2.0,9,1,Rural,32.4,Yes,,197600
1323.2,2,1.0,11,2,Suburban,16.7,Yes,5.9,259800
1619.8,4,3.0,60,1,Downtown,1.7,Yes,8.223002474258534,315500
2244.8,6,3.0,14,1,Downtown,0.8,Yes,5.6703243849115434,479500
2438.5,4,3.0,2,2,Suburban,10.0,Yes,6.4,418500
2027.8,5,3.0,12,1,Suburban,19.9,Yes,7.4,368800
1533.0,2,2.0,18,2,Suburban,17.4,No,5.8,265600
1917.8,3,3.0,1,2,Downtown,2.8,Yes,7.155325136372574,398100
1318.9,3,3.0,4,1,Rural,41.9,No,7.5,208000
1834.3,3,2.0,26,1,Suburban,16.8,No,5.2,340000
4094.5,5,4.0,6,2,Rural,22.0,Yes,9.1,903300
1526.3,2,1.0,27,2,Suburban,11.4,Yes,2.5,263800
1299.3,3,1.0,6,1,Downtown,1.5,Yes,8.587993780241348,302900
1125.7,3,2.0,6,2,Downtown,0.2,Yes,9.334830245739557,291500
1356.5,2,1.0,20,2,Downtown,6.1,Yes,5.602086531518236,298800
1163.6,3,1.0,8,2,Downtown,0.6,No,6.062965155446702,278500
2687.7,5,4.0,1,3,Rural,30.9,Yes,6.5,437700
1233.8,2,1.0,21,3,Suburban,11.5,Yes,8.8,264400
1828.4,3,3.0,16,2,Suburban,16.2,Yes,6.9,352900
2056.5,4,4.0,1,3,Suburban,11.4,Yes,7.9,415300
2100.8,4,2.0,43,1,Rural,17.4,Yes,7.7,317400
2655.3,5,4.0,2,3,Downtown,0.4,Yes,7.334371558050136,538800
872.5,2,1.0,5,1,Rural,19.5,No,5.8,152100
1892.0,3,2.0,20,2,Suburban,6.7,Yes,5.7,308600
1500.6,3,2.0,4,2,Suburban,13.7,No,7.0,296600
1761.8,4,3.0,11,1,Suburban,9.4,Yes,6.6,350200
2298.3,4,2.0,35,3,Suburban,8.5,No,3.9,396500
2427.1,6,3.0,1,1,Suburban,11.0,Yes,7.3,485300
1887.6,3,2.0,23,2,Suburban,12.0,Yes,6.2,345100
1489.0,2,2.0,8,1,Suburban,14.7,Yes,5.2,277000
1107.9,3,2.0,2,1,Suburban,7.1,Yes,5.0,253500
1154.9,3,2.0,1,1,Rural,6.7,Yes,6.9,244900
2386.1,3,2.0,3,1,Rural,38.0,No,3.4,292400
1577.2,3,2.0,25,1,Suburban,12.7,Yes,4.6,283400
1532.5,2,1.0,3,2,Suburban,13.0,No,3.6,280600
2387.7,4,3.0,16,2,Downtown,4.8,Yes,4.234798548174748,429100
2007.6,3,3.0,4,2,Suburban,6.0,Yes,3.7,393400
1266.9,2,2.0,51,1,Downtown,4.7,Yes,6.860665450517384,259100
2251.5,3,3.0,8,1,Suburban,11.8,Yes,6.0,439300
2175.0,4,4.0,4,1,Suburban,,No,6.5,410100
1434.7,1,1.0,13,1,Downtown,2.3,Yes,3.611672030010705,301300
1494.4,2,2.0,8,1,Downtown,2.4,Yes,6.84656440191202,273400
1793.3,4,3.0,19,1,Suburban,4.2,Yes,5.4,369600
1427.5,3,2.0,40,1,Suburban,9.4,Yes,8.0,253600
1970.6,4,2.0,17,2,Rural,25.2,No,,305600
1250.3,3,2.0,39,2,Suburban,12.5,No,6.9,237200
1596.1,4,2.0,18,1,Suburban,5.9,Yes,7.2,268000
1562.6,2,2.0,11,2,Downtown,2.0,Yes,5.897292212145021,349800
2243.7,3,2.0,23,2,Suburban,10.4,Yes,9.5,375300
1266.7,2,1.0,11,1,Suburban,10.1,Yes,5.3,250600
1622.5,4,2.0,8,1,Downtown,1.0,Yes,9.522537758500007,393500
2150.5,4,3.0,5,2,Suburban,19.4,Yes,6.8,376400
3115.7,5,4.0,12,1,Suburban,15.2,No,7.4,513000
2134.8,3,2.0,15,1,Downtown,1.3,No,7.40977454930549,368100
1876.3,4,3.0,28,2,Suburban,8.8,No,6.9,354600
1615.0,4,3.0,0,2,Suburban,13.2,Yes,7.9,344000
1863.0,4,3.0,60,2,Suburban,11.5,No,3.8,334700
1604.1,3,2.0,11,2,Downtown,2.5,No,8.064222253729058,337100
1767.3,2,1.0,11,2,Suburban,12.9,No,4.4,269100
899.2,1,1.0,7,1,Suburban,11.1,No,3.3,189600
1726.8,3,3.0,9,2,Suburban,12.7,No,6.1,323500
2437.9,6,4.0,54,2,Downtown,6.0,No,10.0,442900
2040.3,4,2.0,1,2,Suburban,14.2,Yes,5.8,364100
1246.0,2,1.0,0,1,Suburban,11.1,Yes,7.6,242000
1051.1,1,1.0,17,1,Suburban,17.8,Yes,7.3,192600
1972.4,4,3.0,14,2,Rural,19.1,Yes,6.7,342600
2381.8,4,3.0,56,1,Rural,32.4,No,4.2,312900
2221.1,4,3.0,32,2,Rural,13.9,Yes,7.2,389200
2714.0,4,2.0,27,3,Suburban,15.1,Yes,4.8,440900
2824.9,4,3.0,13,2,Suburban,8.7,Yes,9.2,479400
1309.5,2,1.0,19,2,Suburban,13.6,Yes,4.8,236900
990.7,2,1.0,29,2,Rural,14.7,Yes,6.5,161800
1450.8,1,1.0,2,2,Suburban,15.0,No,7.4,240500
1813.6,4,3.0,22,1,Suburban,5.5,Yes,7.2,336900
1123.9,2,1.0,60,1,Downtown,1.0,Yes,4.810144471305693,222600
1291.6,2,1.0,4,2,Downtown,0.2,Yes,5.700337886983461,306100
1883.4,3,2.0,38,1,Downtown,0.2,Yes,6.804870419888632,370100
1165.9,2,1.0,23,2,Downtown,2.6,Yes,7.844110096702732,281700
1741.4,4,3.0,1,2,Downtown,1.2,Yes,7.093064716124521,421600
1187.6,2,2.0,35,3,Downtown,0.3,No,9.90097090307998,236700
1761.4,3,3.0,14,2,Downtown,0.9,Yes,8.324466919300235,406900
1970.9,4,3.0,45,3,Suburban,11.8,No,7.8,340700
1672.3,3,3.0,15,2,Rural,23.4,Yes,6.0,281100
1703.3,3,1.0,12,1,Rural,38.7,Yes,4.2,219600
1730.0,3,2.0,12,1,Suburban,12.6,Yes,2.6,293400
1461.4,3,2.0,26,1,Rural,19.8,Yes,4.4,235500
1330.7,2,1.0,10,3,Downtown,1.9,Yes,8.056198855213164,322400
1400.1,3,3.0,7,1,Suburban,9.7,Yes,10.0,281100
2448.5,4,4.0,37,1,Suburban,11.9,No,7.4,414900
1628.8,2,2.0,1,2,Downtown,1.4,No,9.234079935125894,357300
1435.6,3,2.0,37,1,Rural,15.4,Yes,6.5,217300
2053.3,3,2.0,5,1,Downtown,1.3,Yes,4.715363044905482,438900
1648.7,3,2.0,12,2,Rural,35.3,Yes,7.4,256600
1436.3,2,3.0,14,2,Rural,29.2,Yes,,231400
2022.9,4,3.0,6,1,Rural,29.8,No,6.0,285900
1515.4,3,3.0,19,2,Downtown,0.8,No,7.825484991450228,331800
1197.4,2,1.0,13,1,Downtown,0.9,Yes,6.726679651433885,271800
2273.2,5,3.0,38,2,Rural,27.6,Yes,3.3,309200
1704.9,4,2.0,17,2,Suburban,9.9,Yes,6.4,370300
1955.8,5,3.0,11,2,Suburban,3.6,Yes,7.0,376300
1633.3,3,2.0,34,1,Rural,30.0,Yes,5.9,242300
2032.5,3,2.0,7,2,Downtown,0.4,Yes,7.922215049289169,422700
2142.4,3,2.0,0,3,Rural,18.0,Yes,4.1,351800
2482.2,4,2.0,3,1,Downtown,6.8,Yes,4.147004733085776,513500
1520.6,4,3.0,1,3,Suburban,7.7,Yes,6.8,328300
2908.3,4,2.0,13,1,Suburban,15.6,No,7.3,421300
1451.1,3,1.0,9,2,Rural,25.4,Yes,3.9,213700
1589.9,3,2.0,5,2,Rural,29.0,No,5.5,229900
1015.1,3,2.0,9,3,Rural,25.2,No,,205700
2552.8,4,3.0,30,2,Suburban,9.6,No,,447100
1038.4,1,1.0,5,2,Rural,22.4,No,3.1,175000
2099.1,4,3.0,19,2,Downtown,9.2,No,7.304724277440909,379700
2150.4,5,4.0,41,1,Suburban,16.7,Yes,7.2,372200
1684.4,3,3.0,16,1,Suburban,4.5,No,7.2,350400
1696.4,4,2.0,7,2,Suburban,15.0,No,8.9,289600
2341.1,4,3.0,11,3,Suburban,13.8,Yes,4.9,397600
1474.6,2,1.0,8,1,Rural,37.8,Yes,5.2,223600
2181.0,5,4.0,2,2,Rural,26.2,Yes,9.1,391800
2931.2,6,3.0,11,1,Suburban,11.3,Yes,6.9,462500
1798.7,3,2.0,6,2,Suburban,10.5,Yes,4.6,359900
2721.5,6,4.0,8,3,Suburban,14.3,Yes,5.0,488400
1098.6,2,2.0,54,2,Suburban,2.6,No,7.9,211000
1170.7,2,1.0,10,2,Rural,24.8,No,8.5,173400
1911.5,4,3.0,21,2,Rural,10.4,Yes,6.9,342700
1641.2,3,1.0,39,3,Rural,11.1,Yes,6.7,248200
2099.0,3,3.0,5,3,Suburban,9.0,Yes,9.3,384500
2279.6,3,1.0,39,1,Rural,17.0,Yes,7.3,295600
1065.5,3,1.0,2,1,Downtown,0.2,Yes,7.52992185776836,308600
1426.3,3,2.0,9,1,Suburban,16.0,No,5.9,281800
1577.7,2,2.0,8,3,Downtown,4.8,No,7.982674433989516,339200
1264.9,3,2.0,55,1,Suburban,12.3,Yes,8.7,233300
1579.6,3,2.0,60,2,Suburban,11.2,Yes,7.7,258600
1253.4,2,1.0,1,2,Downtown,10.7,No,7.421372098834787,279000
1211.2,3,1.0,10,1,Downtown,1.4,Yes,8.451237298255544,307700
2281.6,4,3.0,39,1,Suburban,12.9,Yes,8.4,400700
2583.7,4,3.0,7,2,Suburban,5.0,No,4.3,459800
1789.3,3,2.0,11,1,Downtown,0.3,No,6.853717124892039,358000
2163.8,5,3.0,17,1,Suburban,5.9,Yes,4.2,412900
1617.3,2,2.0,3,3,Suburban,17.8,Yes,7.6,295700
1761.6,3,2.0,7,1,Downtown,12.8,No,7.403116492082921,350100
2043.3,2,1.0,11,1,Downtown,0.3,Yes,7.167012885018763,356900
1393.4,4,3.0,2,2,Suburban,14.4,Yes,6.2,298300
1890.8,3,1.0,3,2,Suburban,15.1,Yes,6.5,322900
2089.6,3,2.0,21,2,Downtown,1.3,Yes,8.012493488455265,347400
1490.0,2,1.0,31,1,Downtown,7.2,No,5.777914500620001,283400
1019.6,2,1.0,21,2,Rural,21.5,Yes,6.9,166500
1569.1,4,2.0,26,1,Suburban,7.6,No,6.2,297300
2457.7,4,3.0,22,1,Suburban,13.7,Yes,8.5,364500
1825.3,3,2.0,10,1,Rural,35.7,No,9.9,252200
2039.6,3,2.0,4,1,Suburban,16.8,Yes,5.5,312400
1310.2,2,1.0,13,2,Rural,26.8,Yes,6.2,182300
1376.2,1,1.0,5,2,Rural,24.7,Yes,3.4,202800
1716.9,3,3.0,15,2,Suburban,10.2,Yes,7.1,323800
2677.3,4,3.0,4,1,Suburban,9.2,Yes,6.0,463000
1540.9,3,3.0,5,2,Downtown,2.4,No,4.578580795075753,379800
1652.8,3,2.0,2,3,Downtown,2.6,Yes,5.364337249540076,358400
2579.0,5,3.0,10,2,Downtown,1.3,No,10.0,453200
1411.8,2,1.0,25,1,Downtown,0.6,Yes,5.435771936000921,331200
2345.9,4,3.0,1,1,Downtown,1.5,Yes,5.9661330625728475,475200
2770.0,6,3.0,5,1,Suburban,5.3,Yes,4.8,473800
1694.1,3,3.0,28,3,Suburban,,Yes,8.4,303000
2227.9,4,2.0,17,1,Downtown,0.4,No,9.807357541131855,392500
1205.2,2,1.0,12,1,Rural,37.1,Yes,6.0,179100
2080.1,4,3.0,10,1,Downtown,0.2,No,8.562913544446404,471600
2049.7,4,2.0,9,2,Suburban,19.4,Yes,7.1,362700
1006.3,1,1.0,7,1,Suburban,12.3,Yes,7.6,210100
1845.2,3,1.0,16,2,Rural,34.6,Yes,5.2,237700
2422.3,4,2.0,13,1,Suburban,10.8,Yes,3.3,384200
1850.0,4,2.0,3,2,Downtown,5.9,Yes,6.313206073606023,380200
3075.2,6,4.0,0,2,Suburban,14.1,No,5.4,561500
1690.4,3,1.0,8,2,Suburban,13.6,Yes,9.3,305600
1632.2,4,4.0,21,2,Suburban,15.3,Yes,5.7,332300
1906.9,3,2.0,6,2,Rural,27.7,Yes,6.9,308300
1253.2,1,1.0,2,1,Rural,26.4,Yes,7.2,215500
1654.9,3,2.0,6,1,Downtown,0.5,No,7.016344479013055,365200
1804.1,3,2.0,8,1,Rural,19.4,Yes,10.0,329000
1759.7,2,2.0,45,2,Downtown,0.6,Yes,7.925105154649356,319100
1721.9,4,3.0,34,2,Rural,37.5,Yes,6.4,278600
1608.3,3,2.0,4,1,Suburban,13.7,Yes,8.0,317600
1364.1,2,1.0,10,2,Rural,19.9,Yes,5.6,219600
2684.8,5,3.0,3,1,Rural,28.2,No,5.4,419900
1538.8,3,2.0,6,2,Suburban,18.9,Yes,5.4,270000
1501.8,3,3.0,20,3,Suburban,9.1,No,4.8,289200
1580.8,2,1.0,6,1,Suburban,17.2,Yes,8.7,289600
1351.7,2,2.0,7,1,Suburban,14.8,Yes,5.1,245400
2018.0,4,2.0,0,2,Suburban,8.4,No,10.0,333700
2809.1,6,4.0,2,2,Rural,46.4,Yes,8.9,372300
1710.7,3,2.0,3,2,Downtown,6.9,No,4.2926612574680885,319600
1460.8,2,1.0,12,1,Suburban,7.6,No,7.1,272200
1841.1,2,2.0,3,1,Suburban,10.0,Yes,9.9,338900
1240.2,2,1.0,60,2,Suburban,14.1,Yes,7.0,199400
2134.2,4,2.0,19,3,Suburban,8.7,Yes,7.1,402400
1236.2,2,2.0,8,2,Suburban,9.8,Yes,6.5,284000
860.9,1,1.0,1,1,Suburban,16.1,Yes,8.1,194000
1725.9,3,2.0,34,1,Downtown,4.2,No,2.89843683211644,362100
2202.3,3,,50,2,Suburban,20.1,No,4.8,306300
1482.1,2,2.0,31,2,Suburban,15.4,No,8.7,269700
4264.4,7,5.0,12,1,Rural,25.5,Yes,5.5,634100
1678.9,3,2.0,9,1,Suburban,15.3,No,3.9,329500
2654.4,5,3.0,14,2,Rural,22.0,Yes,8.1,400300
1230.9,3,2.0,9,2,Downtown,2.3,No,8.696660524096853,286600
2697.4,5,4.0,1,1,Suburban,16.9,Yes,8.0,488600
2312.3,4,,13,1,Downtown,4.0,Yes,3.3776123741844044,446300
1712.5,4,3.0,5,2,Downtown,3.7,Yes,6.978374117896269,404900
2294.3,4,2.0,5,3,Rural,39.8,No,6.4,328700
1509.5,2,2.0,26,2,Suburban,24.7,Yes,6.0,249700
1012.1,2,1.0,9,1,Rural,43.8,Yes,5.0,142700
1570.0,2,2.0,5,2,Suburban,6.2,No,5.6,324100
1355.1,3,2.0,7,2,Suburban,14.9,Yes,8.0,292700
2066.6,5,3.0,44,1,Suburban,13.3,Yes,5.5,335700
2845.1,6,4.0,8,2,Suburban,14.9,No,9.1,500500
1632.7,4,3.0,0,1,Downtown,2.1,Yes,8.776280063560646,388100
1444.2,3,2.0,44,2,Rural,13.7,Yes,7.3,228300
2503.2,6,4.0,2,1,Rural,35.9,Yes,8.5,377400
1141.6,2,2.0,15,1,Downtown,3.7,Yes,6.985187288527107,245100
4072.8,7,5.0,8,2,Suburban,16.3,Yes,4.7,629400
2080.7,4,2.0,13,1,Suburban,14.2,Yes,6.8,384900
2661.0,5,3.0,21,1,Suburban,20.5,Yes,7.0,434300
2511.5,5,3.0,40,2,Suburban,12.1,Yes,5.6,442200
764.4,2,1.0,20,2,Suburban,7.2,No,5.3,160700
1840.1,4,4.0,6,3,Rural,37.5,No,4.5,343800
2267.5,4,4.0,1,2,Downtown,2.0,No,8.917812625624824,487100
1367.7,3,2.0,4,1,Suburban,19.5,Yes,3.9,256500
1836.2,3,3.0,16,3,Downtown,7.7,No,6.883412957825608,385600
1672.8,2,1.0,8,2,Downtown,0.9,Yes,9.166687442511403,331200
1369.9,4,3.0,19,2,Suburban,13.6,No,4.3,267600
1494.7,2,1.0,3,2,Suburban,10.6,No,8.7,273900
1764.6,3,2.0,18,2,Suburban,11.2,Yes,9.1,348600
1356.8,3,2.0,6,2,Suburban,13.1,Yes,8.5,300300
1588.3,3,1.0,60,2,Suburban,12.2,Yes,4.9,240400
1498.1,3,1.0,50,2,Downtown,0.4,Yes,5.561851355944661,269000
1138.2,2,2.0,31,1,Downtown,1.2,Yes,9.261582267539119,271600
1415.5,4,2.0,6,3,Downtown,0.8,Yes,6.2258973784853975,369500
1225.3,2,2.0,7,3,Suburban,17.1,Yes,8.1,269700
2328.4,5,4.0,26,2,Suburban,17.6,Yes,9.3,409500
1727.4,3,1.0,32,1,Suburban,12.6,Yes,3.8,300000
2125.6,4,2.0,6,1,Downtown,2.4,Yes,8.469259753106408,405500
2189.6,4,2.0,36,1,Downtown,2.9,Yes,10.0,392500
1340.8,2,2.0,9,1,Downtown,1.0,Yes,8.705693590743847,300400
1985.9,3,3.0,56,1,Suburban,5.5,Yes,8.0,347900
2117.3,4,2.0,2,1,Suburban,10.6,Yes,6.4,355300
1501.8,3,3.0,24,1,Suburban,12.9,No,7.6,252600
1245.2,3,2.0,2,1,Suburban,,No,2.8,285200
1209.3,3,2.0,1,1,Rural,37.0,Yes,9.3,198900
2030.3,3,2.0,1,1,Suburban,16.0,Yes,5.2,371600
1361.6,2,1.0,31,1,Suburban,11.6,Yes,8.2,237400
1512.3,2,2.0,12,1,Rural,38.9,Yes,5.9,217400
1343.9,3,3.0,13,3,Rural,29.1,Yes,3.7,252500
2063.4,3,2.0,2,1,Suburban,18.1,Yes,,334600
2947.1,6,3.0,19,1,Suburban,5.0,No,6.8,501200
1809.7,4,2.0,22,2,Suburban,4.8,Yes,7.8,349000
1699.1,4,3.0,20,1,Suburban,15.8,No,4.3,330400
1422.6,3,2.0,5,2,Downtown,2.0,No,5.1962636898890855,325100
2369.4,4,3.0,11,1,Suburban,15.7,Yes,5.7,363000
2740.4,4,3.0,53,1,Rural,30.5,Yes,7.3,367400
1982.2,4,3.0,3,1,Downtown,2.9,Yes,,420100
1725.9,3,1.0,8,1,Suburban,8.8,Yes,7.5,352700
1126.3,2,2.0,1,1,Downtown,3.4,No,4.977917255510372,285400
1979.9,4,2.0,0,1,Rural,37.4,Yes,5.9,306500
1281.7,1,1.0,10,1,Downtown,3.7,Yes,5.795802466972587,279800
1643.2,3,,1,2,Rural,30.5,No,4.9,257800
1392.5,3,2.0,7,2,Suburban,17.5,No,8.1,267400
1418.9,3,2.0,9,1,Suburban,11.6,Yes,7.6,265000
1934.6,4,3.0,25,2,Suburban,16.2,Yes,2.1,307800
2357.8,4,1.0,9,1,Downtown,6.1,Yes,5.7272608168423,481900
2033.8,5,3.0,1,2,Rural,12.1,No,10.0,348100
1880.8,4,3.0,16,2,Rural,26.7,Yes,2.0,288600
2514.3,2,2.0,13,2,Suburban,12.4,Yes,8.9,553900
961.8,2,1.0,12,1,Rural,43.6,Yes,7.4,137100
2334.2,4,3.0,1,1,Suburban,14.9,Yes,7.5,392900
2007.0,4,2.0,29,2,Downtown,3.9,Yes,8.581610411489102,404800
1903.0,3,2.0,15,2,Suburban,5.6,Yes,,357600
2271.6,4,3.0,7,2,Downtown,0.7,Yes,5.233104536554381,473800
1872.0,4,2.0,6,1,Downtown,1.8,Yes,6.38892869650147,371000
1422.2,3,1.0,3,2,Suburban,6.8,Yes,8.8,299900
2036.3,3,2.0,26,1,Suburban,10.2,Yes,4.6,338100
1658.4,3,2.0,2,2,Suburban,17.7,Yes,6.5,303600
1681.4,4,3.0,11,2,Downtown,1.2,No,7.564026993077212,393700
2025.6,4,2.0,4,2,Rural,27.2,No,7.9,320700
1406.5,2,2.0,10,2,Rural,28.0,Yes,5.0,201300
1831.3,4,3.0,6,1,Suburban,13.7,Yes,5.7,362400
991.7,2,1.0,4,1,Downtown,0.2,Yes,7.2795497793714565,275000
2811.2,6,5.0,5,1,Downtown,4.0,Yes,9.854386296381673,547300
1337.6,2,2.0,7,2,Downtown,4.5,Yes,2.321465437163146,334000
1911.0,3,1.0,17,1,Downtown,4.6,Yes,5.823584968530897,375100
1504.1,3,2.0,3,3,Downtown,2.1,No,3.7627651258400205,320000
1931.7,4,3.0,23,1,Rural,21.4,No,5.3,281900
1459.6,3,2.0,17,3,Suburban,14.4,Yes,6.5,293700
1778.4,3,2.0,5,2,Suburban,6.4,No,5.8,324000
1446.9,3,2.0,2,3,Suburban,6.6,Yes,6.4,313400
1305.5,2,1.0,13,2,Downtown,1.2,Yes,8.632593523319079,304900
1976.0,3,3.0,6,1,Downtown,0.5,No,8.196901031422769,463800
1943.4,4,3.0,34,2,Rural,18.6,Yes,9.1,317100
1018.9,2,1.0,6,2,Downtown,5.0,No,4.796786721304557,247200
1476.8,2,2.0,17,1,Suburban,15.5,Yes,5.3,259400
1512.5,3,1.0,2,2,Downtown,2.5,Yes,6.1254836374649155,310800
1469.4,3,2.0,32,1,Suburban,6.6,No,6.1,266800
1482.3,4,2.0,1,2,Downtown,1.7,Yes,3.233921182085829,333700
1377.6,2,3.0,8,1,Downtown,5.9,No,6.63105869782898,289600
1453.3,2,1.0,36,2,Downtown,0.2,No,8.175758917166048,282100
2224.5,4,2.0,8,2,Suburban,11.1,Yes,4.1,389800
1233.5,1,1.0,23,2,Suburban,12.0,No,9.6,202100
2294.4,5,4.0,60,1,Suburban,12.0,Yes,3.8,345600
2686.8,6,4.0,21,2,Suburban,11.9,Yes,5.0,432600
2019.2,3,1.0,13,1,Suburban,16.0,Yes,5.1,358100
1524.6,3,2.0,6,1,Rural,34.1,Yes,8.4,237400
1583.8,3,2.0,16,1,Suburban,17.9,Yes,5.6,303300
1433.0,2,1.0,49,2,Downtown,1.8,Yes,6.3344887516527555,266300
2183.5,3,2.0,11,2,Suburban,11.3,Yes,8.8,404600
949.4,2,2.0,7,1,Suburban,9.0,No,7.5,198400
1394.7,3,2.0,5,3,Suburban,16.2,Yes,5.8,291900
1800.8,4,3.0,9,3,Suburban,15.4,No,9.1,333000
1794.5,4,,2,2,Downtown,4.5,Yes,3.6214441415230287,397600
2123.7,3,3.0,1,2,Suburban,4.3,Yes,3.9,369900
1812.2,3,2.0,11,2,Downtown,4.1,Yes,6.962347308095778,386300
1878.0,5,3.0,17,2,Suburban,15.4,Yes,6.0,345200
1781.2,3,2.0,1,3,Suburban,13.2,Yes,4.7,378600
1808.6,3,1.0,12,1,Suburban,10.9,Yes,6.0,318100
2312.9,4,2.0,19,3,Rural,20.2,Yes,5.6,324900
1594.7,3,2.0,27,1,Suburban,1.9,Yes,4.1,262100
1356.8,2,1.0,1,2,Downtown,5.1,No,5.593324760534276,306600
2180.1,5,4.0,5,1,Rural,33.9,No,6.9,321000
1774.6,3,2.0,4,2,Rural,22.9,Yes,8.9,300600
1514.9,3,2.0,49,2,Suburban,14.1,No,7.6,223200
1954.0,2,2.0,43,1,Downtown,0.9,Yes,7.795316434132884,312600
1763.5,4,3.0,53,1,Suburban,16.5,Yes,8.1,265000
1977.2,3,2.0,29,2,Suburban,11.6,No,7.5,329600
1799.0,3,2.0,4,1,Suburban,6.3,No,7.1,338500
1518.7,3,2.0,13,2,Suburban,19.1,Yes,7.6,300400
1429.0,3,1.0,3,1,Downtown,3.9,No,7.617068961218417,275600
1973.6,4,2.0,0,1,Suburban,13.0,No,4.0,369000
1656.4,3,2.0,12,1,Suburban,13.5,Yes,3.5,291200
1632.2,4,2.0,44,2,Suburban,11.7,Yes,4.5,278500
2111.5,4,2.0,1,2,Suburban,,No,4.1,387500
1389.2,2,,3,2,Downtown,6.6,Yes,6.117095387976838,330500
1205.2,1,1.0,28,2,Rural,39.9,No,3.7,129400
1755.5,3,2.0,21,1,Suburban,11.1,No,6.4,352600
1806.4,4,3.0,22,1,Downtown,1.6,Yes,1.6175925492069165,338800
2321.0,3,1.0,5,2,Suburban,5.6,Yes,7.3,388400
1624.2,4,2.0,2,2,Suburban,14.0,Yes,9.3,367900
1990.8,3,3.0,36,2,Suburban,8.4,No,4.7,358300
2464.0,5,3.0,3,3,Downtown,1.0,No,6.383081034741684,496500
1936.7,4,2.0,8,1,Suburban,5.3,No,10.0,359800
1515.8,4,2.0,13,3,Rural,14.1,No,7.2,276700
1823.8,3,1.0,11,1,Downtown,2.2,Yes,6.22288018995858,373600
1511.1,4,3.0,1,2,Suburban,7.7,No,5.6,340800
1921.4,3,3.0,14,1,Downtown,3.0,Yes,8.005886032623843,389400
1874.6,4,3.0,34,1,Suburban,15.8,Yes,7.2,322900
1177.9,1,1.0,7,1,Rural,22.6,Yes,4.4,183900
2055.9,4,3.0,45,1,Suburban,6.6,Yes,6.9,386600
1326.9,3,2.0,57,2,Suburban,9.9,No,4.6,241900
1962.6,3,2.0,1,1,Suburban,14.2,Yes,10.0,331100
2546.4,4,2.0,8,2,Rural,29.4,Yes,6.2,367400
2394.5,5,3.0,11,2,Rural,17.2,Yes,6.1,452400
972.0,2,2.0,18,1,Suburban,9.4,Yes,3.6,217300
2252.8,3,1.0,3,2,Rural,24.3,Yes,6.6,321500
1743.6,2,2.0,7,2,Suburban,15.0,Yes,5.8,336600
1106.1,3,2.0,4,2,Downtown,2.8,Yes,5.322281369733451,282600
1544.1,3,2.0,6,1,Suburban,9.9,Yes,6.6,306800
2006.7,4,3.0,12,1,Downtown,1.6,Yes,7.415927448790909,410700
1638.7,3,2.0,1,2,Rural,43.7,Yes,6.7,267300
1556.1,3,2.0,13,1,Rural,34.4,Yes,7.0,249600
2125.8,4,3.0,22,2,Downtown,1.2,Yes,5.011674147651506,421100
1432.9,3,1.0,20,3,Downtown,0.3,Yes,8.941704910561999,326600
1382.4,3,2.0,23,2,Suburban,13.2,No,8.0,272300
2029.6,4,2.0,3,1,Suburban,5.4,Yes,5.4,351300
1677.5,3,2.0,9,2,Rural,22.9,Yes,8.3,287400
2140.9,4,3.0,11,2,Downtown,1.0,Yes,9.27694621190348,443400
1915.8,3,2.0,23,3,Downtown,6.9,Yes,7.956112197852805,369700
1904.9,3,2.0,2,3,Downtown,0.5,No,8.091789712065728,406300
1412.5,2,2.0,8,2,Suburban,14.6,Yes,6.8,305300
1550.8,3,2.0,2,2,Suburban,14.1,No,,276100
1400.7,2,1.0,36,1,Downtown,0.5,Yes,8.750101682684123,284200
1531.8,3,1.0,8,2,Suburban,13.2,Yes,7.7,272400
2188.4,3,1.0,14,2,Downtown,5.5,Yes,7.238750049870344,404600
1841.3,4,2.0,20,1,Downtown,15.7,No,5.866188337216187,359300
2460.8,6,4.0,15,1,Suburban,13.5,Yes,4.4,437900
1628.6,2,1.0,26,2,Suburban,9.0,Yes,6.5,316700
1605.5,3,2.0,8,1,Suburban,7.4,Yes,9.1,295900
2531.1,4,4.0,1,2,Downtown,0.5,No,10.0,532500
1634.6,3,2.0,0,2,Rural,22.6,Yes,8.9,318400
1829.9,4,2.0,7,2,Downtown,2.4,Yes,6.773495395817016,345900
1896.2,3,2.0,27,1,Downtown,3.0,Yes,9.16236833515426,375100
2146.3,3,3.0,10,2,Suburban,14.6,Yes,6.7,412700
1430.4,3,2.0,60,1,Rural,24.1,Yes,5.4,198400
1676.3,5,4.0,36,2,Suburban,14.0,Yes,8.1,320900
1833.0,3,3.0,17,1,Suburban,9.2,Yes,5.1,338000
1963.4,4,2.0,2,3,Suburban,13.6,Yes,5.9,381800
1841.0,3,2.0,60,1,Downtown,2.3,Yes,7.545385357454073,377800
1329.5,1,1.0,26,1,Suburban,8.7,No,7.5,207000
1756.8,3,1.0,32,1,Downtown,6.0,Yes,,332800
1455.7,2,1.0,20,2,Suburban,8.5,Yes,6.4,269000
1216.2,2,1.0,27,1,Suburban,7.4,Yes,7.8,245600
1615.5,4,2.0,3,2,Downtown,8.7,No,4.527038747536153,351700
3022.2,5,4.0,5,1,Rural,29.1,No,5.2,470400
2080.2,3,2.0,1,1,Suburban,12.3,Yes,6.6,358000
1695.8,4,3.0,9,2,Downtown,5.1,Yes,9.234536626124845,365300
1729.2,3,2.0,2,1,Suburban,18.2,Yes,4.2,342000
1292.7,1,1.0,12,2,Rural,33.2,No,9.6,175800
1292.2,3,2.0,49,2,Downtown,3.3,Yes,8.298666253125699,264000
2049.1,4,2.0,21,1,Suburban,13.2,Yes,7.4,354900
1729.2,3,2.0,4,2,Suburban,14.8,Yes,5.2,338700
1364.7,3,2.0,2,1,Rural,33.0,Yes,9.7,235200
1301.9,2,2.0,11,1,Suburban,10.1,No,4.9,248100
2223.9,4,3.0,0,2,Downtown,1.7,Yes,8.480507828107918,440200
1627.1,3,1.0,6,1,Suburban,19.5,No,8.4,280700
1195.4,3,2.0,7,2,Suburban,19.7,Yes,8.9,259300
1160.3,1,2.0,3,1,Suburban,10.6,Yes,3.3,253800
2247.3,4,2.0,0,1,Suburban,11.8,No,5.6,444000
2547.3,4,3.0,12,2,Downtown,0.4,No,8.020187255307158,426400
1341.3,2,1.0,6,1,Suburban,13.1,Yes,6.5,277300
2019.8,4,4.0,15,1,Downtown,3.6,No,5.531520485563691,414600
1619.4,3,2.0,9,1,Downtown,4.0,Yes,4.811012942027731,328400
2419.0,5,4.0,26,2,Downtown,0.2,No,4.963868273914175,496400
1296.9,3,2.0,1,1,Suburban,14.0,Yes,6.6,283100
2777.4,5,2.0,5,2,Downtown,2.5,Yes,5.823865775826844,518000
2496.3,4,4.0,15,2,Suburban,16.8,Yes,6.4,447600
1449.3,3,2.0,30,3,Suburban,14.8,Yes,7.6,293400
1707.6,3,2.0,6,1,Downtown,0.9,Yes,7.840496283619752,392400
1362.3,1,,3,2,Suburban,17.3,No,9.7,252900
1311.5,3,2.0,4,1,Downtown,2.4,Yes,8.431690111639448,326200
1482.2,4,3.0,1,2,Rural,30.3,Yes,5.3,232900
2149.7,3,2.0,1,2,Rural,10.4,No,5.7,333600
1403.0,3,1.0,8,1,Suburban,15.6,Yes,9.5,256500
1874.7,3,2.0,6,1,Suburban,8.4,No,6.2,317400
1367.6,3,2.0,1,1,Downtown,0.7,No,4.113108380468651,315600
1430.5,3,2.0,4,1,Downtown,2.8,Yes,4.861173888229473,316200
1941.1,3,2.0,8,3,Suburban,16.4,Yes,6.8,324300
2194.0,4,2.0,3,3,Suburban,11.2,Yes,5.9,425700
1698.4,3,2.0,1,2,Suburban,9.2,Yes,7.9,353000
1434.0,2,2.0,5,3,Suburban,11.0,Yes,5.6,283900
1995.5,3,1.0,13,1,Downtown,9.2,No,5.952491408338607,332400
1756.7,4,3.0,1,1,Suburban,5.4,Yes,10.0,335200
1883.3,3,3.0,34,2,Rural,45.3,Yes,4.0,284300
1529.0,3,2.0,7,2,Suburban,8.2,Yes,5.5,334400
2388.4,4,3.0,18,1,Suburban,15.0,Yes,7.7,394500
1306.6,2,1.0,37,3,Downtown,1.3,Yes,6.91990080131186,294700
1958.0,4,2.0,21,2,Suburban,7.5,Yes,3.2,338600
1452.3,3,2.0,4,2,Suburban,18.0,No,7.4,262300
1634.2,3,2.0,25,1,Suburban,8.8,Yes,5.0,288900
1816.3,3,1.0,28,2,Suburban,8.4,Yes,5.4,295800
1466.4,2,2.0,7,2,Downtown,0.4,No,7.003342538839317,321300
2198.0,4,3.0,19,2,Downtown,6.0,Yes,10.0,415800
2908.8,5,2.0,10,2,Suburban,18.5,No,9.0,440500
1641.2,2,1.0,60,1,Downtown,,Yes,7.45635520351092,272400
1743.2,3,1.0,0,3,Downtown,2.1,Yes,7.650696914654758,342000
1972.4,4,2.0,2,2,Downtown,3.7,Yes,8.949005751921218,397700
1350.8,2,1.0,0,1,Suburban,13.0,No,5.4,251000
1866.8,4,2.0,5,1,Downtown,1.5,No,6.83170804157024,363300
2156.5,4,2.0,6,1,Downtown,0.3,Yes,6.159071466054243,426400
1761.0,2,2.0,6,1,Downtown,2.4,Yes,7.8723407269093615,382500
1560.9,2,1.0,23,2,Suburban,11.8,Yes,3.8,264100
2159.4,4,3.0,31,1,Suburban,8.0,No,10.0,401900
1630.3,3,2.0,11,2,Rural,33.5,Yes,5.5,241600
2260.2,4,3.0,14,3,Rural,30.6,Yes,4.7,337700
1310.9,2,1.0,4,1,Suburban,13.3,Yes,6.5,267900
1906.3,4,2.0,23,1,Downtown,1.2,No,5.820686334348006,346300
2024.7,3,2.0,1,1,Suburban,14.6,Yes,5.6,374100
2010.9,5,3.0,27,2,Suburban,11.1,Yes,6.8,390800
2612.2,5,3.0,36,2,Downtown,5.0,Yes,6.379468346233248,449400
2061.1,4,3.0,22,1,Suburban,9.9,Yes,3.6,341000
2092.7,5,3.0,23,2,Suburban,16.1,No,6.2,369800
1974.6,4,3.0,34,1,Suburban,15.4,Yes,8.0,377200
2487.1,4,3.0,20,1,Suburban,22.1,Yes,5.0,414300
1704.8,3,3.0,20,2,Suburban,17.0,Yes,8.9,324500
2122.1,4,2.0,20,1,Suburban,14.1,Yes,4.1,352300
1261.9,3,3.0,5,2,Downtown,0.2,No,6.016563390391702,289400
2280.4,5,3.0,31,2,Suburban,16.4,Yes,7.4,431700
1690.0,2,1.0,23,1,Downtown,1.0,Yes,7.171139826331209,330000
2245.9,3,2.0,30,2,Downtown,3.4,Yes,8.236086638994221,408500
2195.7,6,4.0,48,1,Downtown,7.3,No,6.103393101067862,407800
1261.4,1,1.0,26,2,Suburban,9.5,Yes,8.9,246000
1305.0,1,1.0,26,2,Suburban,12.0,Yes,5.8,228000
1733.6,3,2.0,34,1,Suburban,13.2,Yes,8.7,278800
3175.3,6,4.0,22,1,Downtown,0.9,No,6.117074205579765,593400
2264.0,4,3.0,10,1,Suburban,13.5,Yes,5.6,455000
1234.6,2,1.0,24,1,Suburban,5.9,Yes,9.6,239400
1532.0,2,2.0,60,2,Suburban,8.9,Yes,,260700
1771.6,4,2.0,9,2,Suburban,8.5,No,8.8,320000
2248.2,4,2.0,22,2,Suburban,10.2,Yes,9.1,406600
2032.9,3,1.0,16,1,Suburban,13.5,Yes,1.6,344100
1305.3,1,1.0,5,2,Rural,,Yes,3.6,172800
1609.6,4,3.0,12,1,Suburban,16.5,No,5.1,300400
1957.6,3,1.0,42,2,Suburban,9.5,Yes,4.0,307900
1831.4,4,3.0,4,1,Suburban,13.9,Yes,5.8,351300
2571.3,5,4.0,0,2,Suburban,12.7,Yes,8.8,497200
2243.7,4,3.0,24,2,Suburban,10.2,Yes,,396300
1365.0,1,1.0,18,2,Rural,27.7,Yes,6.6,182200
1599.3,4,2.0,4,1,Downtown,0.2,No,7.83800346147852,347300
1507.2,3,2.0,13,2,Suburban,17.6,Yes,7.9,283500
2168.1,5,3.0,23,1,Suburban,12.1,Yes,6.8,421700
1661.2,3,1.0,30,2,Downtown,0.8,No,4.198136438134258,307900
1790.1,3,2.0,11,1,Rural,32.5,No,8.3,268300
1405.9,3,2.0,8,2,Suburban,11.1,Yes,6.2,296100
3050.7,6,4.0,15,1,Downtown,1.7,No,9.996986641474752,609200
2165.4,4,2.0,15,2,Suburban,10.4,Yes,8.4,388800
1497.8,2,1.0,8,1,Downtown,3.1,Yes,5.445614352828332,302100
1552.1,2,1.0,43,2,Downtown,6.8,Yes,6.194723435553532,298100
1639.8,4,4.0,19,1,Suburban,16.2,No,5.9,304200
2205.1,3,3.0,8,2,Suburban,14.6,Yes,5.4,388100
1604.2,2,1.0,11,1,Rural,19.7,Yes,6.4,254400
1918.7,3,3.0,41,2,Rural,32.2,Yes,4.7,256400
2008.0,3,2.0,25,3,Downtown,0.7,Yes,6.7394128761802765,384000
1658.6,3,2.0,10,1,Rural,27.4,Yes,6.4,255100
1512.2,2,1.0,15,2,Downtown,5.0,Yes,9.347368887957455,296600
1216.1,3,2.0,4,1,Suburban,10.0,No,7.5,241800
2510.7,4,3.0,13,2,Suburban,11.6,Yes,7.6,440400
1255.9,1,1.0,12,2,Downtown,0.8,No,9.704862952724657,251300
1019.8,2,1.0,10,1,Rural,40.6,Yes,8.2,162500
2031.5,4,3.0,4,3,Downtown,5.5,Yes,3.251997629453937,396300
1943.5,4,4.0,6,1,Suburban,10.2,Yes,4.7,388500
2765.0,5,3.0,5,1,Suburban,14.2,Yes,5.8,490600
1053.1,4,2.0,7,2,Rural,21.3,Yes,9.6,211100
1510.2,3,2.0,16,2,Rural,31.8,No,6.0,233300
1863.8,4,3.0,21,1,Downtown,2.2,No,6.473104428045966,337200
4070.5,7,5.0,0,1,Suburban,11.8,No,6.3,667200
4108.4,6,4.0,5,2,Downtown,0.3,Yes,5.586355847407966,716500
1211.4,2,2.0,57,2,Rural,35.8,Yes,4.6,153500
1760.2,4,2.0,1,2,Rural,40.4,No,7.3,266000
1381.0,2,2.0,8,2,Suburban,5.7,No,3.5,307400
2066.3,4,2.0,9,2,Suburban,9.6,Yes,6.6,356200
1879.1,4,3.0,33,1,Rural,15.5,Yes,5.8,328700
2449.2,5,4.0,6,1,Suburban,8.5,Yes,5.8,466300
1911.5,4,2.0,4,2,Downtown,1.7,Yes,5.743983198661637,402600
2807.0,5,4.0,46,2,Suburban,15.6,Yes,8.7,489700
1762.1,4,2.0,23,1,Suburban,9.6,Yes,4.5,296200
1877.5,5,4.0,20,1,Suburban,12.5,No,6.4,365400
1365.3,3,2.0,12,2,Suburban,5.0,Yes,6.4,271600
2120.5,3,2.0,60,1,Suburban,17.2,Yes,3.1,301500
2599.6,5,2.0,16,1,Rural,31.9,Yes,6.2,380700
2075.3,5,3.0,14,2,Suburban,11.4,Yes,4.5,408700
1683.8,3,1.0,52,1,Suburban,4.4,No,7.6,265900
1492.8,4,2.0,7,3,Rural,39.8,Yes,9.0,245800
2204.8,4,2.0,11,2,Downtown,0.2,Yes,8.581816544681176,406600
1553.4,3,3.0,1,2,Rural,26.9,No,4.8,241400
3021.3,5,3.0,5,2,Downtown,5.2,Yes,5.712431854606152,525600
1278.6,2,1.0,28,2,Downtown,5.8,Yes,4.89085238264454,279100
2783.1,5,2.0,5,2,Downtown,1.8,Yes,7.579999147669046,584000
2004.6,3,2.0,6,2,Suburban,14.3,Yes,4.1,373900
1571.4,3,2.0,28,2,Rural,29.3,Yes,6.6,244600
1387.2,3,2.0,11,1,Downtown,0.5,Yes,7.095590843675707,329400
1831.2,4,2.0,20,2,Downtown,2.0,Yes,4.517221662277891,386800
2086.7,4,3.0,19,1,Rural,25.0,Yes,7.9,295100
1654.0,3,3.0,6,2,Suburban,14.6,No,6.9,325700
1709.2,4,3.0,0,1,Suburban,6.2,Yes,5.4,360600
934.6,2,2.0,6,1,Downtown,3.6,No,4.591103446983533,245000
2310.2,5,4.0,4,1,Suburban,12.5,Yes,6.5,421800
2259.9,4,3.0,9,2,Suburban,6.7,No,7.9,372900
1158.1,2,2.0,2,1,Downtown,1.0,Yes,6.9926652232559645,277900
1686.2,3,2.0,5,2,Downtown,4.2,Yes,4.449218923789379,375300
2323.5,5,3.0,15,2,Suburban,4.2,Yes,5.3,362600
3967.4,6,4.0,27,2,Suburban,7.7,Yes,7.6,587500
1501.3,2,2.0,8,1,Downtown,3.9,Yes,6.1313914698903655,296000
1050.4,1,1.0,14,2,Suburban,7.6,Yes,7.2,232200
1067.5,2,2.0,7,2,Downtown,1.0,No,5.565142033977329,264600
1637.4,4,2.0,23,2,Suburban,13.5,Yes,5.4,275100
2811.7,5,3.0,0,2,Suburban,7.7,Yes,5.8,456000
1442.6,2,1.0,17,3,Downtown,2.4,Yes,8.287118592619457,312100
1673.4,3,2.0,1,2,Rural,21.8,Yes,6.8,315400
1968.7,3,2.0,10,2,Downtown,0.2,No,7.28021413573794,441600
1604.2,4,3.0,2,2,Downtown,1.3,Yes,8.916763180542764,374900
2458.0,6,4.0,17,1,Rural,21.8,Yes,4.6,454900
1441.1,3,2.0,3,1,Rural,31.0,Yes,4.7,233000
1766.8,3,2.0,10,2,Suburban,7.3,Yes,7.6,312600
1214.8,2,1.0,7,1,Rural,23.4,No,4.1,184500
1019.8,2,2.0,35,2,Downtown,0.2,Yes,8.52828516974744,235100
1578.8,3,2.0,4,2,Downtown,3.3,Yes,6.489380588612844,347500
2409.3,6,4.0,7,1,Rural,38.6,Yes,4.3,386900
2053.2,5,3.0,28,1,Suburban,10.9,Yes,9.6,340600
2310.1,5,3.0,5,1,Rural,29.3,Yes,8.2,373000
1697.2,3,2.0,8,2,Suburban,9.0,Yes,7.2,344000
2375.6,6,4.0,6,2,Downtown,2.8,Yes,8.603828242795522,497200
2266.4,3,,9,2,Rural,49.5,Yes,6.3,277900
1875.8,4,2.0,6,1,Suburban,17.8,Yes,4.0,352000
1572.3,3,,19,1,Suburban,17.0,No,6.1,255100
1749.8,2,2.0,14,1,Downtown,0.6,Yes,4.54743072985172,369700
1923.3,4,2.0,6,2,Suburban,5.8,Yes,3.9,388200
2097.8,5,3.0,11,1,Suburban,7.5,Yes,4.4,392700
1648.0,3,2.0,26,1,Suburban,11.4,Yes,5.1,289100
2145.9,2,1.0,20,2,Rural,21.5,Yes,5.2,268300
1487.1,2,1.0,7,2,Rural,9.8,Yes,5.5,241100
1308.0,3,3.0,33,2,Rural,18.9,No,5.2,196000
1978.9,4,1.0,1,1,Suburban,10.7,No,5.7,377800
1741.9,3,1.0,0,2,Downtown,1.7,Yes,2.0917499500815566,350700
977.3,2,2.0,12,1,Downtown,0.2,Yes,5.679476361826359,244500
818.7,1,1.0,31,1,Suburban,10.4,Yes,9.2,158200
1609.4,4,2.0,40,2,Suburban,14.5,Yes,7.1,259800
1814.1,3,2.0,24,2,Rural,38.1,Yes,9.5,268900
2643.0,5,3.0,8,2,Suburban,7.9,No,6.3,461000
1568.0,3,3.0,5,1,Suburban,9.9,No,4.2,310000
1333.9,3,3.0,53,2,Rural,18.2,Yes,8.5,205600
1868.8,4,3.0,28,2,Suburban,14.0,Yes,6.6,363000
3258.0,6,4.0,6,1,Suburban,16.6,Yes,5.4,572000
1730.7,4,3.0,0,1,Downtown,8.8,Yes,6.594151852556911,369800
1291.1,2,2.0,9,2,Downtown,0.9,No,7.510525219874892,291800
1684.6,4,3.0,3,2,Suburban,12.3,Yes,6.7,295800
1488.8,3,2.0,6,2,Suburban,11.9,Yes,,275500
2092.4,4,2.0,15,3,Downtown,2.9,Yes,6.573196469965365,407000
1402.6,3,2.0,12,2,Rural,27.2,Yes,6.7,213300
1176.2,1,1.0,35,1,Downtown,2.0,Yes,8.435416548476812,267800
1934.5,4,2.0,3,2,Rural,36.3,Yes,7.4,294900
1784.0,4,2.0,27,1,Suburban,8.4,Yes,5.8,329200
2119.5,2,1.0,15,2,Downtown,0.5,Yes,5.522696801239611,407400
2111.0,5,2.0,12,2,Downtown,1.5,No,5.434499633870946,455100
1574.5,3,1.0,8,2,Downtown,0.4,Yes,8.020510356424039,366600
1115.7,3,2.0,59,1,Downtown,0.5,Yes,7.331253177754591,247000
1113.8,3,2.0,26,2,Suburban,10.3,No,5.3,237000
2043.6,3,2.0,39,1,Suburban,7.4,Yes,6.3,323700
1718.2,2,2.0,14,1,Suburban,12.6,No,6.0,292900
2286.9,6,5.0,5,2,Rural,46.1,Yes,5.5,429200
839.3,1,1.0,3,2,Suburban,14.7,Yes,5.4,181500
1404.3,2,1.0,8,2,Suburban,20.0,No,9.1,262800
1968.5,3,1.0,2,3,Suburban,13.2,Yes,6.8,375500
1853.3,3,2.0,11,1,Downtown,3.2,Yes,5.051739241947232,391000
1841.0,3,3.0,0,2,Rural,34.6,Yes,6.2,315100
1163.9,2,1.0,32,2,Suburban,14.9,No,5.9,187300
1342.8,3,2.0,25,1,Suburban,12.1,Yes,5.0,244700
2741.6,5,4.0,7,2,Suburban,13.5,Yes,6.8,518100
1513.2,3,2.0,3,1,Suburban,14.7,No,4.4,294400
2640.2,6,4.0,14,1,Suburban,11.0,Yes,5.4,489500
2398.9,5,3.0,15,3,Downtown,0.2,Yes,3.1854407311396775,471900
1103.9,2,2.0,38,2,Downtown,3.7,Yes,7.361230404577671,250600
1442.8,2,1.0,5,2,Rural,41.9,Yes,4.4,192700
1540.6,2,2.0,60,1,Suburban,12.4,Yes,8.5,240200
955.4,3,3.0,1,2,Rural,33.9,Yes,6.0,189800
1555.3,2,1.0,7,1,Suburban,6.1,No,6.7,277600
1134.8,2,1.0,6,1,Suburban,6.4,Yes,7.5,245300
1903.1,3,2.0,2,2,Suburban,8.8,Yes,8.8,343000
1600.7,2,1.0,15,1,Suburban,17.6,Yes,2.7,272800
1340.1,3,2.0,3,1,Suburban,12.4,Yes,7.9,254600
1018.6,2,1.0,21,2,Rural,31.3,Yes,8.0,151800
1209.4,2,1.0,18,1,Downtown,0.4,Yes,8.43513403596886,271000
1868.5,4,3.0,2,1,Rural,37.9,Yes,6.7,281100
1491.3,2,2.0,5,1,Suburban,11.3,Yes,4.4,297300
1757.4,4,3.0,16,3,Suburban,14.4,Yes,4.0,341100
1218.5,2,1.0,5,3,Downtown,0.2,Yes,7.351101940863276,283000
1884.7,4,3.0,1,2,Suburban,16.9,Yes,6.4,359000
1439.6,3,2.0,14,2,Suburban,20.3,Yes,5.6,288500
2141.8,4,3.0,23,3,Suburban,12.1,Yes,10.0,353300
2060.6,3,2.0,60,3,Suburban,11.0,Yes,7.2,308600
1780.0,3,2.0,8,1,Suburban,10.0,No,6.7,365400
2183.7,4,4.0,10,2,Downtown,2.1,Yes,5.212389530138432,465900
769.5,1,1.0,10,2,Downtown,3.4,No,7.928222173334552,202200
1781.8,4,2.0,5,1,Suburban,8.3,Yes,5.6,344400
1815.7,4,3.0,0,2,Suburban,12.0,No,4.4,320000
1826.1,3,2.0,7,1,Downtown,2.5,Yes,7.25064264027508,359300
1584.0,5,3.0,2,1,Downtown,4.4,No,8.80776157527822,383200
1831.3,4,2.0,60,2,Suburban,6.2,Yes,9.3,290400
1865.8,4,3.0,6,2,Downtown,3.0,Yes,8.26064649272277,384200
2299.6,5,3.0,1,1,Downtown,0.6,Yes,6.246036903900816,474900
1207.1,2,1.0,37,1,Downtown,1.8,Yes,5.765733373924713,254200
1490.5,3,2.0,3,2,Suburban,5.9,Yes,5.3,311900
1689.9,3,2.0,11,1,Suburban,9.1,Yes,6.4,334700
2030.2,3,2.0,4,2,Downtown,0.3,No,8.57378876782951,411400
1462.0,2,2.0,35,2,Suburban,17.6,No,5.3,248300
1732.5,3,2.0,10,2,Downtown,2.4,Yes,9.241705165262907,336800
1082.1,2,2.0,15,2,Suburban,12.6,Yes,5.9,239000
1483.1,3,2.0,2,2,Suburban,13.8,No,9.6,277500
1502.2,2,1.0,11,1,Suburban,1.5,Yes,8.5,299800
2460.9,4,4.0,3,2,Suburban,12.8,Yes,5.7,426800
1373.5,3,1.0,1,3,Rural,22.7,Yes,2.8,257500
2926.0,6,4.0,11,1,Suburban,16.0,Yes,4.8,479400
2103.1,3,2.0,11,3,Suburban,14.2,Yes,7.2,371300
1844.8,5,3.0,53,2,Rural,19.9,Yes,7.2,274100
1999.6,3,2.0,4,1,Downtown,3.5,Yes,6.288063789920167,455200
1389.1,3,2.0,10,1,Downtown,0.9,No,6.650107714308457,287400
1961.4,3,1.0,1,2,Suburban,7.5,Yes,6.6,385900
1577.2,3,2.0,7,2,Downtown,1.2,Yes,8.18640855627797,329200
1482.8,3,2.0,2,2,Suburban,14.0,Yes,4.9,314300
1287.1,2,3.0,11,1,Rural,25.0,No,4.0,212400
1337.3,3,2.0,3,1,Rural,,Yes,8.5,209000
1845.7,4,3.0,9,2,Downtown,2.3,No,5.558791075432372,377300
1619.1,2,1.0,28,1,Suburban,13.9,No,5.2,255100
2440.3,6,3.0,20,1,Suburban,18.2,Yes,9.0,419900
1437.1,3,3.0,5,2,Downtown,0.4,No,5.6961538013021995,331000
1416.8,2,1.0,10,1,Downtown,5.7,No,4.868056195566788,313200
1849.0,2,1.0,21,1,Suburban,10.3,Yes,8.3,299900
1329.8,2,1.0,8,1,Suburban,5.2,Yes,7.3,256800
2183.5,4,3.0,20,1,Suburban,12.7,No,7.1,390300
1463.5,2,2.0,23,1,Suburban,13.2,No,4.6,268500
1532.7,2,1.0,13,2,Downtown,2.5,Yes,5.286380211042625,316100
1667.4,3,2.0,15,2,Rural,29.2,No,10.0,274500
1911.4,2,2.0,7,1,Downtown,0.6,Yes,6.552849031813351,352700
1588.0,3,2.0,57,1,Downtown,0.5,Yes,5.956676435017859,312200
1826.1,4,3.0,35,1,Suburban,11.1,No,7.5,306000
1966.9,4,3.0,8,1,Rural,,No,6.8,305400
1162.1,1,1.0,25,1,Suburban,10.3,Yes,3.7,232400
2884.4,6,4.0,24,1,Downtown,0.8,Yes,9.95535536705966,580800
1399.8,3,2.0,13,1,Suburban,10.8,Yes,9.9,312700
2513.8,5,3.0,6,1,Rural,19.2,Yes,5.9,411900
1633.9,4,3.0,8,1,Downtown,4.1,Yes,5.737110393494762,354700
1336.5,3,2.0,13,1,Downtown,0.6,Yes,8.35812813996597,282200
2030.2,4,2.0,5,1,Downtown,2.4,Yes,3.64703710385926,433500
1977.1,2,1.0,24,1,Suburban,10.0,No,3.0,315100
2113.2,4,2.0,16,1,Downtown,1.5,Yes,7.66057060417121,395900
2013.5,3,1.0,3,1,Downtown,1.8,Yes,5.448803234067452,377800
846.8,2,3.0,18,2,Suburban,10.6,Yes,5.0,219300
1934.3,3,2.0,10,2,Downtown,2.0,No,5.911259154283901,408000
2088.0,3,2.0,11,1,Suburban,12.7,No,7.2,353100
2236.6,4,2.0,2,1,Rural,32.0,No,,325900
2195.7,5,3.0,11,2,Suburban,9.6,No,4.8,424000
871.8,2,2.0,3,1,Suburban,10.5,No,1.7,201500
1033.0,2,1.0,18,2,Suburban,14.3,Yes,8.4,181300
1852.0,3,1.0,19,2,Suburban,10.7,Yes,6.2,310600
1424.7,3,3.0,26,1,Suburban,16.3,Yes,6.8,283800
1600.8,4,2.0,60,1,Suburban,16.9,Yes,6.3,249100
1006.8,3,2.0,1,3,Rural,,Yes,4.1,215000
2732.6,4,3.0,4,2,Suburban,10.4,Yes,7.1,463300
2381.1,3,2.0,9,2,Suburban,11.0,Yes,7.9,413400
1590.2,3,3.0,2,2,Rural,28.1,Yes,7.3,258000
1223.1,3,3.0,8,1,Downtown,4.8,Yes,7.416643275117546,274200
738.4,2,2.0,3,2,Suburban,9.9,Yes,4.9,190500
1268.5,3,2.0,8,2,Suburban,15.7,Yes,8.3,256500
1610.5,3,2.0,21,2,Suburban,14.4,Yes,5.1,309900
1873.3,4,1.0,32,1,Suburban,11.5,No,6.4,296300
1781.7,2,1.0,0,3,Downtown,0.2,Yes,8.291968354446368,363500
1116.5,2,1.0,6,1,Suburban,8.3,Yes,7.6,235000
1669.7,3,2.0,8,1,Suburban,17.9,Yes,7.8,324300
2315.9,5,4.0,11,3,Suburban,13.6,Yes,2.7,415300
2185.9,4,2.0,5,2,Rural,18.5,No,7.6,364100
1983.9,4,3.0,1,2,Downtown,3.6,No,7.945168966124054,450900
1760.0,4,2.0,28,2,Suburban,12.9,No,6.0,259600
1882.7,4,2.0,2,1,Suburban,13.2,Yes,5.3,361800
1606.6,3,2.0,5,2,Suburban,7.1,No,6.4,327600
1000.0,3,2.0,8,2,Suburban,9.3,No,6.3,209500
1824.7,3,1.0,2,2,Suburban,12.0,No,6.4,318000
1729.9,2,1.0,30,1,Rural,29.1,Yes,6.3,227500
1416.8,2,1.0,2,1,Suburban,13.3,Yes,6.3,261300
1541.1,3,2.0,25,1,Downtown,3.5,No,4.8016298573812435,312800
3582.5,6,4.0,2,2,Rural,37.2,Yes,10.0,574300
3248.7,6,4.0,42,1,Rural,15.9,No,5.9,519200
1814.6,3,2.0,2,1,Suburban,5.9,Yes,7.2,360900
2276.8,4,3.0,20,2,Downtown,0.8,No,6.307959036882718,384300
2165.0,4,3.0,5,2,Downtown,3.0,Yes,6.236414678199878,421800
2079.3,3,3.0,14,2,Rural,,No,2.7,311200
1521.6,3,1.0,2,2,Rural,34.7,Yes,5.6,233300
2789.8,5,3.0,6,1,Suburban,6.7,No,6.5,524600
1880.6,3,3.0,19,2,Rural,26.3,Yes,6.3,288300
2080.7,4,2.0,4,1,Suburban,11.7,No,5.3,369100
1168.3,3,2.0,13,1,Suburban,13.0,Yes,5.6,265500
1614.9,2,2.0,0,1,Downtown,0.4,Yes,8.903430267365636,320400
1233.3,3,1.0,4,1,Rural,16.6,No,4.6,227100
1300.1,2,2.0,2,3,Suburban,18.0,Yes,7.3,270100
1365.3,2,2.0,12,1,Suburban,19.1,Yes,8.4,232400
1421.7,3,2.0,17,2,Rural,39.3,Yes,6.2,246400
1530.2,2,1.0,13,1,Suburban,15.2,Yes,4.6,257100
1148.0,2,2.0,31,3,Downtown,1.4,No,9.928874272735722,241600
1385.2,3,2.0,15,1,Downtown,3.6,Yes,7.361495673772901,313100
1947.9,3,2.0,9,2,Suburban,10.3,Yes,8.3,339900
1362.0,4,2.0,39,1,Suburban,12.7,Yes,5.6,278100
2005.6,4,2.0,26,1,Suburban,18.5,No,9.0,303000
1630.5,3,3.0,17,1,Suburban,14.1,Yes,3.3,297300
1851.8,3,1.0,4,2,Rural,30.0,Yes,5.8,262400
1357.2,2,2.0,11,1,Suburban,12.5,Yes,5.0,278300
778.2,1,1.0,36,2,Suburban,11.9,Yes,3.9,155700
1752.4,4,3.0,8,1,Suburban,13.7,No,6.6,321100
2888.9,6,4.0,34,1,Suburban,15.7,Yes,5.4,518000
2097.2,3,2.0,5,2,Rural,31.2,Yes,5.6,321200
2439.1,3,3.0,5,1,Downtown,0.8,Yes,6.780163292724062,495200
1960.5,3,2.0,1,1,Suburban,6.0,Yes,5.5,356700
1885.7,3,2.0,7,1,Downtown,0.6,Yes,8.180878942080751,368300
1625.2,2,2.0,27,2,Downtown,4.9,Yes,8.819781502649597,330000
1293.4,3,2.0,8,2,Suburban,12.0,Yes,7.8,276200
1610.8,4,3.0,60,3,Suburban,10.6,Yes,6.6,226400
1225.8,1,1.0,19,2,Downtown,0.9,No,4.723011176446296,263900
2000.0,3,2.0,5,3,Downtown,2.1,Yes,5.467538067606449,358000
1322.7,3,3.0,58,1,Downtown,12.4,Yes,3.7956855638736036,255200
1479.0,3,2.0,22,2,Suburban,11.6,No,6.9,252300
947.6,1,1.0,9,1,Downtown,2.1,Yes,5.772151463720587,232700
1625.0,3,2.0,3,2,Downtown,4.8,No,6.821305873649557,344200
1777.3,4,2.0,2,2,Suburban,10.1,Yes,4.9,344700
1607.8,3,2.0,2,3,Suburban,12.5,No,4.0,251400
1630.3,3,3.0,7,2,Downtown,0.8,Yes,5.793267691470821,380800
774.6,2,1.0,22,2,Rural,23.2,No,7.2,128300
1914.2,2,2.0,53,2,Suburban,13.9,Yes,5.5,288900
1264.9,1,1.0,6,2,Suburban,10.3,No,8.4,238200
2625.8,4,2.0,7,2,Suburban,9.0,Yes,8.2,454200
2363.6,4,3.0,6,1,Rural,28.4,Yes,5.1,359200
1572.3,4,2.0,1,2,Suburban,18.4,Yes,5.3,348400
2455.4,4,3.0,29,2,Suburban,13.2,Yes,6.2,439300
1534.2,3,1.0,10,1,Rural,32.1,Yes,9.8,211600
2558.5,5,4.0,12,2,Downtown,0.2,No,4.438913032420995,502600
1926.0,2,1.0,23,2,Suburban,11.7,No,6.9,280900
2105.0,3,2.0,30,1,Suburban,14.1,Yes,4.3,308300
2049.2,4,2.0,20,2,Suburban,10.0,No,7.5,371500
1904.4,3,2.0,31,2,Downtown,0.2,Yes,3.8101181884547644,347100
2159.6,4,2.0,41,1,Downtown,2.7,Yes,3.7503195081933587,392600
2175.3,3,3.0,2,1,Suburban,18.3,Yes,8.2,366500
1271.1,3,1.0,3,1,Suburban,9.5,Yes,6.6,263100
1753.8,3,2.0,16,1,Suburban,12.3,No,4.2,292500
2426.4,5,4.0,12,2,Downtown,2.2,Yes,7.8332327157326045,485800
2075.9,4,2.0,35,3,Downtown,0.2,Yes,7.804059527992933,387300
1594.9,3,2.0,31,2,Downtown,7.4,Yes,5.4469077863982305,292000
1444.7,3,2.0,8,1,Suburban,13.7,No,7.7,301400
1778.6,2,1.0,54,2,Downtown,1.4,Yes,7.002590596850681,307500
1742.8,5,,20,2,Suburban,13.5,Yes,6.6,327000
1440.0,2,1.0,42,2,Rural,22.0,Yes,6.8,196600
1356.8,2,1.0,19,2,Suburban,13.4,Yes,8.5,251500
1361.3,3,1.0,15,1,Rural,40.2,Yes,7.6,196100
1676.2,3,2.0,25,1,Suburban,7.5,Yes,4.4,300300
3017.6,5,4.0,1,2,Rural,37.8,Yes,7.5,673700
2574.9,5,3.0,8,2,Rural,25.9,Yes,4.6,367600
1906.1,3,2.0,24,1,Rural,40.6,Yes,7.9,262100
1775.2,4,2.0,2,1,Downtown,1.7,No,6.835712697020289,355900
1573.5,2,2.0,22,1,Rural,18.2,Yes,4.8,252400
2638.2,5,2.0,34,2,Suburban,12.4,No,4.9,404400
1707.1,5,4.0,3,2,Rural,29.8,Yes,7.0,310100
1735.7,3,2.0,12,1,Downtown,2.4,Yes,5.544485964888704,389400
3288.2,7,5.0,1,2,Suburban,19.5,No,5.2,565700
1660.3,4,2.0,5,1,Suburban,13.3,Yes,5.2,328100
2539.6,4,2.0,1,1,Rural,23.1,Yes,4.6,372300
2400.3,5,4.0,38,2,Suburban,13.0,Yes,5.9,408300
1612.9,2,1.0,20,3,Suburban,12.9,Yes,6.1,280500
1939.7,3,2.0,1,2,Suburban,17.7,No,7.3,329100
1671.8,2,,2,1,Suburban,12.2,Yes,5.4,307100
1736.9,4,2.0,15,1,Suburban,9.1,No,7.1,352300
1344.5,1,1.0,19,2,Suburban,13.5,Yes,4.1,267700
1646.5,3,1.0,13,2,Suburban,7.4,Yes,4.1,304600
1532.7,3,2.0,25,2,Suburban,14.9,No,6.1,271200
1923.5,4,2.0,14,2,Rural,28.9,Yes,6.1,279600
1748.1,3,3.0,3,2,Suburban,17.2,Yes,7.5,338300
1689.5,3,2.0,1,2,Rural,,No,4.1,291800
1722.4,3,3.0,2,2,Suburban,12.6,Yes,7.7,343200
1812.0,3,2.0,28,1,Downtown,2.2,Yes,5.841169692510173,346700
1689.7,4,2.0,9,1,Downtown,7.7,Yes,5.96345923844653,368700
1915.2,4,2.0,11,1,Rural,,No,7.6,277800
1683.8,2,1.0,1,1,Suburban,14.7,No,4.4,298000
1698.1,2,1.0,45,2,Downtown,5.2,No,8.25658046723404,296200
3798.1,4,3.0,0,2,Downtown,0.2,Yes,5.973284457902484,1252500
2886.2,5,3.0,4,1,Downtown,5.1,Yes,8.77144641427034,474600
960.1,1,1.0,4,2,Rural,24.0,Yes,7.7,169900
2105.4,4,3.0,7,1,Suburban,11.6,No,5.0,393300
1819.2,3,2.0,11,1,Suburban,12.5,Yes,3.5,297500
1881.9,3,3.0,4,1,Downtown,1.1,Yes,7.0484781009124005,373300
1146.1,1,1.0,7,1,Rural,30.7,Yes,6.3,175000
2007.0,3,1.0,13,1,Downtown,5.6,Yes,4.178196064028143,371900
2478.8,4,2.0,20,2,Suburban,3.4,Yes,8.6,416900
1714.5,2,1.0,37,1,Rural,22.7,Yes,6.6,219600
1365.7,3,2.0,60,2,Downtown,5.1,Yes,6.250978162796349,291000
3427.9,5,3.0,6,2,Suburban,6.5,Yes,6.1,565700
2059.0,3,1.0,11,1,Downtown,0.8,Yes,8.02991006316225,378300
1480.5,3,2.0,12,2,Suburban,6.2,No,6.7,314400
846.4,1,1.0,8,1,Downtown,4.1,No,6.787782289320773,207700
1426.4,3,1.0,15,1,Rural,28.1,Yes,5.0,206100
1114.6,3,3.0,2,1,Rural,37.5,Yes,6.1,205200
1356.3,3,2.0,6,1,Suburban,14.9,Yes,7.9,274000
1621.1,3,2.0,10,2,Suburban,,Yes,7.0,332600
1119.0,2,1.0,31,1,Suburban,15.2,No,6.5,186900
1115.2,3,2.0,20,2,Suburban,15.5,No,4.9,232600
1474.3,2,1.0,5,2,Suburban,10.5,Yes,6.7,284300
1694.5,3,3.0,13,1,Downtown,0.4,No,8.883060145673227,364000
2690.9,4,3.0,3,1,Rural,28.0,Yes,7.2,371300
1640.8,4,3.0,9,2,Downtown,0.3,No,6.070642575955358,365000
2334.5,4,4.0,27,2,Downtown,0.9,No,7.371792543913167,424200
1715.4,4,3.0,15,2,Downtown,2.7,Yes,6.712442149802581,375200
1661.5,3,2.0,10,2,Suburban,14.3,Yes,7.5,298600
1964.7,4,3.0,9,1,Suburban,4.3,Yes,4.2,356400
2430.2,5,3.0,13,1,Downtown,3.5,Yes,,494900
1877.5,3,3.0,9,2,Suburban,11.4,No,6.7,327100
2210.8,3,3.0,5,2,Suburban,13.2,No,9.6,359400
2018.6,3,2.0,0,1,Suburban,11.0,Yes,2.5,360400
1986.8,4,2.0,6,1,Suburban,14.8,Yes,8.4,384400
1769.9,2,1.0,10,1,Suburban,11.5,Yes,5.2,324400
1805.4,3,2.0,9,2,Downtown,7.2,Yes,4.127194769079183,416400
1517.4,3,2.0,5,1,Suburban,10.1,Yes,8.4,290300
1080.2,2,1.0,15,2,Downtown,0.6,Yes,5.253307717313175,269900
1879.2,4,1.0,10,1,Rural,32.9,Yes,6.8,297600
2478.0,4,3.0,38,1,Suburban,11.2,Yes,9.3,389100
1577.8,2,1.0,34,1,Downtown,2.5,No,7.9709569047745985,303600
1375.4,3,2.0,41,2,Downtown,1.3,Yes,3.5456021094540167,305400
1346.9,3,2.0,13,1,Downtown,1.0,Yes,3.489398183505295,343500
1154.7,3,2.0,21,2,Downtown,1.5,Yes,3.0024834500483832,311200
2665.4,4,3.0,9,2,Downtown,1.8,No,4.848706610632956,540900
1432.0,2,1.0,22,1,Suburban,8.7,Yes,7.4,245500
2322.3,4,3.0,19,1,Downtown,3.3,Yes,5.448533881471116,468100
2178.8,4,3.0,4,1,Suburban,11.9,No,7.8,378500
1993.3,3,2.0,6,2,Suburban,14.0,Yes,5.1,300100
1830.8,4,2.0,60,3,Downtown,3.3,Yes,9.63225666702609,358600
1616.4,2,1.0,17,3,Suburban,20.0,Yes,9.0,284600
2158.2,4,3.0,5,2,Downtown,3.5,No,6.438702365300234,413200
2704.9,5,4.0,19,3,Suburban,8.3,No,5.1,437900
1565.3,2,2.0,3,1,Suburban,15.2,Yes,4.6,294100
1851.5,4,4.0,5,2,Downtown,1.0,Yes,5.688572065488599,406400
2634.6,5,3.0,4,2,Downtown,2.3,Yes,10.0,461200
1677.4,3,2.0,27,1,Rural,25.9,No,4.2,220500
1669.0,3,2.0,19,2,Downtown,1.8,Yes,5.736146361767532,353800
1312.9,2,1.0,60,1,Rural,17.3,No,8.2,148200
2290.0,5,4.0,5,2,Rural,37.6,No,7.4,340400
2147.6,3,2.0,18,2,Suburban,8.8,Yes,8.4,427900
1615.5,4,2.0,28,1,Suburban,6.9,No,8.8,348700
2068.6,4,2.0,5,2,Downtown,0.9,No,7.298407306152369,457400
1475.8,3,2.0,27,1,Suburban,10.0,No,6.3,283100
1672.9,3,2.0,3,3,Suburban,16.0,Yes,6.5,346300
1967.8,4,3.0,18,2,Suburban,12.1,Yes,6.8,347000
1422.6,3,1.0,6,1,Suburban,12.3,Yes,5.1,291900
1136.6,2,2.0,23,3,Rural,38.3,Yes,6.1,161400
4140.5,7,5.0,3,3,Downtown,3.0,Yes,6.254694176206572,797100
1875.7,3,2.0,1,1,Downtown,4.8,Yes,4.772966055350985,386300
1817.6,4,2.0,7,3,Suburban,17.0,Yes,2.4,342800
1423.7,3,2.0,2,3,Suburban,13.9,Yes,6.1,307900
3019.5,5,4.0,19,2,Suburban,14.4,No,7.6,463700
1457.0,2,2.0,9,1,Suburban,7.3,Yes,9.4,286900
2326.3,6,4.0,19,2,Rural,23.8,No,7.3,386200
2022.7,4,2.0,6,2,Suburban,10.0,No,5.0,361900
1711.0,2,2.0,3,3,Downtown,0.5,No,8.65125374912931,356400
1165.5,1,1.0,4,2,Rural,28.0,Yes,4.9,170300
2164.0,4,3.0,0,1,Downtown,,No,6.416426893397014,434500
2056.6,3,1.0,38,1,Downtown,2.2,Yes,6.749680206873563,348600
1973.3,4,3.0,1,1,Suburban,10.8,No,5.1,377200
1720.2,3,3.0,4,2,Downtown,1.2,No,4.049637071863229,356600
2027.2,3,2.0,1,1,Suburban,14.2,Yes,6.9,356000
936.3,2,1.0,9,2,Downtown,0.2,Yes,7.10409907311835,275200
1955.1,3,2.0,1,1,Suburban,9.5,No,9.7,363200
3168.7,4,3.0,23,1,Rural,34.9,Yes,2.3,514300
2971.8,6,4.0,2,2,Suburban,10.7,Yes,5.3,542900
1756.8,3,3.0,8,1,Downtown,1.7,Yes,5.2545277652306295,371000
2195.6,4,2.0,8,1,Suburban,11.5,Yes,9.1,413000
1831.4,4,2.0,9,1,Downtown,6.0,Yes,5.494925266679616,384300
1397.0,3,2.0,9,1,Downtown,5.6,No,5.212427310425631,337200
2029.0,3,3.0,6,1,Suburban,11.2,No,5.9,375200
1969.9,3,3.0,10,2,Suburban,10.0,Yes,7.9,391200
3371.0,7,5.0,32,1,Downtown,5.0,Yes,8.193203972373464,706900
1938.4,3,2.0,13,1,Suburban,10.7,Yes,6.7,315900
1027.4,2,1.0,26,1,Suburban,20.5,Yes,4.0,184100
1548.5,2,2.0,27,2,Suburban,13.8,Yes,6.8,264200
2961.8,5,4.0,1,3,Rural,31.9,Yes,,427200
1708.9,3,2.0,25,2,Downtown,0.9,No,6.566193991046898,301000
2074.6,4,3.0,22,1,Rural,19.4,No,6.3,326600
1770.9,3,3.0,3,2,Downtown,1.7,No,6.421963523062169,352700
1305.1,3,2.0,3,1,Suburban,16.0,No,4.1,285300
1624.5,4,3.0,1,2,Suburban,16.0,Yes,4.2,305600
1473.1,4,3.0,25,2,Downtown,1.8,Yes,4.7950834540884735,343400
1318.6,3,2.0,18,1,Downtown,1.4,No,6.3092334360182445,287600
1061.1,2,2.0,21,3,Suburban,12.8,Yes,5.6,242800
1116.6,2,2.0,16,1,Downtown,0.7,Yes,5.550309892017173,277300
1274.6,3,3.0,4,2,Suburban,9.9,Yes,5.5,278500
1432.3,2,2.0,2,1,Suburban,11.1,No,6.8,253300
2456.1,5,3.0,10,2,Downtown,0.3,No,8.183388255711167,482200
1989.1,4,3.0,0,1,Suburban,15.3,Yes,8.5,351500
1574.5,3,2.0,21,2,Suburban,7.6,No,5.9,307600
1635.1,3,2.0,7,2,Downtown,5.3,No,8.634857602348946,322200
1844.7,4,3.0,3,2,Suburban,12.3,No,5.0,367100
2721.0,5,3.0,4,1,Suburban,7.0,Yes,7.9,494300
1674.0,3,2.0,10,3,Suburban,10.6,Yes,9.3,341900
1182.3,3,2.0,20,1,Suburban,14.6,Yes,5.9,217200
1741.9,3,2.0,19,1,Downtown,1.8,Yes,9.549589522709313,355800
1859.3,3,2.0,22,1,Rural,35.1,Yes,7.1,259500
2053.1,4,3.0,19,2,Downtown,6.6,No,8.70691443870576,441100
1415.9,3,2.0,3,2,Rural,41.1,No,7.5,202900
1716.0,3,1.0,6,3,Downtown,1.0,Yes,8.54218326106401,388400
2652.6,5,3.0,1,2,Downtown,4.3,No,8.419828745817814,466100
1670.3,2,1.0,45,2,Downtown,2.5,Yes,5.680455454453781,285700
1755.0,3,2.0,11,2,Suburban,12.5,No,9.0,312000
1535.8,3,2.0,12,1,Rural,36.5,Yes,8.2,214600
1610.6,3,1.0,25,2,Downtown,2.1,Yes,6.74838871203148,272600
1107.8,2,2.0,8,2,Downtown,0.2,Yes,7.025508020491295,281300
1457.0,2,1.0,33,1,Downtown,1.4,Yes,3.3006875131281443,303500
1907.8,1,1.0,17,2,Rural,29.4,Yes,6.6,417100
1757.6,5,3.0,38,2,Suburban,15.7,Yes,4.6,352600
1854.5,4,3.0,15,1,Rural,27.9,Yes,7.7,265900
2053.8,4,3.0,4,1,Suburban,9.7,No,7.5,430700
1975.9,3,2.0,5,1,Downtown,2.5,Yes,4.8799897036066655,384200
1949.6,4,4.0,4,3,Rural,16.2,Yes,9.3,360800
1933.5,3,2.0,13,2,Rural,26.7,Yes,6.8,289700
1622.0,3,2.0,34,2,Suburban,15.6,No,7.2,264200
1967.4,3,2.0,21,2,Suburban,12.9,Yes,9.8,314600
2102.6,4,3.0,2,2,Suburban,13.3,Yes,8.6,401100
1442.0,3,2.0,4,3,Suburban,14.3,Yes,6.6,296700
1285.9,3,1.0,53,2,Rural,21.9,No,6.0,171200
1581.4,2,1.0,6,1,Suburban,11.5,Yes,7.7,292600
2047.2,3,2.0,5,1,Downtown,6.3,No,6.393309196480924,400600
1675.4,3,2.0,22,2,Downtown,0.4,Yes,6.545736637649695,341600
1512.4,3,2.0,49,1,Rural,38.4,Yes,6.7,182400
1247.2,2,2.0,4,2,Rural,32.8,Yes,8.6,198200
1678.3,4,1.0,7,1,Suburban,6.0,Yes,6.3,298800
1637.4,3,2.0,6,1,Rural,25.8,Yes,6.4,250200
3086.4,5,3.0,20,1,Downtown,0.2,Yes,9.552489108236752,464600
2432.6,3,2.0,3,1,Downtown,1.6,No,,460900
1985.6,4,2.0,12,1,Rural,33.4,Yes,6.0,316700
1896.1,3,3.0,12,1,Suburban,11.2,Yes,8.9,340200
2262.2,4,3.0,7,2,Suburban,9.1,Yes,8.1,401100
2899.9,5,3.0,5,2,Downtown,1.2,Yes,9.243425833143593,504700
2002.5,4,3.0,37,1,Rural,23.5,Yes,6.7,280400
1816.2,3,2.0,21,1,Downtown,2.4,No,5.481512983637397,308900
1783.2,2,1.0,7,2,Rural,33.8,Yes,4.5,283600
1129.0,3,2.0,11,1,Suburban,12.9,Yes,7.1,246300
1129.1,2,1.0,33,1,Suburban,16.6,Yes,7.0,187900
1312.1,3,1.0,3,1,Rural,25.3,No,4.5,208500
1508.8,3,3.0,37,2,Suburban,13.0,Yes,6.3,299300
2452.7,5,3.0,29,3,Suburban,10.9,No,4.7,400400
2269.3,4,3.0,30,2,Suburban,16.6,Yes,6.1,374700
1682.6,2,1.0,1,1,Downtown,6.3,No,7.9692086974647784,335100
1792.1,3,2.0,3,1,Suburban,14.6,No,6.3,289100
1714.0,3,2.0,10,2,Suburban,13.2,Yes,7.4,303700
2197.0,4,3.0,21,2,Downtown,0.3,Yes,8.693761790855966,433500
1550.4,2,2.0,0,2,Rural,16.6,Yes,5.1,253900
1957.5,4,3.0,27,2,Suburban,13.1,Yes,7.1,379400
2913.1,5,3.0,0,2,Suburban,12.4,No,6.2,485000
1296.3,3,2.0,32,3,Suburban,6.3,Yes,8.1,263400
2886.0,5,3.0,16,2,Downtown,2.2,No,4.644599330051399,539500
1633.6,3,3.0,11,1,Suburban,17.4,Yes,4.9,327200
1939.6,3,2.0,19,1,Suburban,10.8,Yes,4.4,355100
1506.9,3,2.0,2,1,Rural,21.0,Yes,6.7,258000
1312.2,2,2.0,19,1,Suburban,17.0,Yes,7.7,222400
2125.7,5,3.0,7,3,Downtown,0.2,Yes,6.708085691559296,442600
3594.2,6,4.0,18,2,Rural,20.6,Yes,7.3,579000
1768.4,2,1.0,52,2,Rural,29.7,Yes,5.4,239200
1798.4,4,2.0,6,1,Rural,32.4,No,10.0,281100
1713.4,4,3.0,13,2,Downtown,3.6,Yes,4.894973397952622,366300
1612.8,4,3.0,35,1,Rural,33.0,No,7.0,217600
3231.4,5,3.0,4,3,Downtown,1.5,Yes,4.363141374896744,603100
1988.1,3,3.0,7,2,Suburban,18.6,Yes,5.4,332400
2412.3,5,3.0,21,2,Suburban,17.4,Yes,6.3,417700
1238.8,3,2.0,21,1,Rural,34.3,Yes,6.4,191500
991.0,3,2.0,8,1,Suburban,9.7,Yes,7.2,255100
1513.2,3,3.0,15,1,Suburban,13.1,Yes,2.8,307900
2040.5,5,4.0,60,1,Suburban,11.3,Yes,8.8,319300
1480.5,2,1.0,1,2,Rural,31.7,Yes,8.7,235200
1089.5,2,1.0,28,2,Suburban,8.3,Yes,6.7,186900
2080.3,4,2.0,3,3,Downtown,0.3,Yes,7.581894253199369,425200
1962.5,3,1.0,1,1,Downtown,4.6,Yes,9.878627299369645,343300
1045.2,2,1.0,7,3,Rural,40.7,Yes,8.0,145000
976.4,1,1.0,20,2,Suburban,12.7,No,6.7,196600
1778.8,3,3.0,6,1,Suburban,10.4,No,7.9,331100
1340.7,3,3.0,15,3,Rural,20.8,Yes,7.8,267900
2173.3,5,3.0,23,2,Suburban,11.0,No,5.9,402100
1211.8,4,2.0,0,1,Suburban,13.8,No,4.1,250000
3007.3,6,3.0,25,2,Downtown,0.5,Yes,6.042605555616184,553900
2063.8,3,2.0,6,2,Downtown,3.2,Yes,4.8213846789129935,404500
1255.0,2,1.0,18,2,Downtown,1.7,Yes,4.43004933838823,267000
1336.0,2,1.0,3,2,Suburban,14.2,Yes,8.0,283200
1104.6,2,2.0,17,1,Suburban,9.9,Yes,6.0,240800
1199.0,2,2.0,10,2,Rural,32.2,Yes,7.1,183300
3266.5,6,3.0,1,2,Downtown,2.2,Yes,4.776170049620193,545400
1989.4,4,3.0,7,2,Rural,31.3,Yes,7.1,300800
2734.0,5,3.0,3,2,Downtown,5.0,Yes,7.490278535947184,527400
1948.0,4,3.0,4,2,Suburban,6.7,Yes,7.0,369800
1584.9,3,2.0,29,1,Suburban,12.0,No,7.1,275500
1509.8,3,2.0,4,1,Suburban,13.2,Yes,9.4,290600
1950.4,4,3.0,9,3,Suburban,17.4,Yes,6.8,374200
2407.5,4,4.0,40,2,Suburban,11.4,No,6.3,430100
2483.3,5,3.0,12,1,Rural,30.4,No,8.1,307900
3181.0,5,3.0,19,1,Downtown,0.2,Yes,5.6845840953717675,561700
2206.7,4,2.0,16,3,Downtown,4.1,Yes,7.413420003690084,382700
1449.9,2,1.0,2,1,Downtown,5.3,No,6.892431507061075,299900
1868.8,4,4.0,2,2,Suburban,17.4,Yes,5.3,333200
1903.1,3,2.0,5,2,Suburban,10.1,Yes,5.8,363300
1198.3,3,1.0,4,1,Rural,15.2,Yes,5.0,208400
1200.3,2,2.0,0,1,Rural,22.7,Yes,3.2,184500
1650.2,4,2.0,22,1,Suburban,12.9,Yes,6.9,290700
2213.1,5,2.0,16,2,Downtown,0.6,Yes,10.0,441500
1474.6,2,1.0,12,2,Downtown,3.8,Yes,5.086652659399478,291000
773.3,1,1.0,20,2,Downtown,2.4,Yes,6.392502440433421,197800
1770.8,3,1.0,17,1,Rural,12.2,Yes,7.5,293000
1262.8,3,2.0,44,3,Rural,32.2,Yes,10.0,201600
1224.2,2,1.0,54,1,Downtown,4.1,Yes,8.866106539852476,243100
1921.4,4,2.0,21,2,Downtown,0.3,Yes,7.634262956993941,376500
3293.2,6,3.0,16,2,Suburban,7.4,No,6.4,490300
1988.3,4,3.0,60,1,Suburban,16.6,Yes,10.0,332200
1549.8,3,2.0,7,3,Rural,26.7,Yes,4.6,263600
1232.6,2,1.0,12,2,Rural,20.8,No,3.5,203300
2244.2,6,3.0,60,1,Downtown,1.1,No,8.90720314682369,434300
1710.4,2,1.0,3,2,Downtown,4.1,Yes,,358900
1378.4,2,1.0,1,2,Suburban,6.5,Yes,6.3,254700
2596.5,5,3.0,2,2,Suburban,15.5,Yes,5.9,456100
1632.0,3,2.0,3,2,Rural,26.2,No,7.0,274800
1311.4,3,1.0,3,2,Suburban,14.3,Yes,5.2,281900
2048.3,4,3.0,59,1,Downtown,1.2,Yes,6.257759192412886,339000
1612.2,4,2.0,8,2,Downtown,2.6,Yes,6.368559253257289,394200
1792.0,4,2.0,21,1,Suburban,19.2,Yes,4.9,272900
1026.3,2,2.0,17,1,Suburban,20.3,No,8.0,214400
1248.8,2,1.0,18,2,Downtown,2.5,Yes,4.894858774046874,286300
1723.0,5,4.0,15,2,Rural,25.3,Yes,5.6,304300
4315.7,5,3.0,12,1,Rural,35.6,No,6.3,831500
1537.7,3,2.0,4,2,Downtown,1.9,Yes,10.0,386500
1474.0,3,2.0,35,2,Rural,28.1,Yes,6.8,232900
1110.3,3,2.0,4,1,Suburban,18.5,No,6.9,241000
2215.2,4,3.0,4,2,Rural,,No,10.0,370300
3084.3,6,4.0,10,3,Rural,29.6,Yes,6.2,442300
1468.3,2,1.0,1,3,Suburban,9.6,No,6.3,233900
1961.1,3,,16,2,Downtown,2.9,Yes,9.402564308151383,425300
1080.2,3,2.0,26,3,Rural,30.7,Yes,8.1,169500
3133.3,6,4.0,6,1,Suburban,10.7,Yes,8.7,492700
755.0,1,1.0,2,2,Suburban,9.6,Yes,6.9,203300
1815.2,3,2.0,14,2,Downtown,4.3,Yes,7.7225708236519255,376200
1480.5,2,2.0,21,1,Rural,40.5,Yes,6.3,206500
1814.1,3,2.0,9,1,Suburban,10.6,No,9.3,301500
1934.2,3,2.0,33,2,Downtown,0.4,Yes,6.546647021965753,315600
1338.8,2,2.0,6,2,Suburban,14.0,Yes,7.2,228000
1475.1,4,3.0,8,1,Suburban,11.4,Yes,4.3,307100
1103.8,2,2.0,15,1,Downtown,2.8,Yes,8.722530415286242,248900
1318.1,1,1.0,10,1,Suburban,8.9,Yes,3.8,245600
1715.1,3,2.0,32,1,Suburban,13.2,No,6.4,293100
1236.3,2,2.0,28,2,Downtown,0.6,Yes,5.578477089058996,327400
2604.4,5,4.0,34,2,Suburban,6.1,Yes,6.4,466700
1680.5,3,2.0,8,2,Suburban,13.8,Yes,5.2,315600
2747.8,5,2.0,27,2,Suburban,7.2,Yes,7.5,460200
1858.8,2,2.0,8,2,Downtown,1.2,Yes,2.631423389894542,352600
1312.2,2,2.0,48,1,Suburban,15.8,Yes,7.1,207500
1637.2,3,1.0,36,2,Rural,29.7,No,7.3,211700
1858.4,4,2.0,24,2,Downtown,4.5,No,7.063234095896502,363300
1614.2,3,2.0,13,1,Rural,,Yes,9.3,243300
2010.9,4,2.0,20,2,Downtown,0.7,Yes,4.90706933824738,393700
2789.3,5,3.0,3,2,Suburban,9.7,Yes,5.3,459500
2886.6,5,3.0,44,1,Rural,18.6,No,6.2,380600
1609.5,3,1.0,60,2,Suburban,13.5,Yes,6.9,239000
1130.3,2,1.0,4,1,Suburban,9.3,Yes,3.8,235100
2272.8,4,3.0,4,2,Rural,26.6,No,5.0,346500
1554.5,3,2.0,28,1,Downtown,1.2,Yes,8.286159237321039,333300
2273.6,4,3.0,4,1,Suburban,13.4,No,6.4,388100
2208.2,4,3.0,17,2,Downtown,0.2,Yes,5.661269603706639,470500
1534.6,2,2.0,2,2,Rural,8.9,No,7.1,258200
2041.8,5,4.0,8,2,Suburban,18.3,No,4.4,369100
2503.2,5,4.0,42,1,Downtown,10.3,Yes,8.656619535190819,455500
2208.4,4,3.0,30,1,Downtown,7.6,Yes,5.684119421525969,421400
1657.7,3,2.0,5,1,Rural,25.3,No,8.7,266500
1693.3,4,3.0,1,2,Downtown,1.0,Yes,7.1783308222058455,408000
1554.9,4,3.0,1,2,Suburban,10.7,Yes,5.4,319300
1189.8,2,1.0,19,3,Suburban,8.1,Yes,10.0,240100
1837.2,3,2.0,7,1,Suburban,14.9,Yes,7.9,317700
1670.9,3,2.0,9,1,Downtown,2.0,Yes,4.020965317952878,331700
2089.8,3,3.0,33,2,Rural,19.4,Yes,7.7,307700
1808.7,4,1.0,60,1,Rural,36.0,Yes,5.0,208700
2029.2,2,2.0,10,2,Suburban,13.1,Yes,7.0,372600
1755.2,3,1.0,49,3,Suburban,10.7,Yes,4.7,284000
1710.5,3,2.0,47,1,Suburban,9.5,Yes,8.6,304500
1318.8,3,2.0,4,2,Suburban,15.3,Yes,7.4,253100
2206.4,4,3.0,0,1,Downtown,2.0,No,5.976617004185718,454600
1785.8,4,2.0,25,2,Suburban,12.5,Yes,6.9,319900
1849.9,4,3.0,4,1,Suburban,14.0,Yes,8.2,381600
1986.7,3,2.0,12,1,Downtown,7.7,Yes,7.180941206797399,369700
2181.8,3,2.0,15,1,Downtown,1.7,No,8.189976729782511,396100
2308.1,4,3.0,9,1,Downtown,2.0,Yes,5.696778267881135,438900
1515.4,3,3.0,13,1,Rural,32.8,No,4.5,247400
1602.5,3,2.0,53,1,Downtown,0.6,No,6.244783167592866,296300
1803.4,3,2.0,9,1,Rural,38.6,No,4.0,220900
1823.2,4,3.0,33,2,Downtown,1.7,No,6.181774415254821,373000
1109.4,3,2.0,0,2,Suburban,15.5,Yes,9.0,267900
1869.9,4,2.0,0,3,Rural,29.0,Yes,7.8,318900
1644.5,4,2.0,23,1,Downtown,5.9,No,10.0,371800
1902.4,4,3.0,51,2,Suburban,14.1,Yes,5.7,309900
2517.4,4,3.0,26,1,Downtown,1.6,No,7.088955740161555,469200
1996.9,4,4.0,31,1,Suburban,9.5,Yes,5.2,367300
1997.6,4,2.0,28,2,Suburban,13.8,Yes,5.7,303400
1937.5,3,2.0,7,1,Suburban,9.8,No,5.9,323200
2252.7,5,3.0,23,1,Downtown,0.7,No,5.779148658311403,360500
2136.4,5,3.0,14,2,Suburban,10.4,Yes,8.3,394300
2890.4,5,3.0,4,2,Suburban,11.7,No,6.6,474500
1702.1,3,2.0,26,3,Downtown,1.0,Yes,10.0,346100
2093.1,4,2.0,8,2,Downtown,0.7,No,4.469896271096309,418200
1741.0,3,1.0,7,2,Rural,33.1,Yes,9.4,248300
1076.6,2,2.0,23,3,Suburban,1.4,Yes,6.0,235100
1422.9,3,2.0,3,3,Suburban,10.1,Yes,3.7,295500
1278.0,2,2.0,6,2,Suburban,6.2,Yes,7.9,274200
1413.9,2,2.0,60,1,Downtown,0.5,No,3.411218149547695,250100
1690.7,3,2.0,11,2,Suburban,13.3,Yes,10.0,323300
1247.0,3,1.0,19,2,Rural,19.5,Yes,4.6,225700
1196.4,2,1.0,11,2,Downtown,0.7,Yes,5.074688856173183,285800
941.1,1,1.0,10,2,Suburban,12.1,Yes,,193900
2061.6,3,2.0,17,1,Suburban,12.4,Yes,10.0,378900
982.9,2,1.0,1,2,Suburban,11.5,No,9.6,195600
2575.1,5,2.0,31,2,Suburban,4.6,No,7.1,422800
2064.5,4,3.0,13,1,Rural,32.4,No,6.6,302600
1677.8,3,2.0,32,2,Downtown,5.9,No,4.478385212757133,332900
885.3,1,1.0,4,2,Downtown,0.2,Yes,5.284812564524297,220800
1453.2,2,2.0,2,1,Suburban,8.2,No,7.7,291700
1633.5,2,1.0,2,1,Rural,38.5,No,5.8,223700
1289.0,2,1.0,23,2,Suburban,14.4,Yes,4.9,213600
2105.7,4,2.0,1,2,Rural,31.2,No,10.0,301400
1320.9,2,1.0,5,1,Suburban,11.5,Yes,10.0,257500
3058.7,5,2.0,24,1,Suburban,16.2,Yes,4.6,444700
1590.3,4,3.0,1,1,Downtown,3.7,Yes,7.248504009672106,377600
2713.5,5,2.0,0,1,Downtown,1.3,Yes,6.842872571166688,491100
2322.6,5,4.0,19,2,Downtown,2.7,Yes,4.446550279177335,508700
1844.2,4,2.0,2,1,Suburban,13.8,No,7.6,332900
1717.2,4,3.0,13,1,Suburban,15.6,Yes,5.1,311700
1604.0,2,2.0,35,1,Downtown,0.2,Yes,6.169327329309114,320000
1458.3,3,1.0,20,1,Suburban,13.3,No,7.2,252600
2080.7,4,3.0,1,2,Suburban,11.5,Yes,6.8,401400
1602.9,4,2.0,14,3,Rural,41.8,No,6.7,250200
2469.0,4,3.0,40,2,Rural,29.6,Yes,8.0,393700
2016.9,3,2.0,12,2,Rural,26.4,No,6.0,296800
2460.1,5,4.0,2,2,Suburban,15.1,No,8.2,418500
1171.0,2,2.0,11,2,Suburban,16.0,Yes,8.0,233100
975.3,1,1.0,20,2,Suburban,4.4,Yes,3.7,202300
1815.9,4,2.0,11,1,Suburban,15.5,Yes,5.5,362100
1350.3,1,1.0,37,3,Suburban,15.2,Yes,5.9,198000
2126.2,4,3.0,6,1,Suburban,13.8,Yes,4.6,416100
1968.6,4,3.0,9,2,Rural,24.9,Yes,4.7,321800
2114.0,4,3.0,8,1,Downtown,2.4,Yes,6.514262591579372,469300
1844.2,3,2.0,3,1,Downtown,0.8,Yes,7.862242419490201,359800
2031.7,3,2.0,12,2,Suburban,4.2,No,9.6,328600
2403.0,4,2.0,10,1,Suburban,13.2,Yes,5.1,411200
1239.5,2,2.0,41,1,Suburban,10.6,No,5.6,209100
1772.9,2,1.0,5,2,Rural,28.5,Yes,9.8,264400
1313.1,3,2.0,11,1,Suburban,11.5,Yes,4.3,275300
2056.3,3,2.0,12,2,Suburban,8.5,Yes,4.3,366000
1659.1,3,2.0,32,2,Rural,34.4,No,6.5,223800
1489.7,2,2.0,2,1,Rural,22.9,Yes,7.9,242200
1593.5,3,2.0,11,2,Suburban,12.6,Yes,5.3,303000
1265.3,2,1.0,4,2,Rural,30.1,No,7.9,191000
1543.2,4,3.0,6,2,Suburban,16.2,Yes,5.6,320900
1136.8,3,2.0,6,1,Suburban,7.3,Yes,7.6,247800
1208.5,2,2.0,14,1,Suburban,11.5,Yes,9.0,241200
2915.2,5,3.0,6,3,Suburban,15.5,No,,521100
3315.0,6,4.0,5,2,Suburban,6.6,No,6.6,586300
1451.6,3,2.0,0,2,Suburban,7.6,No,7.1,293200
1358.2,3,2.0,3,1,Rural,21.7,Yes,8.1,260400
1199.4,2,1.0,10,3,Downtown,0.3,Yes,6.975660883087779,270500
2459.6,5,3.0,19,2,Rural,23.8,Yes,4.8,333600
1382.8,3,2.0,2,2,Rural,26.9,Yes,5.0,253000
2618.5,5,4.0,8,1,Suburban,12.8,Yes,6.1,465100
1297.5,2,2.0,0,2,Downtown,3.9,Yes,4.824607470651326,283500
1488.5,3,2.0,11,1,Suburban,10.2,No,2.9,268000
1262.8,3,2.0,28,1,Downtown,4.9,No,6.700186733940585,260800
1635.2,3,2.0,2,1,Suburban,,Yes,7.0,339300
1374.7,3,1.0,13,2,Suburban,10.4,Yes,6.7,279300
2073.8,3,2.0,27,1,Rural,48.0,Yes,7.8,257700
1471.0,3,3.0,44,1,Suburban,13.6,No,3.8,262800
2452.2,4,3.0,29,2,Suburban,12.0,Yes,7.9,415200
2965.1,5,4.0,52,1,Suburban,12.5,Yes,7.0,490800
2877.5,6,4.0,9,2,Suburban,11.1,Yes,8.0,533700
941.1,1,1.0,3,2,Rural,13.1,No,5.6,157800
1124.1,2,1.0,53,1,Downtown,0.4,No,9.31353035710305,207500
1693.9,4,3.0,2,2,Downtown,3.1,Yes,6.786812743082751,415000
1516.3,3,2.0,2,1,Downtown,4.2,Yes,5.572815855812365,293200
2054.4,2,1.0,28,3,Downtown,1.2,Yes,7.872458183757774,372800
2703.7,5,3.0,12,2,Suburban,5.8,No,10.0,481800
2071.7,4,2.0,0,2,Rural,23.1,Yes,3.6,324700
1191.2,3,2.0,19,1,Suburban,6.8,Yes,5.6,267100
1681.0,3,2.0,58,1,Downtown,0.7,Yes,6.68283022979729,315100
1627.4,3,2.0,18,1,Downtown,5.3,Yes,,360400
2204.9,3,2.0,0,2,Rural,33.4,No,6.1,281600
1648.5,3,2.0,5,2,Suburban,9.0,Yes,5.6,301400
1239.4,4,2.0,60,1,Suburban,10.7,Yes,4.5,230300
2750.1,6,4.0,26,1,Downtown,3.1,No,8.232743705443637,528800
1749.1,3,2.0,14,1,Rural,28.6,Yes,8.9,271500
2613.9,6,4.0,23,2,Suburban,12.5,Yes,8.9,433300
1291.0,3,2.0,9,3,Downtown,0.5,Yes,7.9954770353758535,319700
1786.9,3,1.0,7,1,Rural,26.2,No,8.0,260200
1073.5,2,1.0,31,2,Suburban,13.7,No,6.2,194600
1306.2,3,2.0,31,3,Downtown,0.3,No,3.5103608744166683,312300
2770.3,5,3.0,7,2,Suburban,7.5,Yes,7.1,495600
1359.7,3,2.0,3,1,Suburban,17.7,Yes,6.4,274600
1964.3,4,2.0,1,2,Suburban,15.3,Yes,8.0,353000
1577.1,3,1.0,10,1,Downtown,0.7,No,8.116221365823392,296700
1959.9,3,3.0,22,1,Downtown,1.7,Yes,7.244265613990333,389800
1480.2,2,2.0,2,1,Downtown,4.7,No,5.868719025212336,292000
1870.8,4,2.0,24,1,Suburban,10.5,Yes,5.2,357200
2273.1,3,2.0,15,1,Suburban,14.9,No,6.2,357800
1658.3,3,3.0,14,1,Downtown,4.0,Yes,7.852337784306198,314700
2912.2,3,1.0,1,1,Rural,24.7,Yes,8.8,612900
1484.9,2,1.0,16,2,Downtown,0.9,Yes,5.765367688594009,363100
1409.9,3,2.0,8,1,Suburban,10.7,Yes,2.8,280900
2634.7,4,2.0,27,2,Downtown,7.6,Yes,7.68892994096229,473200
1377.6,3,2.0,22,1,Rural,35.1,Yes,6.1,219300
1071.3,1,1.0,14,1,Downtown,4.8,Yes,5.1596542000419365,232000
1691.0,3,2.0,5,1,Suburban,16.5,Yes,7.9,353200
1648.3,2,1.0,38,2,Downtown,3.5,Yes,8.22985476784366,316600
1506.2,2,1.0,42,2,Rural,37.4,Yes,6.9,179800
1744.0,2,2.0,35,2,Downtown,0.9,No,3.5566444603943417,349500
1806.3,4,3.0,1,1,Suburban,15.1,Yes,4.8,355900
1246.8,2,1.0,19,2,Suburban,23.1,Yes,5.2,221500
2349.6,5,4.0,24,1,Rural,42.3,No,5.1,369800
1556.4,3,2.0,35,2,Downtown,0.7,No,6.8315673635900795,307000
1479.3,2,2.0,10,2,Downtown,2.2,Yes,1.9846351438920837,362200
904.2,1,1.0,1,1,Suburban,9.0,Yes,4.8,186200
1847.7,4,3.0,2,2,Suburban,9.7,Yes,7.8,389400
1692.4,3,2.0,8,2,Suburban,14.4,Yes,3.5,295600
1364.9,2,1.0,0,2,Downtown,2.2,Yes,8.931459133548547,336700
1451.2,2,1.0,15,2,Suburban,12.4,No,5.9,263600
1395.4,2,2.0,7,1,Rural,20.4,Yes,7.4,252900
1653.6,4,3.0,21,1,Suburban,18.5,Yes,4.9,295500
1660.6,3,2.0,23,1,Suburban,10.1,No,8.4,316100
1965.6,3,1.0,13,1,Downtown,0.2,Yes,3.176550705083499,387600
2798.6,3,2.0,5,3,Suburban,5.8,Yes,6.1,473500
1541.2,3,1.0,4,2,Rural,34.9,Yes,5.7,214100
1007.0,2,1.0,22,2,Suburban,11.5,No,5.3,190200
2324.1,4,4.0,16,2,Suburban,5.9,Yes,10.0,433400
1120.4,2,1.0,2,2,Rural,28.8,No,8.4,173400
2001.1,3,2.0,10,1,Downtown,0.3,Yes,6.29737421956655,414200
1484.4,3,2.0,9,2,Suburban,14.3,Yes,7.9,233600
1121.9,2,1.0,3,1,Downtown,5.2,Yes,6.694210699467849,269000
1345.9,1,1.0,11,1,Suburban,13.3,Yes,9.0,270700
1426.9,2,2.0,3,1,Suburban,9.1,Yes,10.0,304700
2535.6,4,3.0,16,1,Downtown,2.2,No,6.409167999495093,454600
1917.9,4,2.0,0,2,Suburban,2.9,Yes,5.3,307100
1555.8,3,2.0,24,2,Downtown,2.7,Yes,6.705565041372668,344400
2118.8,5,3.0,4,2,Rural,18.7,Yes,9.2,370200
3046.6,6,5.0,0,2,Suburban,15.0,No,7.0,538700
1870.6,3,2.0,5,3,Rural,25.2,Yes,5.7,493500
1513.0,3,2.0,3,2,Rural,38.6,Yes,8.7,217800
1821.3,3,2.0,4,3,Downtown,13.4,Yes,,380600
2314.3,5,4.0,28,1,Rural,22.1,No,7.2,375000
1708.2,5,4.0,2,2,Rural,20.1,Yes,5.5,299200
2402.7,6,4.0,15,1,Suburban,6.2,Yes,7.8,425400
1385.6,2,1.0,6,2,Rural,14.9,Yes,9.5,259800
1037.9,2,2.0,17,3,Rural,44.8,Yes,2.6,146900
1482.9,3,3.0,37,1,Downtown,0.3,Yes,,311400
3094.6,5,4.0,33,1,Rural,34.7,No,8.8,407700
1771.9,2,1.0,17,1,Downtown,1.4,Yes,6.250791688597679,322200
2205.0,4,2.0,1,2,Suburban,11.9,No,,347600
1288.1,3,2.0,11,1,Suburban,17.3,No,5.3,242300
1140.6,3,2.0,4,2,Downtown,1.6,Yes,5.461661400435849,325600
1974.7,4,2.0,32,1,Rural,24.1,Yes,6.7,313300
1448.9,2,1.0,40,3,Suburban,13.1,No,8.1,222400
1501.9,3,2.0,2,1,Suburban,11.2,Yes,7.5,269800
1523.7,3,2.0,8,2,Suburban,12.5,Yes,7.4,302400
1753.6,4,2.0,4,1,Rural,32.7,Yes,5.2,273900
1428.5,3,2.0,2,1,Suburban,8.4,Yes,6.3,297000
1825.7,4,3.0,2,1,Suburban,7.3,Yes,10.0,352500
1266.8,3,,28,2,Suburban,11.6,No,4.8,248500
1464.7,3,2.0,28,1,Suburban,13.1,No,8.0,249500
1249.3,3,2.0,9,2,Rural,22.4,No,7.7,214100
1280.5,3,2.0,21,1,Suburban,16.2,Yes,6.3,228000
1566.1,3,2.0,10,3,Downtown,3.3,No,7.027236877617116,363700
1084.9,1,2.0,15,3,Downtown,2.3,Yes,7.1506230341729795,293700
1040.8,1,1.0,34,2,Suburban,11.0,Yes,8.9,174600
2716.4,6,4.0,29,2,Downtown,1.3,No,4.931234388545821,495700
1480.3,4,2.0,20,1,Downtown,1.6,Yes,4.730935119595945,324100
1793.8,3,2.0,15,2,Suburban,12.0,No,7.7,315000
1230.4,1,2.0,43,1,Rural,23.8,Yes,3.3,158800
1699.4,3,2.0,3,1,Suburban,20.9,Yes,4.3,314600
1513.7,3,1.0,3,1,Suburban,10.4,Yes,9.1,305400
1390.9,4,2.0,9,3,Downtown,2.7,No,5.86163697070733,356600
2493.0,5,3.0,0,1,Downtown,1.5,Yes,5.28953779157771,491800
2136.8,4,3.0,23,2,Rural,27.6,No,5.2,311300
1888.6,4,3.0,9,2,Suburban,10.2,Yes,6.3,417000
2160.2,4,2.0,2,3,Suburban,12.9,Yes,4.7,390300
1818.4,5,4.0,3,1,Downtown,1.8,Yes,7.405733677790506,380600
1695.2,3,2.0,18,1,Downtown,6.7,Yes,3.4665782302375723,361500
1317.3,2,2.0,4,2,Suburban,9.7,Yes,2.6,256300
1472.9,3,2.0,1,2,Suburban,17.0,Yes,6.2,282700
1373.8,3,2.0,4,2,Rural,9.6,Yes,5.9,284900
1432.8,3,2.0,2,2,Rural,43.4,Yes,8.9,235500
2382.0,4,4.0,3,1,Downtown,1.9,Yes,8.11065314714852,454700
1743.4,3,2.0,8,2,Suburban,9.7,No,5.5,328600
2559.3,5,3.0,17,1,Suburban,15.5,No,8.4,429700
2354.9,4,4.0,33,2,Suburban,19.9,Yes,5.1,403100
2532.1,6,4.0,32,1,Suburban,14.7,Yes,6.3,426300
1542.9,2,2.0,24,1,Downtown,0.9,Yes,8.053813456479652,308700
1718.7,3,1.0,19,3,Downtown,6.6,No,8.167981602251933,343600
2060.6,5,3.0,37,1,Suburban,7.9,Yes,,348900
2116.3,4,2.0,1,2,Suburban,9.7,No,6.9,400700
2540.6,5,4.0,14,1,Suburban,17.6,Yes,6.2,445200
2461.9,5,3.0,57,1,Suburban,5.9,No,7.1,393300
1460.2,2,1.0,39,1,Suburban,13.2,Yes,5.7,258900
1614.2,3,1.0,60,2,Downtown,0.2,Yes,3.947311015157122,284300
1836.4,3,2.0,17,1,Suburban,12.4,Yes,7.8,344100
1882.5,2,1.0,17,2,Suburban,12.7,Yes,5.2,320800
2159.8,4,3.0,60,2,Downtown,1.2,No,5.649303679400847,342400
2051.4,4,3.0,20,1,Suburban,6.7,No,8.3,364900
2221.2,4,3.0,23,1,Downtown,0.9,Yes,5.342584960807843,441100
1434.9,2,2.0,10,1,Downtown,5.3,Yes,4.992856103320298,307300
948.9,1,1.0,6,1,Suburban,13.9,Yes,8.1,214500
2195.8,4,2.0,21,2,Rural,44.4,No,9.0,314500
1344.9,2,1.0,2,1,Suburban,10.4,Yes,5.4,237900
2394.3,4,3.0,6,2,Downtown,0.6,No,6.673416477374308,449300
1779.6,4,3.0,3,1,Downtown,3.8,Yes,5.00696961435311,423000
1607.5,2,2.0,7,1,Downtown,4.7,No,6.2808026611752785,318200
2139.5,4,2.0,48,1,Downtown,2.5,Yes,7.700541714637734,395800
1103.1,2,2.0,19,2,Suburban,14.2,Yes,3.7,218500
1491.8,3,2.0,4,2,Suburban,15.4,No,5.3,289800
1729.1,3,2.0,0,1,Rural,22.3,Yes,5.6,261600
2411.1,4,2.0,13,3,Suburban,6.5,Yes,4.1,402700
1902.6,4,3.0,26,2,Downtown,0.3,Yes,5.368536766954939,373300
2112.7,3,2.0,56,1,Suburban,7.8,No,6.9,268300
2397.1,4,2.0,5,1,Suburban,11.3,Yes,8.4,448700
1137.4,2,1.0,5,2,Downtown,2.5,Yes,2.532084153692895,283300
1474.2,3,2.0,35,1,Suburban,13.3,Yes,5.5,258300
1419.2,2,1.0,1,3,Rural,43.6,Yes,6.7,210200
2805.3,6,3.0,0,1,Downtown,3.1,No,5.280847891467772,557900
1407.1,2,1.0,1,3,Downtown,2.8,Yes,4.43700472221334,311700
2006.2,4,3.0,6,2,Suburban,19.4,Yes,8.1,366700
3378.8,6,4.0,2,2,Rural,28.3,No,4.5,432700
1720.1,3,3.0,2,2,Suburban,7.5,No,7.6,304700
1650.4,3,3.0,16,2,Downtown,0.8,Yes,6.158855936009816,377600
1203.1,2,2.0,14,2,Suburban,7.5,No,3.0,249300
1848.5,3,2.0,2,1,Downtown,0.7,No,6.692445201775962,352600
1781.8,4,3.0,1,1,Rural,25.5,Yes,7.5,309500
1690.3,3,1.0,14,1,Rural,25.3,Yes,5.5,242700
1268.9,2,1.0,24,2,Downtown,12.3,Yes,7.614137370598889,252500
1887.0,3,2.0,8,1,Suburban,13.7,No,7.4,296800
1762.3,3,2.0,1,1,Suburban,14.0,No,5.3,306600
1700.9,5,2.0,8,1,Suburban,15.6,Yes,8.0,313500
1767.5,3,1.0,6,2,Suburban,14.1,No,9.2,309600
2230.3,3,3.0,7,2,Downtown,0.8,Yes,5.561214096608278,479400
2327.7,5,4.0,11,2,Rural,31.1,Yes,7.8,384100
1514.9,3,3.0,1,2,Suburban,9.7,Yes,,302400
2072.4,3,2.0,2,1,Suburban,9.3,Yes,4.9,355100
2344.1,4,2.0,29,1,Rural,37.0,No,9.2,307200
1378.2,3,2.0,1,2,Rural,17.1,Yes,5.6,220600
1383.5,3,2.0,4,2,Suburban,,Yes,6.1,291200
2388.6,5,2.0,3,2,Suburban,17.7,Yes,5.5,398600
2346.6,3,3.0,60,2,Suburban,18.9,Yes,8.4,339300
1333.2,2,1.0,7,1,Suburban,14.8,No,7.6,265800
1798.6,5,3.0,4,1,Rural,33.8,Yes,6.4,314200
2430.9,4,3.0,31,1,Downtown,3.0,Yes,9.027574425292173,424500
1229.2,2,1.0,1,1,Downtown,3.3,No,7.653610780707931,251100
1577.9,3,2.0,4,2,Suburban,15.7,No,6.1,293900
2027.0,4,2.0,7,1,Downtown,5.3,No,9.02166194247136,415700
1581.4,2,1.0,8,2,Downtown,5.8,No,,271700
1807.0,4,2.0,23,1,Downtown,2.7,No,4.358512093409793,341900
1934.0,3,2.0,4,2,Downtown,2.8,No,9.154098527487273,356400
1448.2,3,2.0,11,2,Suburban,11.2,Yes,6.6,265300
1580.3,3,3.0,12,2,Downtown,0.9,No,,323300
1626.0,4,3.0,9,2,Suburban,16.5,No,6.3,298800
2071.8,3,2.0,9,3,Rural,36.0,Yes,10.0,559800
2290.6,4,2.0,29,2,Downtown,6.0,No,9.217066446922509,441400
1617.7,3,2.0,53,2,Downtown,0.5,Yes,7.4080866672841905,311700
1784.6,4,3.0,42,2,Rural,23.5,Yes,8.3,282500
2356.9,4,3.0,10,3,Downtown,0.7,Yes,5.9257674309943225,477400
964.0,1,1.0,6,1,Downtown,0.3,Yes,6.886739166907193,268500
1453.7,3,2.0,60,1,Suburban,5.5,Yes,7.2,250700
1850.8,4,2.0,16,3,Downtown,0.4,Yes,8.60968821403503,374300
1122.7,2,1.0,28,2,Suburban,8.5,No,6.4,180400
3157.6,6,4.0,60,1,Suburban,2.9,Yes,,481900
2610.1,5,4.0,3,2,Suburban,13.4,No,5.0,514900
1727.2,1,1.0,4,2,Suburban,3.6,Yes,4.9,293300
2009.7,4,2.0,6,2,Suburban,11.9,Yes,7.8,354600
1532.6,3,2.0,5,2,Suburban,10.2,No,10.0,298700
1763.1,2,1.0,5,2,Suburban,12.4,Yes,8.0,304700
2601.1,6,4.0,5,2,Suburban,13.2,Yes,7.3,462900
1650.5,3,3.0,9,2,Downtown,2.4,Yes,6.4844248172917265,365700
1118.2,1,1.0,6,2,Suburban,11.2,Yes,4.9,237900
1443.5,2,1.0,14,1,Suburban,15.5,Yes,2.9,251300
1497.3,3,2.0,53,2,Suburban,13.4,Yes,5.2,265200
2138.1,4,2.0,25,1,Rural,11.2,Yes,4.7,346800
1998.5,4,2.0,16,1,Suburban,2.9,No,3.9,367400
1297.7,2,1.0,7,1,Suburban,4.7,Yes,6.3,269100
2579.2,5,3.0,15,1,Rural,19.6,Yes,6.3,395000
1362.5,2,2.0,1,2,Downtown,0.2,Yes,9.589677633922227,334100
2037.1,3,2.0,14,2,Downtown,1.2,Yes,8.031553200620726,432200
1245.2,2,1.0,29,2,Suburban,17.5,No,10.0,218100
1949.1,5,4.0,2,3,Suburban,11.5,No,6.6,396700
2291.0,4,2.0,23,1,Downtown,2.0,No,,427300
1367.7,3,2.0,1,2,Suburban,19.2,Yes,7.1,295400
2209.8,4,2.0,1,2,Suburban,9.9,Yes,4.1,381600
1562.4,3,2.0,15,1,Downtown,2.5,Yes,6.712278367950222,306200
1163.1,2,2.0,24,1,Suburban,5.3,Yes,4.1,220000
1376.4,2,2.0,16,2,Downtown,2.4,Yes,,333600
1920.8,3,2.0,12,2,Suburban,5.6,Yes,6.1,383000
1658.5,3,1.0,7,1,Downtown,5.2,Yes,6.099952816009472,341700
1797.7,4,2.0,13,2,Downtown,0.5,Yes,6.303111685230141,417700
1880.9,3,2.0,5,1,Downtown,0.3,Yes,4.704484610070779,368800
2066.0,4,,24,2,Suburban,12.4,Yes,9.0,372800
1424.3,3,3.0,23,2,Suburban,13.8,Yes,7.2,277100
1981.8,4,3.0,25,2,Suburban,14.5,Yes,8.5,398500
1631.6,4,2.0,42,1,Suburban,11.2,Yes,8.2,292400
3062.6,6,4.0,13,2,Downtown,1.4,Yes,3.9507833403680563,470000
1937.7,3,2.0,33,2,Suburban,11.8,Yes,9.5,341800
2676.3,5,4.0,4,1,Downtown,3.1,Yes,5.888700995621619,513100
1146.6,2,1.0,13,1,Suburban,19.4,No,5.4,216500
1505.7,2,2.0,8,1,Downtown,2.1,Yes,9.77462360779707,301400
1693.3,3,2.0,17,1,Downtown,1.5,No,8.517373096194984,325900
2010.6,4,2.0,1,1,Suburban,16.6,Yes,8.9,346700
2235.0,4,2.0,3,1,Rural,19.4,Yes,8.6,369500
1562.3,3,2.0,19,2,Downtown,0.8,Yes,6.27366535906118,379400
1752.8,3,3.0,12,2,Rural,20.0,Yes,4.9,317400
1290.5,2,2.0,2,2,Suburban,3.4,Yes,6.9,264000
1493.4,3,2.0,11,2,Suburban,20.6,No,9.1,258900
2174.5,4,2.0,1,1,Suburban,6.4,Yes,5.6,390600
2053.8,4,2.0,17,1,Suburban,12.6,Yes,4.6,407300
1612.7,2,2.0,16,1,Rural,42.3,Yes,5.2,247000
1096.8,2,2.0,8,2,Downtown,2.2,No,8.626673107058986,241200
1616.4,4,2.0,16,1,Suburban,13.6,Yes,4.3,287900
1667.9,3,2.0,10,1,Suburban,16.9,No,7.5,305200
1732.0,3,2.0,24,2,Suburban,12.7,Yes,7.0,257500
1281.5,2,1.0,25,2,Suburban,6.9,No,6.7,230800
2854.4,4,2.0,28,1,Downtown,1.7,Yes,5.882462110479529,498600
1805.3,2,1.0,38,1,Downtown,2.1,Yes,6.332279042755621,342400
1380.5,1,1.0,58,2,Suburban,10.2,Yes,7.1,184900
2370.6,5,3.0,46,1,Suburban,14.8,Yes,5.6,393900
1416.6,3,2.0,7,2,Suburban,8.9,No,7.8,300800
1521.9,2,1.0,12,1,Rural,29.2,Yes,4.7,214000
2487.2,5,4.0,5,1,Suburban,15.3,Yes,6.7,416300
1916.6,4,3.0,40,2,Downtown,1.7,Yes,6.073905444713155,394800
991.5,1,1.0,3,2,Suburban,12.2,Yes,,206800
2304.5,4,3.0,53,1,Suburban,10.8,Yes,5.6,361000
2902.3,5,4.0,15,1,Suburban,13.1,Yes,4.5,506100
2600.7,5,3.0,7,1,Suburban,15.9,No,8.4,444700
1544.6,3,3.0,6,2,Rural,39.2,No,7.1,245100
1881.8,4,2.0,18,1,Suburban,10.7,Yes,8.4,332000
1220.7,1,1.0,52,2,Rural,20.7,Yes,8.9,161300
1818.4,2,1.0,0,3,Rural,27.0,Yes,5.1,235000
2118.3,4,3.0,18,1,Suburban,13.5,No,5.0,393300
1685.7,3,2.0,6,2,Downtown,0.2,Yes,9.805462767642872,337900
2420.4,4,3.0,2,2,Suburban,16.5,Yes,5.6,435500
1637.6,4,2.0,11,2,Downtown,1.5,No,3.5302150856255268,350500
923.9,2,2.0,18,1,Suburban,12.6,No,8.9,207500
2084.2,4,2.0,15,2,Rural,44.8,Yes,6.1,280200
1919.6,3,2.0,8,1,Downtown,1.6,Yes,2.863921416824768,354300
3074.0,4,2.0,10,3,Suburban,18.1,Yes,6.6,520500
1617.5,3,2.0,3,2,Rural,33.6,Yes,8.4,250200
2751.1,5,3.0,4,2,Rural,31.6,Yes,4.9,427400
2528.6,5,3.0,14,2,Suburban,18.2,Yes,9.9,416200
2029.8,4,3.0,24,1,Suburban,12.8,Yes,8.8,353900
1793.0,3,1.0,4,2,Downtown,0.2,No,7.539098441542085,359300
1839.1,4,2.0,1,1,Rural,41.5,Yes,6.6,273800
2392.8,4,3.0,11,1,Downtown,1.2,Yes,10.0,530800
1204.6,3,2.0,6,2,Rural,47.0,Yes,5.2,199600
2345.6,4,3.0,15,2,Rural,19.6,No,6.4,366900
1410.7,2,1.0,1,2,Suburban,15.1,No,6.7,253200
1416.6,2,1.0,22,1,Suburban,9.0,Yes,4.2,264500
1177.6,3,2.0,17,2,Rural,23.8,Yes,5.1,208800
1892.6,4,2.0,23,2,Downtown,2.9,Yes,7.451643856767419,403000
2816.2,5,4.0,3,2,Downtown,4.5,Yes,7.756219097191129,497000
1818.3,3,1.0,11,2,Downtown,0.3,Yes,8.12824419579329,309800
2146.0,5,4.0,21,1,Suburban,14.0,Yes,7.2,403900
1348.7,3,2.0,36,2,Suburban,11.0,Yes,4.5,239800
1435.5,2,2.0,3,2,Rural,25.7,Yes,3.4,234400
1964.8,4,2.0,15,1,Suburban,16.7,Yes,9.6,368800
1622.5,3,2.0,60,1,Suburban,4.1,No,7.1,233900
1450.9,2,2.0,3,1,Downtown,1.2,No,6.324003307784182,315500
2202.9,5,4.0,12,2,Suburban,8.2,Yes,7.9,453800
1629.0,3,2.0,12,2,Downtown,2.9,Yes,9.770388744670546,323100
1282.9,3,2.0,6,1,Suburban,7.4,No,7.0,252000
1476.5,3,1.0,6,2,Suburban,18.0,Yes,7.2,269700
2306.0,4,2.0,35,2,Rural,31.0,Yes,1.8,311100
2585.4,5,3.0,8,2,Suburban,4.8,Yes,3.4,442100
5058.2,7,4.0,3,3,Suburban,6.4,No,6.4,779700
2805.9,5,3.0,1,2,Suburban,4.3,No,7.1,526100
941.2,2,2.0,0,2,Downtown,2.9,No,6.524175366829789,276500
1278.5,1,1.0,32,1,Suburban,8.6,No,6.0,210100
2559.9,4,2.0,23,2,Rural,15.4,Yes,6.9,379900
1610.5,3,2.0,7,2,Suburban,14.6,Yes,10.0,306200
1657.8,4,2.0,9,2,Suburban,16.4,No,9.3,307100
2017.3,3,2.0,10,1,Rural,17.7,Yes,8.0,312400
2075.5,3,2.0,21,3,Downtown,11.4,Yes,6.472205339773922,386000
2110.5,4,3.0,18,2,Suburban,12.7,Yes,6.4,380500
3535.3,6,3.0,18,1,Downtown,0.2,Yes,,607000
2169.7,4,2.0,0,2,Downtown,1.7,No,9.11032680519637,413600
2472.3,3,3.0,15,1,Suburban,12.6,Yes,6.6,394400
2320.7,4,2.0,1,2,Downtown,6.5,Yes,3.797197745008455,475400
2722.2,5,3.0,34,2,Downtown,0.2,Yes,6.254897947089611,498000
2414.7,5,4.0,5,1,Downtown,1.2,No,8.283032119443183,511400
1958.1,3,3.0,60,2,Suburban,10.5,Yes,6.1,320600
1759.8,4,3.0,25,1,Suburban,11.3,Yes,5.5,341800
1255.3,2,1.0,10,1,Suburban,6.2,Yes,7.0,258200
1397.0,2,2.0,7,2,Suburban,13.2,Yes,7.1,295800
2016.4,4,2.0,3,2,Rural,35.1,Yes,9.3,329700
1154.3,1,1.0,1,2,Suburban,10.6,Yes,6.9,248500
1849.9,4,3.0,5,2,Downtown,1.9,Yes,8.532208819895514,378200
2133.0,4,3.0,6,1,Downtown,2.6,Yes,10.0,414300
1054.9,1,1.0,5,2,Downtown,0.4,Yes,7.733435610412224,307400
898.1,1,1.0,4,1,Downtown,6.3,Yes,7.557704001349724,223500
1330.7,2,1.0,23,2,Rural,24.4,Yes,3.0,213800
1895.7,3,2.0,13,1,Suburban,8.2,Yes,8.9,364100
1844.3,3,2.0,2,2,Suburban,15.6,Yes,5.3,335500
1666.2,3,2.0,16,2,Downtown,2.6,No,6.091115896110265,320400
2370.6,5,3.0,17,1,Downtown,1.4,Yes,8.226255104036671,395600
1696.9,4,3.0,19,2,Suburban,15.0,Yes,9.2,355300
1728.4,3,1.0,18,1,Downtown,1.0,Yes,8.075400733077034,363400
1234.8,2,1.0,39,3,Suburban,13.4,No,5.3,196500
1703.6,2,1.0,7,2,Downtown,3.0,No,6.87550826613099,338500
2139.0,4,3.0,31,2,Rural,14.8,Yes,7.5,344100
1706.8,3,2.0,9,1,Suburban,6.3,Yes,6.6,343400
2399.2,5,3.0,2,1,Downtown,0.9,Yes,8.44879723641339,513400
2171.8,4,3.0,26,1,Suburban,13.8,Yes,8.0,356200
1070.6,2,1.0,9,2,Rural,32.6,Yes,6.5,171300
1029.8,2,2.0,4,1,Suburban,10.0,Yes,6.8,246500
1662.6,4,3.0,4,1,Downtown,1.3,Yes,5.637128225070863,359300
1407.9,2,1.0,9,1,Downtown,2.6,Yes,7.658326929333135,292400
2354.0,4,3.0,3,2,Suburban,9.2,No,5.5,389200
1562.5,3,1.0,2,1,Suburban,11.8,Yes,7.3,278100
1245.1,2,1.0,8,3,Suburban,15.0,No,5.5,248700
1754.9,4,3.0,13,1,Rural,34.2,No,7.6,264700
1329.0,3,1.0,6,2,Suburban,12.6,Yes,,274100
949.8,2,1.0,18,1,Rural,21.0,Yes,,161000
1963.7,3,2.0,10,3,Suburban,15.9,Yes,5.3,360400
988.4,2,2.0,22,2,Downtown,3.3,No,7.291880228480716,235900
2460.4,4,3.0,5,1,Suburban,12.2,Yes,2.9,418600
1687.4,3,2.0,12,2,Downtown,2.4,No,6.98700610233412,353300
2364.8,5,2.0,7,1,Rural,26.2,Yes,6.7,319000
2015.6,3,2.0,16,1,Suburban,5.8,Yes,3.4,362600
2118.3,5,3.0,1,1,Rural,21.0,Yes,5.1,344700
1952.1,3,1.0,14,1,Suburban,18.4,No,10.0,307300
1912.6,4,2.0,4,2,Suburban,12.2,Yes,5.0,319300
1976.5,3,2.0,7,1,Suburban,15.9,Yes,3.3,333000
1819.2,3,2.0,19,2,Suburban,18.4,Yes,8.5,301800
2444.3,5,3.0,36,3,Downtown,0.3,Yes,8.735876388816088,478700
1606.9,4,3.0,26,1,Downtown,3.5,Yes,6.085042695851487,293800
1475.9,4,3.0,7,2,Suburban,12.9,Yes,7.4,326400
1267.4,2,1.0,3,2,Suburban,13.7,Yes,6.0,253600
1394.3,3,2.0,6,2,Suburban,8.6,Yes,2.8,307800
1791.2,2,1.0,6,1,Suburban,1.3,Yes,9.1,302600
1810.7,4,3.0,5,1,Suburban,15.0,Yes,7.3,340300
3096.2,5,3.0,3,1,Downtown,3.3,Yes,5.693141447855184,534000
1064.6,2,1.0,9,2,Suburban,11.7,Yes,7.1,198800
1623.6,4,3.0,5,1,Downtown,5.5,Yes,6.8492941985035625,372000
1553.9,3,3.0,20,3,Downtown,1.6,Yes,4.240543885299494,358500
2407.0,4,3.0,5,2,Downtown,5.0,Yes,6.7270158741667885,433500
1834.6,4,2.0,13,2,Downtown,3.9,Yes,9.455234555156627,435100
1759.9,2,1.0,14,1,Rural,30.5,Yes,6.9,249200
2701.1,4,2.0,0,2,Downtown,1.0,Yes,5.099206128111563,538900
2904.1,4,3.0,29,3,Suburban,14.1,Yes,9.0,457300
1345.0,3,,50,2,Rural,14.2,Yes,3.6,240900
3782.4,7,5.0,13,2,Suburban,12.2,No,6.3,572300
1853.4,3,2.0,15,2,Rural,29.1,Yes,7.5,281800
1867.2,5,3.0,12,1,Suburban,17.9,Yes,6.5,326300
2196.0,4,3.0,7,3,Downtown,1.2,Yes,5.965873422776003,419300
2928.8,5,3.0,1,2,Downtown,0.2,Yes,9.065869481223157,520300
1811.6,4,3.0,21,2,Suburban,10.5,No,6.6,320800
1454.1,2,2.0,20,1,Downtown,0.6,Yes,7.677129992339957,304900
1705.0,5,3.0,11,2,Downtown,5.5,No,5.459161565127422,365700
1104.3,2,1.0,26,2,Rural,10.9,Yes,7.1,196900
1426.8,3,2.0,3,1,Suburban,12.3,No,5.9,287900
1744.7,3,2.0,21,1,Suburban,3.7,No,6.4,309100
2843.1,5,3.0,25,2,Rural,28.0,No,5.9,424400
1160.1,3,2.0,2,1,Downtown,2.2,Yes,9.856533061077174,291300
2282.9,3,2.0,5,1,Suburban,14.7,Yes,3.7,398700
2167.4,4,2.0,4,3,Downtown,0.4,No,6.627630542355438,442200
1556.2,4,3.0,50,1,Downtown,2.9,Yes,8.275925487045939,321300
1448.7,2,1.0,5,1,Downtown,0.4,Yes,,318900
1661.3,3,3.0,18,1,Downtown,0.3,Yes,7.852277747844609,349300
1244.9,1,1.0,60,1,Suburban,15.4,No,2.0,159900
1890.4,3,2.0,60,1,Downtown,0.6,Yes,8.034358717082204,335400
1570.3,2,2.0,32,1,Downtown,2.9,Yes,7.771638298989145,293700
2209.6,3,2.0,2,1,Suburban,18.7,Yes,2.3,345500
1882.2,4,4.0,22,1,Suburban,14.8,Yes,8.7,344600
1021.9,2,1.0,5,2,Rural,24.3,No,6.5,172500
1893.6,4,3.0,39,2,Suburban,9.8,Yes,6.1,307000
1066.3,2,2.0,8,1,Suburban,17.9,Yes,3.6,222700
1485.7,3,2.0,1,1,Rural,23.5,No,6.6,233100
1595.1,3,2.0,11,1,Suburban,11.5,Yes,7.4,325400
2128.2,3,2.0,5,1,Downtown,0.7,Yes,3.789824752549128,452200
2198.1,5,4.0,3,1,Rural,38.8,No,8.2,339600
1950.5,5,4.0,24,2,Downtown,1.5,Yes,8.015549861908424,404900
1449.2,3,1.0,19,3,Suburban,9.1,No,6.1,255700
1050.5,1,1.0,17,1,Rural,31.2,Yes,6.9,150700
1496.9,2,1.0,14,1,Rural,27.3,Yes,4.3,221400
2298.2,5,3.0,39,1,Suburban,6.2,Yes,9.7,400600
1984.7,3,2.0,17,2,Downtown,6.3,Yes,10.0,367700
1863.2,3,2.0,0,2,Suburban,14.6,No,3.7,350500
1308.7,3,1.0,12,1,Suburban,11.9,No,7.5,248200
1277.3,2,2.0,2,2,Suburban,10.6,No,3.4,260900
1412.9,2,1.0,4,1,Rural,23.7,Yes,6.0,237200
1690.0,3,3.0,3,2,Rural,34.1,Yes,5.6,272900
2185.4,4,2.0,23,2,Rural,30.6,Yes,8.1,321300
1708.6,3,1.0,10,1,Suburban,17.3,No,4.2,280000
1503.8,3,1.0,10,2,Downtown,2.2,No,8.992292868272637,309800
1473.6,3,2.0,28,1,Suburban,10.5,No,4.5,276400
5163.4,7,5.0,9,2,Suburban,18.3,Yes,4.9,715800
1811.2,3,2.0,4,1,Suburban,13.4,Yes,8.7,337700
1383.1,2,1.0,3,1,Suburban,11.1,Yes,4.7,253900
2105.1,3,2.0,13,1,Downtown,1.4,Yes,5.8141988406227005,399800
3333.9,6,3.0,16,1,Downtown,0.2,Yes,5.004930757483873,604500
2991.1,5,4.0,20,2,Downtown,1.8,Yes,6.027651024475205,558200
1846.5,4,3.0,8,1,Rural,28.1,Yes,6.5,313400
1838.6,3,2.0,11,1,Suburban,,Yes,7.9,318600
1787.9,3,2.0,46,2,Suburban,9.4,No,5.7,295800
1786.3,3,3.0,54,1,Rural,21.0,Yes,5.8,248400
1620.1,2,2.0,8,1,Rural,36.7,Yes,8.4,222300
1630.4,4,2.0,35,1,Suburban,14.7,Yes,6.2,286100
1649.6,2,1.0,10,2,Downtown,0.6,Yes,5.980397656589252,349800
1246.0,3,2.0,5,1,Suburban,15.6,Yes,4.7,245200
2463.8,5,3.0,4,1,Suburban,7.0,Yes,8.0,432200
1504.7,3,2.0,8,2,Rural,32.6,Yes,8.1,216100
1146.6,2,2.0,11,1,Downtown,4.7,Yes,4.827872885787816,287100
2238.2,4,2.0,2,2,Suburban,15.3,Yes,7.1,369200
806.6,1,1.0,28,2,Suburban,17.6,No,8.4,153600
1662.2,3,3.0,19,1,Downtown,2.9,Yes,7.832820632515542,329100
1737.1,3,2.0,11,2,Rural,21.0,No,6.3,304100
1136.8,1,1.0,1,3,Downtown,3.5,Yes,4.963866847997384,240200
2009.4,4,2.0,11,1,Suburban,15.4,Yes,7.0,379600
2164.9,4,2.0,3,2,Suburban,6.0,Yes,5.3,395400
1591.6,3,2.0,6,3,Suburban,10.2,Yes,7.2,297700
1860.7,3,2.0,20,2,Suburban,4.7,Yes,8.2,356900
1044.5,2,1.0,8,2,Suburban,17.5,Yes,6.2,212900
2671.6,5,4.0,5,1,Downtown,1.5,No,10.0,502700
2145.6,3,2.0,6,2,Suburban,11.7,Yes,8.8,399800
2451.4,5,4.0,6,2,Rural,11.3,No,5.8,376200
1753.2,4,2.0,0,2,Downtown,1.3,Yes,8.655415830094828,416800
1597.0,3,3.0,1,3,Suburban,10.0,No,9.9,344500
1863.9,3,2.0,3,1,Suburban,7.8,Yes,7.3,340500
2182.1,5,4.0,18,1,Downtown,0.2,Yes,9.29674055882403,463000
881.5,1,1.0,1,1,Downtown,1.4,Yes,6.647040177607756,261900
1906.3,4,2.0,3,1,Suburban,7.1,Yes,5.0,323000
1474.9,4,3.0,60,3,Rural,16.5,No,6.6,216000
1113.1,1,1.0,9,2,Suburban,9.8,Yes,7.8,206200
1202.2,3,2.0,8,1,Suburban,12.1,Yes,5.3,250200
1979.3,2,1.0,5,1,Suburban,9.9,No,7.1,309700
1930.9,4,3.0,6,1,Rural,13.7,Yes,7.9,362000
2091.0,4,2.0,1,1,Downtown,0.2,No,5.015848947689033,359200
1774.1,2,2.0,5,1,Downtown,3.8,Yes,4.803140949752348,356300
1817.9,4,3.0,13,2,Suburban,5.9,Yes,6.6,321700
1776.6,3,2.0,1,3,Downtown,0.6,Yes,9.897248891759858,399000
1306.3,3,2.0,1,3,Rural,11.4,Yes,5.8,278600
1788.6,3,2.0,2,2,Downtown,5.4,Yes,9.437311073514932,373400
1892.3,3,2.0,2,1,Suburban,9.9,No,6.4,334600
1110.2,3,3.0,6,2,Rural,18.1,Yes,6.4,243500
1168.6,3,2.0,9,2,Suburban,6.5,Yes,5.3,244000
1337.8,2,1.0,50,1,Suburban,13.7,No,6.3,216400
1411.0,1,1.0,8,2,Suburban,8.5,No,6.7,236500
2014.9,3,3.0,4,3,Downtown,2.2,No,10.0,378300
1842.0,2,1.0,13,2,Suburban,12.9,No,5.8,279900
1951.5,4,3.0,5,2,Rural,31.4,No,6.6,308900
1237.0,1,1.0,51,2,Rural,35.8,Yes,7.5,150500
1599.5,3,1.0,23,1,Suburban,14.5,Yes,7.6,287600
2353.1,5,3.0,8,2,Downtown,2.7,Yes,6.648760170734904,452900
1895.7,3,1.0,26,2,Downtown,0.2,Yes,10.0,403100
1238.6,2,1.0,7,2,Rural,41.1,Yes,8.5,203900
1515.3,4,3.0,20,1,Downtown,4.0,Yes,4.824229301642142,329600
1958.7,3,2.0,29,2,Rural,40.9,Yes,4.6,277500
1357.0,3,1.0,23,2,Rural,19.1,Yes,4.9,218000
2340.8,4,2.0,12,3,Suburban,16.4,No,5.6,393600
1230.5,3,2.0,7,1,Rural,14.3,No,5.7,204300
1632.9,3,2.0,27,1,Suburban,13.6,Yes,3.7,281700
1406.7,2,2.0,8,2,Downtown,0.9,Yes,7.003186971178746,347800
1334.6,2,1.0,25,3,Suburban,11.9,Yes,4.5,251600
2193.5,3,2.0,7,1,Suburban,17.6,No,10.0,330400
1314.9,2,2.0,21,3,Downtown,7.3,No,9.171141273096284,293400
1522.0,2,1.0,22,2,Suburban,14.3,No,6.0,272800
1882.0,3,2.0,27,1,Rural,29.7,No,8.9,231100
2629.6,6,4.0,3,1,Suburban,21.9,No,4.4,444800
2482.1,4,3.0,6,1,Downtown,1.4,Yes,7.997828953891098,490300
1464.7,3,3.0,5,1,Suburban,12.0,Yes,7.4,293500
2863.4,6,4.0,7,1,Downtown,13.9,Yes,8.47770794107725,499300
1651.5,4,3.0,15,1,Suburban,9.7,Yes,4.8,333400
1500.5,3,2.0,0,1,Rural,35.9,Yes,4.8,212800
2427.0,5,3.0,4,1,Suburban,16.2,No,6.7,409500
1971.4,4,2.0,2,1,Downtown,2.4,No,7.278866374997672,379500
1906.3,4,3.0,22,1,Suburban,10.5,No,4.8,366300
1321.5,1,1.0,2,2,Suburban,18.6,Yes,7.5,240800
1152.4,2,1.0,1,1,Suburban,8.8,No,6.3,241200
2007.3,3,3.0,21,1,Rural,24.2,Yes,3.8,269000
1980.0,4,3.0,36,2,Suburban,14.2,No,5.6,338000
2581.8,5,3.0,38,1,Downtown,1.1,Yes,7.545668298237337,437500
2370.8,4,2.0,17,2,Downtown,0.4,Yes,4.60884402393908,469000
1254.3,2,2.0,60,1,Rural,37.9,No,7.1,147900
1087.2,2,1.0,35,1,Downtown,8.2,No,5.9409404553132585,204300
2081.8,5,2.0,33,1,Rural,26.0,Yes,5.7,317600
1814.9,3,2.0,9,1,Rural,30.2,Yes,10.0,288100
2160.1,3,3.0,12,2,Downtown,0.4,Yes,5.20094340085399,460800
2005.3,3,1.0,35,1,Suburban,14.1,No,6.9,310100
1766.4,3,2.0,4,2,Suburban,16.3,No,3.4,320400
1149.7,2,2.0,10,1,Downtown,1.7,Yes,4.107414309326916,292000
2204.2,5,3.0,35,1,Downtown,1.0,Yes,5.110382388873626,408700
1612.4,2,1.0,17,3,Suburban,9.3,Yes,10.0,288300
1599.6,2,1.0,38,1,Rural,31.5,Yes,4.3,179400
1597.9,2,2.0,17,2,Downtown,2.6,No,7.935204588215343,298900
1460.6,2,1.0,15,2,Rural,27.6,Yes,5.7,220800
1563.4,3,2.0,2,1,Suburban,5.8,Yes,10.0,302300
2277.9,5,3.0,1,1,Downtown,0.2,No,9.109077067532326,432400
1485.1,3,2.0,4,2,Suburban,6.7,Yes,5.4,289600
1908.7,4,3.0,3,1,Rural,23.8,No,5.1,315300
1284.4,3,2.0,37,1,Downtown,3.1,Yes,4.9763544034848195,280300
2026.6,2,1.0,6,2,Suburban,11.8,No,7.9,332600
1488.0,3,1.0,3,1,Suburban,12.7,No,8.1,269300
1741.1,2,3.0,21,2,Downtown,0.8,Yes,6.092039036712954,387700
2035.7,4,2.0,8,1,Suburban,8.9,Yes,6.6,382200
1059.2,2,2.0,46,1,Suburban,4.6,No,7.1,201700
2010.8,4,2.0,52,2,Rural,38.1,Yes,6.2,251500
1184.1,2,2.0,8,3,Suburban,14.0,No,6.5,230900
2231.1,4,2.0,16,1,Suburban,17.6,Yes,6.4,406800
1655.1,4,2.0,32,2,Downtown,0.4,No,8.811013904437596,322700
1781.4,4,3.0,6,2,Suburban,13.5,Yes,3.4,336500
2512.6,5,4.0,11,3,Suburban,12.7,Yes,4.2,435400
1530.7,3,2.0,1,1,Suburban,13.1,Yes,8.1,286000
1173.4,3,2.0,4,1,Suburban,14.9,No,9.9,238800
2047.5,3,2.0,5,1,Rural,15.1,Yes,5.6,315700
2407.0,5,3.0,38,2,Downtown,5.9,No,9.6514538280747,431800
2366.5,4,2.0,18,2,Downtown,2.7,Yes,6.224205488737215,460800
2128.0,4,3.0,18,1,Downtown,1.1,Yes,8.354568097933095,421600
1853.6,3,2.0,8,1,Suburban,8.2,Yes,9.0,346200
1704.4,3,2.0,33,1,Downtown,0.3,Yes,7.34734676429917,323100
2601.4,5,3.0,6,2,Suburban,15.1,No,6.4,458100
1852.7,4,2.0,11,2,Downtown,6.4,Yes,6.53643332246284,385400
1978.1,3,1.0,31,1,Suburban,11.0,No,5.2,313800
1179.1,1,1.0,2,1,Downtown,0.2,Yes,10.0,281200
1569.5,3,2.0,8,2,Suburban,16.5,Yes,5.5,307500
1454.9,3,2.0,3,2,Rural,27.7,No,6.2,220600
2257.6,4,3.0,7,2,Suburban,7.7,Yes,6.7,378200
1573.6,3,3.0,8,1,Suburban,12.3,Yes,3.7,314600
1669.0,3,2.0,4,1,Suburban,13.1,No,5.9,329100
1617.6,2,1.0,6,2,Suburban,18.6,Yes,3.2,280800
1939.0,4,3.0,9,2,Downtown,2.1,Yes,8.76202716298526,362900
2729.4,5,3.0,8,2,Rural,31.9,No,5.1,359800
1589.6,3,2.0,22,2,Suburban,17.2,No,6.4,237900
1641.9,4,3.0,0,2,Suburban,14.3,Yes,3.1,347700
1619.8,3,2.0,17,2,Suburban,11.8,No,5.2,263500
2229.0,4,3.0,40,2,Rural,26.2,Yes,8.3,323800
2480.0,5,4.0,15,3,Rural,19.4,Yes,4.2,441600
2301.2,4,3.0,11,1,Suburban,0.6,Yes,7.5,433300
3247.0,3,2.0,3,1,Suburban,9.3,Yes,5.2,793700
1615.7,3,2.0,18,1,Suburban,21.8,No,8.5,277300
2033.0,4,2.0,5,1,Rural,26.0,Yes,7.9,354300
1826.4,3,2.0,39,1,Suburban,11.1,Yes,6.7,323500
1393.3,2,2.0,9,1,Suburban,11.0,No,6.5,244000
1296.0,4,2.0,25,1,Rural,28.5,No,7.8,178700
1762.1,3,2.0,39,1,Suburban,14.7,No,9.8,269700
1496.6,3,2.0,14,1,Rural,38.0,No,7.5,209200
1215.6,2,1.0,3,1,Downtown,4.9,Yes,6.572283060172066,296000
1698.1,2,1.0,7,1,Downtown,0.2,Yes,4.927388465726645,318500
1017.0,2,2.0,14,2,Rural,39.5,No,3.7,156200
1688.3,4,2.0,8,2,Rural,21.1,Yes,6.5,300800
1729.0,3,2.0,4,2,Downtown,3.4,Yes,6.0196084932481115,378200
2074.0,3,2.0,4,1,Suburban,18.0,Yes,6.4,352600
1558.9,3,2.0,6,1,Rural,29.1,Yes,6.6,239900
1797.5,3,2.0,3,2,Suburban,11.3,Yes,9.6,364600
1435.3,3,1.0,10,2,Downtown,0.4,No,5.0429905565180295,303600
1196.8,2,1.0,16,1,Rural,31.2,No,7.4,179600
2027.6,3,2.0,32,1,Suburban,10.9,Yes,8.2,316000
2847.7,6,3.0,31,3,Rural,38.0,Yes,,411800
1560.5,2,1.0,1,2,Suburban,4.1,Yes,6.6,300200
1191.0,1,1.0,49,1,Suburban,7.3,Yes,9.8,222200
1883.4,3,2.0,5,2,Suburban,9.1,No,6.9,336600
1882.8,4,3.0,24,1,Downtown,0.7,Yes,8.828358296316067,407800
1973.9,4,2.0,4,1,Suburban,12.3,Yes,5.1,348700
1408.1,3,2.0,3,1,Rural,34.7,Yes,7.9,211100
1698.1,3,3.0,4,3,Downtown,1.8,Yes,8.383210992341699,368500
1782.9,3,2.0,2,1,Downtown,0.5,Yes,6.711339454585758,399800
1627.9,3,3.0,8,2,Suburban,10.1,Yes,,337100
2184.8,4,3.0,60,1,Downtown,1.2,Yes,5.398707734105069,437400
1026.9,2,1.0,13,1,Downtown,6.1,No,5.393353745698887,233300
1860.6,3,2.0,1,1,Suburban,17.9,No,7.0,345900
1472.2,2,1.0,6,3,Suburban,12.6,Yes,6.9,261100
1583.5,2,1.0,1,2,Rural,31.1,Yes,4.8,238900
2690.8,5,4.0,3,3,Suburban,8.8,Yes,6.7,509800
1230.7,2,1.0,23,1,Suburban,12.9,Yes,5.3,235800
2788.7,5,4.0,16,2,Suburban,8.9,Yes,3.8,496800
857.0,3,2.0,8,1,Suburban,8.9,Yes,5.8,223600
2063.3,4,3.0,4,1,Rural,27.0,No,7.1,342800
1628.3,2,1.0,12,2,Downtown,1.0,No,6.005427542490952,296700
1468.0,2,1.0,9,2,Suburban,12.8,Yes,5.6,251300
1986.0,3,2.0,27,1,Downtown,2.9,Yes,7.394726532596438,415400
2247.3,3,2.0,33,3,Suburban,17.9,Yes,6.2,381200
1811.4,1,1.0,4,1,Suburban,11.8,No,10.0,293200
2236.1,5,4.0,18,2,Suburban,10.4,No,6.3,383900
2084.3,3,2.0,3,2,Suburban,9.2,Yes,8.3,371500
1243.5,2,1.0,30,1,Suburban,9.9,Yes,4.9,216800
2354.6,4,3.0,55,2,Suburban,9.2,Yes,1.7,366700
1341.7,3,2.0,19,2,Rural,19.0,No,7.6,237000
2590.0,5,4.0,10,1,Suburban,10.6,Yes,7.4,491400
2408.3,4,2.0,7,1,Downtown,7.5,Yes,1.4856105112406643,431700
1937.5,4,3.0,25,1,Rural,13.0,No,7.6,302500
1498.1,2,1.0,1,1,Suburban,14.0,Yes,7.6,277400
1848.3,3,2.0,5,2,Suburban,11.4,No,6.6,323900
1259.9,2,2.0,37,1,Rural,15.6,Yes,6.3,168400
2057.7,3,2.0,0,2,Downtown,0.2,No,1.9490681877485043,390200
3068.7,6,4.0,23,2,Suburban,19.4,No,7.0,490600
2168.7,3,2.0,20,2,Suburban,9.3,Yes,4.9,363900
1913.6,4,3.0,2,2,Suburban,18.8,No,8.4,361100
1811.1,4,2.0,4,1,Downtown,1.2,No,4.362224277415426,395200
1602.4,4,3.0,2,2,Rural,34.6,Yes,5.4,270700
1288.3,2,1.0,1,2,Suburban,13.1,Yes,6.0,232600
1688.5,3,2.0,35,2,Downtown,0.6,Yes,6.739272565133353,347100
2517.0,4,3.0,19,1,Suburban,16.6,No,10.0,393900
1701.0,4,2.0,16,1,Suburban,10.4,No,7.6,311200
1505.7,2,1.0,11,2,Suburban,24.0,Yes,5.1,276400
1539.3,3,2.0,11,1,Suburban,13.2,Yes,8.7,260900
2701.2,6,4.0,8,3,Rural,39.2,Yes,8.6,426800
1073.1,2,1.0,44,2,Downtown,1.3,Yes,10.0,244400
1664.5,3,3.0,14,2,Suburban,12.9,No,7.5,316100
1413.7,3,2.0,7,1,Suburban,12.5,No,6.7,266500
919.0,1,1.0,14,1,Suburban,9.1,Yes,5.6,201500
1520.5,2,1.0,2,3,Downtown,0.4,No,8.594026845099531,348200
2334.7,5,3.0,10,1,Suburban,12.5,Yes,8.6,442300
1986.1,4,3.0,1,1,Downtown,1.6,Yes,5.9180246056714,400600
2793.6,4,3.0,27,1,Rural,37.5,Yes,4.3,394200
1314.5,2,1.0,33,2,Downtown,6.3,No,6.175699694681239,286900
1438.1,2,1.0,10,2,Suburban,15.5,Yes,7.9,256600
1346.4,2,1.0,2,2,Suburban,10.2,No,7.9,283400
4334.0,6,4.0,4,1,Downtown,0.3,Yes,7.998632389240933,1237200
2207.9,4,3.0,3,2,Suburban,13.3,Yes,4.4,436800
1612.1,2,1.0,15,2,Suburban,11.0,No,5.6,258600
1572.5,3,1.0,20,2,Rural,21.5,No,3.5,219900
1332.0,2,2.0,3,1,Suburban,15.7,No,10.0,252300
1477.4,2,1.0,41,1,Suburban,10.0,No,6.6,217200
1860.1,4,3.0,12,2,Suburban,10.6,Yes,4.5,363800
1195.3,2,2.0,15,1,Suburban,9.2,Yes,8.9,238600
1443.2,2,1.0,4,1,Rural,23.8,No,5.1,208700
2012.3,4,2.0,32,1,Suburban,7.0,No,7.5,318700
3551.3,7,5.0,1,1,Downtown,0.3,Yes,9.92201241994821,671000
927.5,1,1.0,59,1,Downtown,3.8,Yes,7.612491464990066,191600
1947.4,3,2.0,46,1,Downtown,2.6,Yes,4.73562101930954,344700
3420.3,6,5.0,7,2,Suburban,18.4,Yes,7.3,660300
1824.4,4,3.0,8,1,Downtown,0.3,Yes,3.218947694278218,389800
3541.5,5,3.0,25,2,Downtown,0.2,Yes,7.689410765646372,602900
1392.4,3,1.0,9,1,Suburban,10.3,Yes,3.9,291900
1648.5,3,3.0,43,2,Suburban,8.3,No,2.4,265000
1920.7,3,2.0,33,3,Downtown,1.7,Yes,9.061870390456649,342600
1571.6,2,1.0,4,1,Suburban,20.1,Yes,6.6,260100
1391.6,1,1.0,6,3,Suburban,13.5,No,7.2,255000
1747.4,4,3.0,6,2,Suburban,17.1,No,7.1,311700
1943.2,4,2.0,10,1,Rural,22.4,Yes,7.9,268100
2132.1,4,2.0,5,1,Rural,22.3,Yes,5.5,322000
2008.5,4,3.0,2,1,Suburban,12.3,Yes,8.1,387600
2870.6,6,4.0,3,2,Suburban,1.7,Yes,5.0,616600
1875.2,3,2.0,3,2,Suburban,12.1,No,6.9,316600
2518.7,4,3.0,12,2,Suburban,14.9,Yes,3.8,412300
1595.3,2,2.0,12,2,Rural,39.5,Yes,6.3,253800
2258.2,4,3.0,5,1,Suburban,15.0,Yes,7.6,415300
1817.7,4,3.0,3,1,Suburban,13.5,Yes,6.4,343800
1920.4,3,1.0,2,1,Suburban,,Yes,8.8,311200
2513.7,5,3.0,12,1,Downtown,1.6,No,10.0,466200
2124.3,4,2.0,25,1,Rural,32.0,Yes,6.8,293800
1920.1,3,2.0,7,1,Suburban,11.7,Yes,5.6,358900
2127.7,4,2.0,2,2,Suburban,8.4,Yes,6.1,427800
1903.0,2,1.0,14,2,Suburban,21.2,Yes,5.3,334300
1905.8,3,2.0,9,2,Suburban,5.1,Yes,6.4,369200
3489.6,5,3.0,18,2,Suburban,11.5,No,3.3,530000
2070.1,4,2.0,3,2,Rural,36.0,No,7.2,292400
1183.3,2,1.0,39,1,Downtown,1.4,Yes,7.311314401760801,245700
2276.3,4,2.0,4,2,Suburban,17.1,Yes,5.9,390200
2189.1,4,3.0,31,2,Suburban,6.6,Yes,9.3,373500
2526.8,4,3.0,29,2,Downtown,0.8,Yes,4.576745812061565,494600
2303.9,3,2.0,9,1,Suburban,15.1,Yes,6.8,366500
1883.2,4,2.0,22,1,Rural,36.7,Yes,3.6,258000
1702.0,3,2.0,11,3,Rural,34.8,Yes,6.8,282100
1307.7,3,2.0,7,1,Downtown,2.6,Yes,5.4952262608902025,291600
1080.1,2,1.0,17,1,Suburban,9.1,Yes,4.7,221400
1024.0,1,1.0,5,2,Suburban,9.1,Yes,4.6,221400
1268.9,2,1.0,6,1,Suburban,11.6,Yes,4.4,228000
1657.4,3,2.0,27,2,Suburban,14.5,No,5.7,318600
2156.5,4,3.0,8,1,Suburban,11.7,Yes,5.2,414700
2065.7,4,2.0,3,2,Downtown,3.5,Yes,6.5002004931313495,430400
1728.8,3,1.0,6,2,Suburban,14.4,No,4.0,309000
2024.3,2,1.0,6,1,Suburban,9.5,Yes,8.7,320600
1634.7,3,2.0,3,2,Downtown,0.5,No,5.554935508806202,352100
1492.3,2,1.0,35,2,Downtown,3.9,Yes,8.257858096298687,308700
1008.1,2,1.0,16,2,Suburban,11.6,Yes,8.8,201400
1595.7,3,2.0,8,2,Downtown,2.4,No,7.220666828968866,351900
2619.3,5,3.0,10,2,Suburban,19.2,Yes,7.6,453800
1907.4,3,1.0,38,2,Suburban,10.9,Yes,7.1,302200
1339.5,3,2.0,28,2,Suburban,12.3,No,8.8,263400
1708.2,3,3.0,29,1,Suburban,9.9,Yes,7.0,303800
2229.1,3,3.0,6,1,Suburban,6.9,Yes,6.6,390200
1481.5,3,2.0,60,2,Suburban,11.1,Yes,4.6,253200
1145.6,3,3.0,0,1,Downtown,1.2,Yes,4.407317485890478,349300
1504.1,2,1.0,17,2,Downtown,0.4,Yes,5.047324825896851,302600
2052.1,4,3.0,3,1,Suburban,18.2,Yes,5.5,398800
2574.0,5,3.0,60,1,Suburban,15.6,Yes,4.1,388600
1665.3,2,1.0,8,2,Rural,31.5,Yes,6.8,245600
1849.6,3,3.0,4,2,Rural,24.3,No,3.1,304200
1726.1,2,1.0,0,2,Downtown,1.7,Yes,8.174837637482025,337600
1554.4,4,3.0,30,1,Suburban,10.4,No,8.8,317300
1577.5,4,2.0,38,2,Rural,32.3,Yes,6.7,212300
2002.5,4,2.0,6,2,Suburban,15.2,Yes,6.3,378000
1884.7,3,1.0,2,1,Suburban,17.0,Yes,5.0,305700
1129.1,3,2.0,4,2,Downtown,4.6,Yes,7.375090988774748,294400
1978.4,3,1.0,46,3,Suburban,9.4,Yes,6.5,310300
1962.9,3,2.0,7,3,Downtown,1.0,No,6.118505590982143,401300
1531.1,2,1.0,14,1,Suburban,11.4,Yes,4.5,274400
1682.1,3,2.0,34,1,Suburban,5.2,Yes,2.7,319800
1575.5,2,2.0,19,3,Downtown,0.4,Yes,8.161020741744704,337000
2280.2,4,3.0,9,2,Rural,30.6,No,9.9,339200
1515.6,3,2.0,60,2,Rural,15.6,Yes,5.2,222200
1484.4,4,3.0,19,2,Downtown,5.7,Yes,5.470909901227412,364900
1438.8,3,2.0,22,2,Suburban,15.7,Yes,4.4,269600
2253.3,4,3.0,16,1,Suburban,8.6,Yes,8.2,358500
1731.7,2,1.0,1,2,Downtown,4.2,No,6.939985719356329,358700
1531.8,3,2.0,17,1,Downtown,1.2,No,8.55236547043876,308200
1272.2,1,1.0,2,1,Suburban,15.5,Yes,6.5,237700
1285.4,3,1.0,13,1,Rural,28.6,Yes,8.5,214000
1362.4,3,2.0,4,1,Downtown,2.9,No,6.739042611927702,302100
1999.3,4,4.0,2,3,Suburban,21.6,Yes,9.5,359700
1448.4,3,2.0,2,1,Suburban,13.5,No,7.3,277600
2028.0,2,1.0,6,2,Suburban,12.5,Yes,6.4,369300
1716.0,3,1.0,14,2,Suburban,13.3,Yes,9.7,294900
1263.9,1,1.0,26,2,Suburban,17.2,Yes,6.7,218500
1659.0,3,3.0,10,1,Suburban,15.7,Yes,5.1,349300
1150.5,2,1.0,1,1,Suburban,10.6,Yes,7.5,226100
1469.5,2,2.0,26,2,Suburban,11.3,Yes,6.7,256500
1860.7,3,2.0,44,2,Suburban,9.5,Yes,3.9,333900
2298.9,4,2.0,40,1,Suburban,14.2,Yes,3.0,376100
1888.4,4,2.0,3,2,Downtown,3.3,Yes,6.821902669412056,391400
1552.8,4,2.0,14,2,Suburban,13.1,Yes,2.5,297900
1935.0,4,2.0,4,1,Rural,28.8,Yes,5.4,302400
2631.7,5,3.0,14,2,Suburban,12.0,Yes,7.7,439300
1618.4,3,2.0,13,1,Downtown,1.8,No,7.416650893203254,359800
1461.8,2,3.0,15,1,Suburban,19.6,Yes,3.7,270500
1704.0,4,3.0,22,1,Rural,33.8,Yes,8.0,273500
2844.0,5,3.0,35,3,Suburban,12.5,No,6.5,450300
2238.4,4,3.0,8,2,Suburban,11.4,Yes,5.3,398400
2172.0,4,3.0,24,3,Suburban,11.8,Yes,4.1,395700
2088.4,3,2.0,1,2,Rural,21.9,Yes,5.7,321900
1696.2,3,1.0,26,1,Suburban,9.7,Yes,6.9,292000
2582.7,6,4.0,8,2,Rural,26.4,No,6.0,413200
1531.1,3,3.0,57,1,Rural,31.7,Yes,4.3,206300
1169.4,4,3.0,17,3,Suburban,14.1,Yes,10.0,291800
2554.0,6,4.0,17,2,Suburban,12.0,No,3.9,448500
2169.5,4,3.0,3,1,Rural,29.6,Yes,6.9,379600
1742.4,3,1.0,20,1,Suburban,9.2,Yes,6.7,314600
2639.3,5,3.0,11,2,Rural,14.4,No,4.3,381200
1410.2,3,2.0,20,1,Downtown,0.3,Yes,5.9095363417457625,286100
1710.9,4,2.0,39,1,Downtown,1.2,Yes,6.426682466697706,343800
2378.9,4,3.0,2,1,Suburban,16.4,No,4.5,420600
1189.4,2,1.0,10,1,Suburban,12.5,Yes,6.8,207300
1635.7,3,1.0,5,1,Downtown,1.6,Yes,2.9003727341507775,328800
1313.5,3,3.0,29,1,Suburban,13.8,No,4.0,276100
2107.4,4,2.0,7,2,Suburban,12.2,Yes,8.2,374600
1232.8,3,1.0,4,1,Suburban,12.4,No,6.8,257900
2161.2,2,1.0,25,3,Downtown,6.4,Yes,2.9302700336767673,384000
1624.8,3,2.0,21,2,Suburban,12.0,Yes,8.5,312400
2545.0,5,4.0,13,2,Suburban,12.9,Yes,8.9,499800
1672.2,3,2.0,4,2,Downtown,2.6,Yes,5.763134273030562,361000
2392.2,3,2.0,6,1,Suburban,9.4,Yes,6.4,407000
1327.7,3,1.0,21,2,Downtown,1.4,No,6.826666156381704,307400
2091.5,3,2.0,7,1,Rural,29.8,Yes,5.6,324100
1733.6,3,2.0,24,2,Suburban,6.5,No,8.4,298300
1440.6,2,2.0,7,1,Suburban,15.1,Yes,10.0,282900
2158.2,5,3.0,14,2,Downtown,8.0,No,6.555658726664179,437200
1565.5,3,2.0,8,1,Rural,35.3,Yes,6.3,262800
2744.5,4,3.0,16,1,Rural,44.8,Yes,6.5,351000
1755.5,3,1.0,17,1,Rural,28.3,Yes,6.1,267600
2127.4,4,3.0,35,2,Downtown,0.6,Yes,10.0,409900
1157.2,2,1.0,2,2,Suburban,10.1,Yes,4.9,241500
1661.8,3,2.0,3,2,Suburban,12.6,Yes,3.9,320800
2075.0,5,4.0,60,1,Rural,21.0,Yes,7.4,304700
976.9,2,1.0,5,1,Rural,34.3,Yes,3.6,155100
2861.4,5,3.0,5,1,Suburban,11.7,Yes,8.0,454800
1689.0,3,2.0,28,1,Suburban,7.8,No,3.8,264800
1124.8,2,1.0,6,3,Downtown,1.1,No,5.683761125842223,270100
1290.2,2,1.0,2,1,Downtown,0.2,Yes,7.39768817373326,310300
2021.5,5,3.0,10,1,Suburban,9.1,Yes,7.6,382000
2110.7,3,3.0,4,1,Suburban,11.7,Yes,8.9,385800
2090.5,4,3.0,27,3,Suburban,10.8,Yes,6.6,402500
1823.8,3,1.0,2,2,Downtown,7.7,No,7.371942395526271,333200
1300.6,2,1.0,6,1,Rural,29.5,Yes,6.7,204000
1860.2,3,2.0,6,1,Downtown,0.6,No,6.679446628657418,373300
1681.9,3,3.0,28,1,Downtown,1.3,No,10.0,319500
1481.2,3,3.0,6,3,Suburban,16.1,Yes,9.2,294800
1529.3,3,2.0,15,2,Suburban,10.3,Yes,8.7,247200
1274.0,2,1.0,31,2,Suburban,8.4,No,7.2,225000
1570.7,3,2.0,4,3,Suburban,12.8,Yes,3.1,309500
1809.3,4,3.0,21,2,Suburban,5.4,Yes,3.2,365400
2186.1,3,2.0,5,2,Suburban,11.9,Yes,,392200
2352.9,4,4.0,3,1,Suburban,7.9,Yes,9.8,404900
2654.8,4,2.0,5,1,Suburban,4.3,Yes,3.1,480200
1328.5,2,1.0,3,2,Rural,30.6,Yes,5.0,208000
925.8,2,2.0,60,1,Downtown,,Yes,4.644652433265411,221800
1402.5,3,3.0,22,2,Rural,30.2,Yes,7.5,219300
2783.4,5,3.0,1,2,Suburban,12.9,Yes,9.8,470900
2111.1,4,2.0,0,1,Downtown,0.5,No,4.035883365294475,424100
1294.1,2,1.0,0,1,Suburban,10.3,Yes,4.8,282600
1865.8,3,2.0,4,2,Rural,23.0,Yes,5.4,267200
1329.8,2,2.0,2,1,Downtown,1.0,No,9.298661350478435,293800
1721.6,2,2.0,3,2,Suburban,13.5,Yes,5.5,300600
1697.4,3,,9,1,Suburban,18.7,Yes,4.2,282300
1188.4,3,2.0,4,1,Rural,22.5,No,6.5,191200
2564.8,3,2.0,22,1,Downtown,2.2,Yes,8.602879040966853,448700
2248.2,5,3.0,60,2,Rural,21.2,Yes,8.0,302800
1171.4,1,1.0,19,1,Downtown,2.9,No,8.021291393735114,253900
1534.7,3,1.0,4,2,Suburban,12.4,No,4.7,301100
1248.6,3,2.0,51,1,Suburban,13.1,Yes,7.1,222500
1458.0,3,1.0,10,2,Suburban,8.0,Yes,9.5,281300
1936.7,4,3.0,4,1,Suburban,15.3,No,4.2,306200
2455.6,5,,3,1,Suburban,14.3,Yes,8.7,406100
1322.1,2,1.0,23,1,Downtown,1.0,Yes,6.699051945786796,267200
1604.0,4,2.0,5,2,Suburban,5.5,Yes,10.0,338900
1485.3,3,2.0,2,1,Rural,43.8,Yes,6.1,234300
1884.1,3,2.0,6,1,Downtown,8.3,No,5.687196330959919,368200
3562.2,5,3.0,8,2,Downtown,0.2,Yes,7.839378097635668,925700
1933.2,2,1.0,26,1,Rural,27.0,No,6.9,212100
2064.1,4,3.0,47,3,Suburban,9.5,No,4.9,344700
1612.2,2,1.0,0,1,Rural,16.2,Yes,9.4,279500
2422.6,5,4.0,1,1,Downtown,1.9,Yes,,483200
1094.7,3,2.0,60,2,Downtown,0.4,Yes,7.967773614483907,237400
2284.8,4,2.0,16,1,Suburban,11.7,Yes,7.9,384300
2403.1,5,2.0,13,1,Suburban,,Yes,5.5,400900
2807.0,6,4.0,38,1,Downtown,1.7,No,3.107139152786246,518900
1888.7,3,2.0,28,1,Downtown,1.0,Yes,6.7452666942538215,360700
1582.4,3,1.0,6,2,Downtown,1.8,No,7.164388719693017,324000
2057.9,3,3.0,23,1,Downtown,4.7,Yes,4.527457138943385,422000
1580.2,3,2.0,21,1,Rural,20.4,Yes,9.0,247900
1253.5,3,2.0,4,2,Suburban,13.2,No,6.2,262900
1895.1,3,2.0,10,2,Downtown,5.9,Yes,6.0941409283170564,359900
2702.2,6,4.0,49,3,Suburban,12.1,Yes,9.0,473100
1302.9,3,2.0,2,2,Suburban,10.2,Yes,6.0,256200
955.3,2,1.0,21,1,Rural,16.0,Yes,4.3,174000
829.5,1,1.0,3,1,Downtown,0.2,No,7.621108512778814,210100
2342.8,4,3.0,11,1,Downtown,5.7,No,9.054250259788434,457600
2260.1,4,2.0,6,1,Downtown,0.5,Yes,7.690081946506728,459200
1955.0,4,3.0,2,2,Suburban,20.2,No,7.5,366300
2330.9,4,2.0,1,2,Suburban,8.7,Yes,7.1,459400
2591.4,3,3.0,14,2,Downtown,0.2,No,8.550903716090854,428300
1721.4,3,2.0,4,2,Rural,20.5,Yes,4.2,304700
2618.1,4,2.0,8,2,Suburban,17.5,No,6.9,438600
1022.3,2,1.0,3,1,Suburban,6.4,Yes,7.8,241400
2487.7,4,2.0,6,3,Suburban,17.4,Yes,7.2,401600
1732.1,3,2.0,0,2,Suburban,19.4,No,1.6,330200
1201.7,1,1.0,5,2,Suburban,12.0,No,6.4,246700
1559.9,4,3.0,8,1,Downtown,4.6,No,,347600
1685.1,3,1.0,1,2,Downtown,2.0,No,7.970540416297506,373500
2768.3,6,4.0,15,1,Rural,37.3,Yes,5.7,403500
1221.9,1,1.0,0,1,Downtown,12.3,Yes,7.041852486746283,252100
2226.2,3,2.0,8,2,Suburban,12.1,Yes,6.0,357400
2153.8,3,2.0,14,1,Suburban,12.9,No,5.5,433300
1192.2,2,2.0,1,2,Downtown,1.4,Yes,5.62415373217063,315800
1644.3,3,2.0,21,1,Suburban,16.1,Yes,5.3,304100
1670.3,3,2.0,1,2,Suburban,1.7,No,7.1,340500
1382.5,2,2.0,35,1,Rural,42.8,Yes,8.1,172500
1751.1,3,2.0,31,2,Suburban,14.6,Yes,5.8,311900
1482.9,3,2.0,17,2,Downtown,,No,4.514838539011419,311300
2976.0,5,3.0,4,2,Rural,35.3,No,5.6,453000
1353.0,3,2.0,2,2,Suburban,16.6,Yes,6.9,282400
1720.5,3,1.0,23,1,Rural,25.8,Yes,8.2,207600
2273.1,4,3.0,1,1,Suburban,8.4,Yes,5.7,403200
1723.1,3,2.0,13,1,Suburban,7.6,Yes,9.4,284500
1211.6,2,2.0,8,2,Rural,12.2,Yes,6.8,221300
2717.2,6,4.0,13,1,Suburban,7.9,No,5.2,495000
1072.3,2,1.0,37,2,Suburban,16.7,No,4.7,177100
1542.7,2,2.0,6,1,Suburban,10.2,Yes,5.8,302500
1525.1,3,2.0,15,1,Downtown,4.1,Yes,8.00025736842669,360100
2393.0,3,2.0,1,1,Downtown,0.7,Yes,6.9573881092543814,517500
1141.4,1,1.0,0,3,Suburban,8.5,No,5.4,227100
1243.9,3,2.0,11,2,Downtown,2.5,Yes,8.08072993654584,309700
2204.7,4,3.0,42,2,Suburban,13.7,Yes,7.3,378900
2159.8,4,3.0,5,1,Suburban,10.0,Yes,4.5,402800
1422.7,3,2.0,3,1,Suburban,18.0,No,6.3,258100
1747.5,2,1.0,38,1,Downtown,1.4,No,6.556211182206818,296100
1220.2,3,2.0,2,1,Downtown,2.3,No,10.0,273900
2010.5,3,2.0,5,2,Downtown,5.2,No,9.672596745622608,394700
1028.5,3,3.0,8,2,Suburban,16.9,No,4.2,233400
1984.5,2,1.0,15,2,Suburban,16.6,Yes,6.9,322500
1580.9,2,2.0,2,1,Suburban,10.5,Yes,5.6,288900
1571.9,3,2.0,33,1,Suburban,14.9,Yes,6.9,251900
2047.1,4,2.0,16,2,Downtown,4.4,No,5.852126501532919,404400
2169.9,3,2.0,7,1,Downtown,3.6,Yes,8.371472307560534,371300
972.5,2,2.0,1,1,Downtown,0.5,Yes,10.0,292500
2507.3,5,4.0,42,2,Downtown,3.0,Yes,5.154626080287577,482700
2090.1,5,4.0,8,2,Suburban,18.0,Yes,4.1,407300
1839.0,3,2.0,0,2,Suburban,9.9,Yes,8.9,358400
1489.4,3,2.0,19,1,Suburban,4.3,No,6.5,307800
1399.9,3,2.0,19,2,Downtown,0.5,Yes,9.42783010823862,313100
3059.0,5,4.0,2,3,Suburban,14.5,Yes,6.9,539500
2583.2,4,3.0,9,1,Downtown,1.5,No,5.486461121770771,511800
1809.5,4,3.0,0,1,Suburban,13.7,Yes,8.8,371600
2641.7,5,3.0,1,1,Suburban,8.1,Yes,8.0,485900
2526.0,4,2.0,3,2,Suburban,9.5,No,5.1,464700
1606.2,2,1.0,14,2,Rural,30.4,Yes,6.3,224200
1871.5,2,1.0,9,1,Downtown,5.0,Yes,4.5678767213038425,354600
1447.2,1,1.0,17,1,Downtown,0.8,Yes,6.334410429440895,317000
2097.1,4,2.0,39,1,Downtown,5.0,Yes,5.606887150474477,406600
1850.1,4,3.0,5,1,Suburban,10.1,No,4.7,353900
1752.7,3,3.0,7,1,Downtown,3.5,No,5.8870461362149396,343500
868.8,1,1.0,48,1,Suburban,19.7,Yes,10.0,129600
1557.9,3,3.0,2,2,Suburban,14.9,Yes,,307100
1624.8,3,2.0,8,1,Suburban,16.0,Yes,5.1,296500
2395.6,5,4.0,1,1,Rural,20.8,No,8.1,415300
1309.3,3,3.0,13,2,Rural,20.2,No,5.8,240300
1987.7,4,3.0,19,1,Suburban,13.3,Yes,3.6,394300
2074.0,4,3.0,21,3,Suburban,13.3,No,6.1,362300
2981.3,5,,7,2,Suburban,13.5,No,6.3,509800
2380.4,5,3.0,2,1,Downtown,2.6,No,7.84962822223023,494500
1885.7,4,2.0,2,1,Suburban,12.7,Yes,,361200
1874.5,3,2.0,8,3,Rural,30.0,No,3.4,282500
1160.3,3,2.0,3,1,Downtown,0.3,No,7.291707222815831,270100
2681.4,5,4.0,1,2,Downtown,1.0,No,5.166028314854139,529900
1413.9,3,2.0,9,1,Downtown,2.4,Yes,5.440523784547766,306200
2246.5,4,3.0,30,3,Downtown,1.0,Yes,5.865533988470935,432900
1891.7,3,1.0,2,2,Downtown,5.2,Yes,9.021270387989508,423600
1519.1,2,1.0,8,1,Rural,27.1,Yes,8.7,213700
3134.7,6,3.0,5,2,Suburban,16.5,No,6.1,504000
1623.5,3,3.0,47,2,Rural,32.5,Yes,7.0,203300
1307.6,2,2.0,35,1,Suburban,11.3,Yes,6.3,226800
2523.8,5,3.0,2,2,Rural,20.9,Yes,10.0,434100
1659.5,3,2.0,27,1,Suburban,14.0,Yes,4.8,298300
1156.9,2,2.0,2,2,Suburban,,Yes,7.4,238300
1306.7,2,2.0,13,1,Downtown,1.0,No,7.516253944886289,282800
1704.2,3,2.0,18,1,Suburban,16.3,No,3.3,302700
1875.3,3,2.0,6,2,Rural,19.8,No,7.4,290000
1957.4,3,2.0,0,1,Rural,25.7,Yes,4.8,314100
3356.8,6,4.0,2,1,Downtown,4.4,Yes,7.130105336468001,553600
1446.7,3,1.0,20,2,Downtown,3.2,Yes,5.0310813337437645,290200
1448.9,3,1.0,46,2,Downtown,4.2,No,9.277495711791143,245700
1870.4,2,1.0,8,1,Suburban,5.8,Yes,6.3,331800
2046.3,4,3.0,7,3,Downtown,1.5,Yes,4.226188225916744,414000
1678.0,3,2.0,42,1,Downtown,5.1,No,4.820218861161889,315600
1845.9,4,2.0,60,2,Suburban,8.4,Yes,10.0,304000
1441.7,3,1.0,15,1,Downtown,5.8,Yes,7.750124538444888,285800
2099.7,4,3.0,8,1,Suburban,15.3,Yes,7.6,362500
1765.2,4,3.0,26,2,Downtown,1.0,No,8.347144415667787,356500
2099.9,3,2.0,8,1,Suburban,15.0,Yes,5.9,394400
1530.8,3,3.0,18,1,Suburban,8.4,Yes,9.6,304600
2250.4,3,1.0,56,2,Downtown,0.6,Yes,9.81753754756102,377000
3249.6,6,3.0,0,2,Suburban,18.6,Yes,8.9,542300
1683.7,3,2.0,1,1,Suburban,12.3,Yes,4.2,343100
1648.3,3,,23,1,Suburban,10.4,Yes,4.5,302600
1435.2,2,,1,2,Suburban,16.0,Yes,7.3,278100
1270.5,3,2.0,1,2,Suburban,14.9,No,4.3,242100
1861.8,2,1.0,8,2,Suburban,8.3,No,7.4,338300
1419.8,2,1.0,5,2,Downtown,1.9,No,4.480001570013351,295700
2072.1,2,2.0,2,1,Downtown,3.7,No,6.0444875194966,392300
1945.1,4,3.0,12,1,Rural,31.4,Yes,5.7,296600
1913.1,4,2.0,0,2,Suburban,12.7,Yes,5.9,369900
2002.5,3,2.0,5,2,Downtown,2.2,No,6.527611879211909,431700
1428.6,3,1.0,60,1,Rural,35.1,No,8.3,165300
2711.5,5,3.0,16,1,Suburban,9.6,No,7.9,434500
2131.4,4,2.0,15,1,Suburban,18.1,Yes,4.5,341800
1822.6,4,2.0,11,3,Suburban,21.2,Yes,7.3,344000
1899.9,4,3.0,21,2,Rural,26.8,No,7.3,307500
953.8,1,1.0,51,2,Downtown,0.2,Yes,,209100
1895.2,4,2.0,9,2,Downtown,3.0,Yes,10.0,411900
1758.7,4,2.0,13,1,Downtown,1.2,Yes,8.645801555242757,368200
1696.5,3,2.0,6,2,Downtown,2.0,No,7.882500163222949,289800
1629.1,3,2.0,10,1,Suburban,10.9,Yes,5.1,305700
1217.3,2,1.0,1,3,Suburban,10.8,Yes,2.5,242700
2357.7,4,3.0,33,1,Rural,33.6,Yes,3.1,334200
2338.0,4,4.0,20,1,Suburban,12.1,Yes,4.2,410800
1790.4,3,3.0,6,2,Suburban,3.7,No,6.5,329300
1385.1,3,3.0,1,2,Suburban,10.6,Yes,5.3,302700
4111.8,7,5.0,14,1,Rural,20.5,Yes,4.0,650500
2368.4,3,2.0,60,1,Suburban,13.4,No,4.1,361100
1817.0,2,1.0,8,2,Suburban,13.7,Yes,3.2,309600
1748.5,3,3.0,5,1,Downtown,4.5,Yes,6.0822167176385715,374900
1521.9,2,1.0,18,2,Downtown,1.1,Yes,8.893457405159628,321200
2200.1,4,2.0,42,3,Suburban,9.5,Yes,9.8,376400
1682.8,4,2.0,18,1,Suburban,6.3,No,5.3,309000
1550.9,2,1.0,5,1,Rural,36.8,Yes,5.9,223200
1817.2,3,2.0,14,1,Suburban,9.0,Yes,7.7,343000
1968.3,5,3.0,6,1,Downtown,0.2,Yes,7.521408506880165,437700
1483.4,2,1.0,18,2,Downtown,0.7,Yes,5.30475819477561,288900
1160.4,2,2.0,0,1,Downtown,1.8,Yes,7.9800372520673495,299500
2291.7,4,3.0,11,1,Downtown,2.7,No,7.713850568928891,452600
1952.7,4,3.0,10,1,Downtown,0.9,Yes,8.147156149126083,411700
1855.7,2,1.0,54,2,Suburban,14.0,Yes,4.6,256600
2094.3,4,1.0,60,2,Suburban,16.7,No,7.4,298000
2570.4,5,3.0,8,2,Suburban,14.8,Yes,4.5,513500
2642.2,5,4.0,19,2,Downtown,2.2,No,8.199826079177713,553400
1890.9,4,3.0,9,2,Downtown,0.8,No,5.264143044290546,371400
1491.4,2,1.0,13,2,Rural,33.1,Yes,7.4,234000
1858.4,3,2.0,9,2,Suburban,12.4,No,7.0,330100
2053.0,4,3.0,34,1,Suburban,15.1,Yes,6.8,337000
1380.1,2,1.0,23,2,Suburban,13.6,Yes,9.3,195500
2483.1,4,3.0,1,2,Downtown,1.7,Yes,9.491026109665514,464500
1649.1,3,2.0,4,1,Downtown,0.8,No,1.0731087222626812,354200
1436.3,3,2.0,8,2,Rural,43.0,Yes,6.1,236600
1373.3,2,1.0,16,2,Suburban,10.3,No,4.8,224200
2495.1,5,3.0,5,2,Rural,16.2,Yes,8.4,406700
1755.9,3,2.0,9,1,Rural,43.0,Yes,8.2,246900
2703.5,5,2.0,51,3,Suburban,12.8,Yes,5.8,420800
1537.1,2,2.0,28,3,Rural,34.9,Yes,4.7,222500
2214.2,3,3.0,4,2,Downtown,0.5,Yes,4.780781226857922,392100
1827.3,4,2.0,60,3,Suburban,17.9,Yes,3.2,290300
983.6,1,1.0,0,1,Suburban,4.4,No,3.2,203900
2131.2,4,2.0,5,2,Suburban,11.5,Yes,6.7,360500
2239.4,4,3.0,4,1,Suburban,6.5,Yes,7.7,409600
1652.6,4,2.0,22,1,Downtown,1.4,Yes,6.9080193396030625,338000
1884.6,3,2.0,37,1,Rural,21.8,No,5.3,252000
2222.3,4,2.0,42,1,Downtown,4.6,No,6.351013283276217,375000
1801.9,4,2.0,6,2,Suburban,13.2,Yes,1.4,370000
1077.9,2,2.0,6,1,Suburban,0.2,Yes,7.0,263700
1489.7,2,1.0,29,1,Downtown,0.3,Yes,6.254778004971247,294200
1835.2,4,1.0,9,1,Downtown,0.2,No,5.659410737410055,358700
1336.5,3,3.0,2,2,Rural,30.8,Yes,7.5,224700
1008.0,1,1.0,30,2,Downtown,2.1,No,7.1591567735679815,210400
1804.6,4,3.0,44,1,Suburban,19.2,No,6.3,299300
1465.9,2,1.0,1,1,Suburban,15.8,Yes,7.5,265000
1764.6,3,2.0,8,3,Suburban,11.9,Yes,5.8,313700
1185.0,2,1.0,0,2,Suburban,,Yes,4.7,250100
1455.4,2,1.0,60,1,Suburban,14.1,Yes,8.7,217400
1723.3,3,3.0,54,1,Suburban,11.5,Yes,5.5,275100
2358.5,4,2.0,7,1,Downtown,4.5,No,7.231070247109367,415600
1981.6,4,3.0,32,2,Downtown,7.1,Yes,7.830409866266867,416200
1957.7,4,2.0,12,2,Downtown,0.4,Yes,8.337182074874866,428100
2406.7,5,4.0,13,3,Suburban,16.4,Yes,6.6,472800
1760.9,4,2.0,14,3,Suburban,13.5,Yes,6.7,366700
1165.3,3,1.0,9,1,Rural,33.1,No,6.9,168100
1947.6,2,1.0,13,1,Suburban,18.5,Yes,7.7,303700
1096.5,3,1.0,9,3,Downtown,0.8,No,2.5336821062341475,265400
2060.5,4,2.0,11,2,Suburban,10.0,Yes,5.6,365700
1188.4,2,2.0,35,2,Rural,34.3,No,7.9,144000
1824.3,3,2.0,23,2,Suburban,11.9,Yes,7.5,342200
2312.5,4,2.0,4,3,Downtown,4.8,Yes,7.873127122339832,428000
1643.9,3,2.0,13,2,Downtown,0.5,Yes,8.068325443218859,338200
964.7,2,1.0,2,1,Suburban,10.2,No,6.7,220100
1278.7,3,2.0,11,1,Suburban,19.2,No,6.8,243000
2357.4,4,2.0,1,2,Downtown,0.6,Yes,8.04745614638532,443300
2076.6,4,2.0,38,3,Suburban,11.8,Yes,6.9,326700
1408.9,3,2.0,26,1,Suburban,10.4,Yes,8.1,267200
1298.4,2,1.0,27,2,Downtown,0.4,Yes,8.479410084540763,302200
1791.1,4,2.0,11,1,Suburban,8.8,No,8.0,317500
1639.8,3,2.0,12,2,Suburban,14.2,Yes,6.5,323000
1551.9,3,1.0,17,1,Downtown,0.2,No,7.989774341843828,306300
3195.5,6,4.0,9,2,Downtown,2.9,Yes,7.966417598118464,627600
1559.6,2,3.0,6,1,Downtown,3.3,No,6.228416228830365,361000
1301.9,2,2.0,1,1,Suburban,12.5,Yes,4.3,274300
1170.8,1,1.0,10,1,Suburban,6.2,Yes,6.6,209400
1540.4,3,2.0,23,2,Suburban,17.9,No,7.2,269100
1776.2,3,3.0,1,1,Suburban,17.8,No,8.3,335300
1850.4,4,3.0,15,1,Suburban,10.3,Yes,9.6,351100
1874.8,3,2.0,15,1,Suburban,11.4,Yes,7.3,354000
1412.0,3,2.0,1,1,Suburban,8.9,No,7.7,282200
1197.7,2,1.0,10,1,Downtown,1.1,Yes,7.793252601824381,269600
2060.9,3,2.0,13,2,Downtown,0.2,Yes,10.0,389100
1286.4,2,1.0,54,1,Suburban,6.2,No,4.7,186700
1666.6,2,1.0,12,2,Suburban,14.4,Yes,5.3,266700
1411.9,2,1.0,12,1,Suburban,5.9,Yes,3.0,273600
1818.6,4,2.0,18,1,Downtown,11.3,No,8.36218840141948,327300
1683.1,3,2.0,12,2,Suburban,8.4,Yes,8.5,326500
1402.6,4,2.0,23,1,Downtown,3.0,No,6.533202801998263,306200
1970.7,4,3.0,16,2,Rural,19.1,Yes,6.4,315700
1410.0,3,2.0,8,1,Suburban,17.0,No,6.2,274400
1335.0,2,1.0,14,1,Suburban,7.5,Yes,7.5,250900
1612.0,3,2.0,10,1,Downtown,0.9,No,5.407143796760261,366800
1943.6,5,2.0,23,1,Downtown,0.4,Yes,,398700
1739.7,4,2.0,8,2,Suburban,16.9,Yes,5.4,314900
1906.9,3,1.0,3,2,Rural,31.6,No,7.9,253500
1483.2,2,1.0,5,1,Downtown,2.7,No,7.881032383972738,325500
1815.9,4,2.0,19,2,Suburban,6.4,No,6.2,321400
1202.0,2,1.0,9,1,Suburban,12.5,Yes,3.6,242900
1371.5,2,2.0,28,1,Suburban,5.5,No,6.0,254700
1687.8,2,2.0,18,1,Suburban,17.0,No,8.5,297600
1760.7,3,2.0,1,2,Downtown,,No,6.286421570620457,367400
1542.7,2,1.0,32,2,Downtown,9.0,Yes,7.580584204827014,310400
1413.0,2,2.0,11,1,Suburban,18.1,Yes,6.5,249400
1362.9,2,1.0,16,2,Downtown,6.4,No,7.811022326389325,280200
2094.9,3,2.0,18,2,Suburban,16.2,No,7.7,366500
1896.8,3,2.0,5,1,Downtown,2.0,Yes,6.757693171345045,423000
1294.5,2,1.0,20,2,Suburban,,Yes,3.6,234000
2424.9,5,3.0,21,2,Downtown,0.8,Yes,6.622871117115104,456200
1828.8,4,2.0,3,1,Downtown,1.6,Yes,9.129494850948877,382500
2103.9,4,2.0,10,2,Suburban,11.3,Yes,6.4,386600
1301.4,2,,2,2,Suburban,6.3,No,7.7,269100
1374.7,2,1.0,11,3,Suburban,8.0,Yes,5.7,270200
1366.1,3,3.0,5,2,Suburban,16.0,Yes,5.2,302200
2823.8,5,4.0,11,1,Downtown,1.3,No,8.058952544585402,565000
1213.8,2,1.0,15,1,Downtown,0.3,Yes,5.6775586710386,276400
1550.4,4,3.0,5,1,Downtown,5.1,Yes,7.819390774113575,362600
2811.6,4,3.0,1,1,Suburban,19.8,Yes,7.1,478200
1161.5,2,1.0,7,3,Downtown,0.5,Yes,4.281467646497445,299200
1595.2,3,2.0,11,1,Downtown,0.4,Yes,8.053162008362508,341600
1519.2,2,1.0,0,2,Suburban,17.9,No,7.9,255100
2317.7,4,3.0,10,2,Downtown,0.7,Yes,4.998123351461988,467700
2103.4,4,2.0,30,3,Suburban,15.6,Yes,8.1,340900
3146.5,5,,23,1,Rural,17.9,Yes,7.0,465600
1670.9,4,2.0,3,2,Suburban,9.7,Yes,7.3,319000
1702.8,4,3.0,13,2,Suburban,12.7,Yes,5.9,331500
3064.1,5,3.0,45,2,Rural,39.7,No,6.6,368000
1393.3,3,2.0,2,2,Downtown,2.9,Yes,4.624301052059444,332400
1604.6,3,2.0,19,1,Suburban,11.9,Yes,5.2,256400
2432.3,5,2.0,9,3,Rural,23.6,Yes,6.2,387800
1572.2,3,3.0,11,1,Downtown,8.3,Yes,7.455191758126188,338400
1499.6,3,2.0,7,1,Suburban,13.6,Yes,5.9,321100
959.1,2,1.0,4,3,Suburban,13.7,Yes,5.7,226500
2787.5,5,3.0,18,2,Suburban,3.9,Yes,5.7,491200
2001.4,3,3.0,9,1,Suburban,11.7,Yes,8.1,375900
1740.9,3,3.0,10,2,Suburban,17.2,Yes,3.9,307500
2540.4,5,3.0,31,1,Suburban,9.9,No,8.0,405700
1944.5,3,3.0,8,2,Rural,29.7,Yes,7.4,296800
1311.9,4,2.0,12,2,Downtown,5.2,Yes,7.3955545893838535,337500
1669.1,3,2.0,39,1,Rural,38.8,Yes,5.9,208000
1285.4,3,2.0,7,1,Rural,19.6,No,7.9,219500
2182.1,5,4.0,14,2,Rural,41.4,Yes,5.2,375900
1046.9,1,1.0,25,1,Rural,40.2,No,10.0,121100
2502.6,3,2.0,17,2,Suburban,10.1,Yes,6.6,638700
1947.7,3,2.0,46,2,Suburban,8.7,Yes,3.1,330100
1566.3,2,1.0,12,2,Downtown,2.1,Yes,7.55486823460372,336200
2744.4,5,3.0,2,3,Suburban,8.1,Yes,10.0,477000
1131.1,1,1.0,1,2,Suburban,15.4,No,7.0,232100
1432.2,2,1.0,16,2,Rural,32.2,Yes,4.2,209700
1916.3,4,3.0,4,1,Downtown,1.1,Yes,8.120585761312444,386700
1914.8,3,2.0,52,1,Rural,31.2,Yes,6.9,245400
2206.0,4,3.0,1,1,Rural,33.0,No,3.8,346700
1173.3,2,1.0,14,2,Suburban,15.2,No,6.9,245300
1234.9,3,2.0,6,1,Rural,38.3,Yes,1.2,186300
1683.0,3,2.0,13,1,Rural,31.0,Yes,4.3,242600
1707.2,3,2.0,0,2,Suburban,7.7,No,7.9,325600
1463.3,1,1.0,20,2,Rural,38.6,Yes,5.6,188300
1209.8,2,1.0,34,2,Suburban,13.0,No,5.2,221700
1119.7,2,1.0,26,2,Downtown,0.7,Yes,5.7924392231231705,280200
1163.5,2,1.0,28,1,Suburban,12.3,Yes,7.7,213800
1974.1,3,2.0,3,1,Downtown,16.2,Yes,7.240004849598974,376000
1994.9,4,3.0,6,2,Suburban,10.1,No,9.2,375600
2255.7,4,2.0,22,1,Suburban,13.2,Yes,6.9,398100
2181.8,4,2.0,60,2,Suburban,15.8,Yes,5.8,319200
1927.5,2,2.0,11,3,Downtown,1.0,Yes,7.483791913446114,351300
2798.6,5,3.0,9,3,Suburban,12.6,Yes,10.0,477300
2751.9,5,3.0,8,3,Suburban,19.3,Yes,6.0,465000
1466.2,3,3.0,60,1,Suburban,9.0,Yes,4.3,263700
1253.1,1,1.0,30,1,Suburban,17.7,No,5.6,198200
2418.3,4,3.0,32,1,Downtown,3.9,Yes,5.10509175762262,445900
2600.4,4,3.0,34,2,Downtown,1.7,No,4.744834820934722,480900
1693.6,4,3.0,56,2,Suburban,11.0,No,8.4,284400
1963.8,4,3.0,0,1,Suburban,9.4,No,5.2,407900
989.2,2,2.0,35,2,Rural,30.2,Yes,,137500
1812.0,4,3.0,10,2,Suburban,9.5,No,7.0,317600
2025.1,4,2.0,36,1,Suburban,15.4,Yes,6.6,332600
1327.6,3,2.0,17,2,Suburban,16.1,Yes,9.9,264500
1952.7,4,3.0,12,2,Downtown,0.6,Yes,4.588859875680571,406700
1103.7,2,1.0,23,1,Rural,40.6,Yes,6.7,138200
2358.6,4,3.0,2,1,Suburban,16.8,No,5.4,408800
1366.8,2,1.0,5,2,Suburban,16.8,Yes,8.2,275400
1976.2,4,2.0,24,1,Downtown,0.3,No,3.763984718477633,384000
1701.3,2,1.0,3,2,Downtown,2.1,No,9.307940437776463,311500
1115.9,3,2.0,26,2,Downtown,0.5,Yes,10.0,269900
1470.0,2,1.0,20,2,Rural,12.1,Yes,7.3,242600
1943.9,4,3.0,18,2,Suburban,7.5,Yes,6.0,379700
1935.3,3,1.0,1,2,Rural,34.6,Yes,7.5,287900
1385.3,2,1.0,10,1,Rural,29.6,No,5.0,201800
1792.0,2,1.0,33,2,Downtown,9.7,Yes,9.67777876422143,331700
1524.3,2,2.0,2,2,Rural,31.1,Yes,7.9,257400
1920.1,4,2.0,33,3,Downtown,1.3,Yes,8.017753683824846,384400
1616.5,4,3.0,33,2,Suburban,7.6,Yes,4.0,340700
1921.4,3,2.0,23,2,Downtown,14.1,No,6.291362808813611,345000
1701.9,3,3.0,0,1,Downtown,1.3,No,7.407897730597486,381000
1981.4,4,3.0,16,2,Rural,30.7,Yes,7.9,295700
2399.0,5,3.0,1,1,Rural,25.6,Yes,8.2,420900
1612.9,3,2.0,3,1,Rural,24.8,Yes,9.8,262500
1590.7,3,3.0,0,2,Downtown,2.0,Yes,6.75716847617205,369200
1839.8,3,1.0,5,1,Downtown,0.2,No,4.459944418375968,345100
1888.3,4,3.0,11,2,Downtown,3.0,No,7.466745212683364,391000
1804.4,2,1.0,12,1,Downtown,1.0,No,5.990583054128033,326300
1865.2,3,2.0,14,1,Downtown,3.3,No,10.0,330800
2104.7,4,3.0,0,2,Suburban,9.8,No,5.4,344700
1638.6,3,2.0,2,1,Downtown,0.5,No,3.907831264987842,341900
2191.7,4,3.0,12,1,Rural,32.5,Yes,6.2,355400
1803.9,3,2.0,14,1,Downtown,0.8,No,,367600
2197.0,4,3.0,7,1,Suburban,4.1,Yes,6.3,385600
2208.9,4,3.0,1,1,Suburban,13.0,Yes,2.7,402300
1294.1,3,1.0,39,2,Rural,28.8,Yes,8.5,175900
1809.3,2,1.0,9,2,Downtown,4.2,Yes,7.799860336095401,332200
1691.4,3,2.0,8,3,Rural,8.1,Yes,3.8,319900
1846.2,4,3.0,7,2,Downtown,3.5,Yes,6.416232339553881,417200
1599.6,2,2.0,1,3,Suburban,15.5,Yes,3.8,288700
2331.1,5,3.0,20,2,Suburban,16.5,Yes,5.3,412300
1665.5,3,2.0,27,2,Suburban,9.1,Yes,5.1,287000
1703.2,3,3.0,9,2,Downtown,1.3,Yes,,421200
2296.4,5,3.0,11,2,Suburban,13.8,Yes,7.9,420900
2071.4,3,2.0,14,3,Suburban,10.4,No,7.2,536700
1096.5,2,1.0,22,1,Suburban,16.1,No,6.5,184500
2049.7,2,1.0,1,1,Suburban,10.0,Yes,8.4,573500
1253.3,2,1.0,46,1,Suburban,9.7,No,5.0,202600
2527.4,5,3.0,30,2,Downtown,2.8,Yes,5.207200972650291,476400
2401.2,4,2.0,12,1,Suburban,12.4,Yes,6.0,370800
1630.4,3,2.0,4,2,Suburban,11.2,Yes,1.0,351200
1659.4,4,3.0,2,1,Downtown,0.5,No,4.736960670681299,347700
2771.5,6,4.0,13,1,Downtown,7.2,No,8.943359171221465,506300
1536.9,3,2.0,5,2,Rural,12.3,No,9.6,250100
1886.8,3,1.0,3,1,Suburban,14.6,Yes,8.6,332300
977.6,1,1.0,9,2,Rural,22.7,Yes,8.7,162400
2379.3,4,3.0,11,1,Downtown,0.8,Yes,4.15440799178268,473300
1071.7,3,1.0,20,2,Suburban,7.4,No,,199500
3158.5,7,4.0,13,2,Suburban,10.0,No,8.3,518000
2003.0,3,2.0,3,1,Suburban,6.5,Yes,10.0,339400
1407.5,3,2.0,11,2,Suburban,9.3,Yes,4.5,298000
1426.6,3,2.0,2,1,Suburban,13.2,Yes,6.3,283000
1041.0,2,1.0,12,1,Downtown,2.1,No,6.271883796563111,270000
1503.2,2,2.0,5,1,Suburban,17.4,Yes,4.5,290400
2344.0,5,3.0,4,3,Suburban,4.0,No,3.7,456800
1680.0,2,1.0,6,1,Suburban,14.7,Yes,5.6,316300
2039.7,4,2.0,30,1,Suburban,8.8,Yes,7.7,333500
2007.9,4,4.0,29,2,Downtown,3.3,Yes,4.686014727480099,413500
1177.7,3,2.0,26,1,Rural,33.9,Yes,9.5,187600
1350.3,2,2.0,4,1,Suburban,5.7,Yes,4.5,279200
2047.9,5,3.0,9,1,Suburban,5.0,No,5.0,415000
1159.7,1,1.0,15,1,Suburban,13.6,Yes,8.0,192600
1806.5,3,2.0,14,2,Rural,23.3,No,4.7,265000
2134.7,4,2.0,2,2,Downtown,0.2,No,9.47260963589303,452700
1327.3,3,2.0,13,1,Downtown,0.8,Yes,6.328292924856342,317300
1448.4,3,1.0,2,1,Downtown,0.7,No,8.132966132280108,325900
1359.7,3,2.0,10,1,Rural,27.7,No,10.0,219400
1726.6,4,3.0,2,2,Downtown,0.8,Yes,9.803295985257721,391600
1348.2,3,2.0,3,2,Suburban,12.8,Yes,8.1,299000
1645.4,3,2.0,5,1,Downtown,1.6,Yes,9.143168091731898,370400
2132.6,3,1.0,38,2,Downtown,0.8,Yes,7.020408941652419,379500
2576.6,5,3.0,19,1,Suburban,11.1,Yes,6.7,421500
1172.9,3,2.0,1,1,Suburban,16.1,No,7.4,233600
1462.4,2,1.0,1,2,Rural,36.3,Yes,7.7,211700
1909.4,4,3.0,11,1,Suburban,8.2,Yes,6.3,339400
1903.1,5,2.0,19,2,Suburban,16.3,No,8.6,314900
2302.3,5,4.0,9,2,Suburban,6.4,Yes,7.9,414700
1691.5,4,4.0,1,3,Suburban,16.1,Yes,8.7,338800
2017.8,5,4.0,17,2,Downtown,1.2,No,5.672447399076629,435300
2028.0,4,3.0,15,1,Downtown,2.8,Yes,2.2785380995943023,378600
1592.9,3,3.0,1,1,Suburban,15.1,Yes,,311900
1871.4,4,,5,2,Suburban,9.5,No,4.6,375000
1757.3,4,2.0,12,2,Rural,0.2,No,6.5,344500
2648.6,4,3.0,27,1,Suburban,13.4,Yes,7.2,432900
1807.2,4,3.0,1,2,Downtown,0.3,Yes,7.129363648597617,375900
1677.9,3,2.0,15,1,Suburban,13.4,Yes,8.6,284200
1338.6,3,2.0,17,2,Downtown,2.4,Yes,10.0,307600
1130.0,2,1.0,20,1,Rural,30.2,Yes,5.8,168700
1460.2,1,1.0,37,2,Suburban,13.7,Yes,3.2,217100
1187.4,2,1.0,17,2,Suburban,11.9,Yes,6.5,248800
1649.2,3,2.0,16,2,Downtown,0.2,Yes,3.1667374359208926,360500
1577.2,3,1.0,8,2,Downtown,3.2,No,3.971834190612473,306700
1690.0,2,1.0,4,1,Downtown,2.0,Yes,8.028991740322375,332200
2624.3,5,3.0,13,1,Rural,27.4,No,6.3,337400
2301.3,3,3.0,6,2,Downtown,0.2,Yes,7.7511366602121115,441400
1093.8,2,1.0,31,1,Downtown,1.3,Yes,5.599474509715091,243100
1937.7,4,2.0,11,2,Rural,19.0,Yes,6.3,314100
3474.6,6,4.0,29,2,Downtown,3.7,No,6.678693127184701,627300
2104.9,5,4.0,37,1,Suburban,12.7,No,6.2,363600
1338.5,3,1.0,9,2,Suburban,11.2,Yes,7.9,260200
2494.9,5,2.0,22,2,Downtown,0.7,Yes,4.037207219368324,444000
1371.1,2,,7,3,Downtown,0.8,Yes,,325100
1904.5,3,2.0,0,1,Suburban,7.5,Yes,3.7,388900
2811.1,5,3.0,17,2,Downtown,3.3,Yes,8.953615687554773,545900
3090.5,6,3.0,11,1,Suburban,6.7,Yes,4.4,529000
1745.1,3,2.0,24,2,Suburban,19.1,No,7.9,299900
1432.2,2,2.0,58,1,Downtown,0.9,Yes,7.651065832627035,293400
1426.0,3,2.0,41,3,Downtown,1.0,Yes,7.9583813404491845,280400
1797.6,4,3.0,1,1,Suburban,11.7,Yes,8.6,345200
1702.7,3,2.0,34,2,Suburban,16.0,Yes,6.8,265500
1273.6,3,2.0,20,1,Suburban,9.3,Yes,6.0,242600
2137.3,3,2.0,11,1,Suburban,16.8,No,10.0,331900
1605.4,2,1.0,11,2,Suburban,13.1,Yes,5.5,273200
1732.5,2,1.0,9,1,Downtown,0.2,Yes,7.532053304624685,369100
1795.9,3,2.0,10,2,Rural,12.1,No,4.5,308800
1920.2,4,2.0,31,1,Rural,44.2,Yes,5.6,222100
2007.5,4,3.0,52,2,Downtown,1.1,Yes,5.7687785600717305,389200
1771.4,4,3.0,40,2,Downtown,1.0,Yes,4.964772098168128,364700
1478.8,3,1.0,21,2,Downtown,4.0,No,10.0,287400
2045.7,3,2.0,1,1,Suburban,18.4,No,8.1,316900
1247.7,2,2.0,13,2,Downtown,1.3,Yes,4.87871480106131,263800
1624.6,2,2.0,6,1,Suburban,10.5,Yes,6.9,291200
1561.4,1,1.0,0,1,Suburban,19.0,Yes,5.2,277200
1606.7,4,3.0,22,1,Rural,23.7,Yes,5.1,265400
1789.1,3,2.0,0,1,Suburban,17.0,Yes,7.4,331500
1465.7,3,2.0,4,2,Suburban,12.3,Yes,8.0,283900
1368.5,3,2.0,1,1,Downtown,4.4,Yes,9.540217745115244,305700
1889.0,4,2.0,6,3,Rural,26.0,Yes,6.1,313400
2383.0,4,3.0,6,1,Downtown,2.9,Yes,7.0698110356158965,411100
1596.6,3,2.0,17,2,Rural,21.3,Yes,4.1,276200
1267.4,1,1.0,10,2,Suburban,11.0,No,5.3,216800
2459.1,5,4.0,33,2,Rural,28.0,Yes,5.2,401700
3360.3,6,4.0,28,3,Rural,21.4,Yes,5.8,513100
2080.0,4,2.0,16,2,Suburban,10.2,Yes,8.0,376600
1915.1,3,2.0,42,2,Downtown,0.6,No,7.186078408103208,330800
2442.7,5,3.0,55,1,Rural,27.2,Yes,5.4,366700
2274.3,4,3.0,18,2,Suburban,9.4,Yes,6.8,384600
1730.8,3,2.0,11,2,Suburban,12.6,No,4.3,307500
1228.3,2,1.0,33,2,Rural,29.7,No,8.7,149000
2090.0,4,2.0,4,2,Suburban,11.6,Yes,6.0,372400
1300.4,1,1.0,1,2,Downtown,3.9,Yes,6.916671396369748,294500
1130.9,3,2.0,1,2,Suburban,13.1,Yes,6.7,246100
1835.7,3,2.0,6,2,Downtown,8.1,Yes,7.231023264162516,380200
929.9,2,2.0,1,3,Rural,22.7,No,7.2,181700
1990.1,5,3.0,3,1,Suburban,11.8,Yes,9.2,422300
1070.7,2,2.0,22,1,Suburban,14.5,Yes,8.5,195200
1562.5,2,1.0,0,2,Rural,24.4,No,7.3,222900
1112.5,3,2.0,5,1,Downtown,0.9,No,7.869279087714015,293900
1096.8,2,1.0,2,2,Downtown,4.2,Yes,8.212484893150588,296800
1939.3,4,3.0,43,1,Suburban,14.7,No,7.0,287500
1400.7,1,1.0,19,1,Downtown,2.8,No,4.26146700370143,274700
1400.8,4,3.0,9,2,Downtown,3.1,Yes,6.2919494674947005,350800
1313.5,2,2.0,24,3,Rural,42.9,Yes,4.2,178900
1622.1,3,2.0,16,1,Downtown,4.6,Yes,7.618801711681482,307100
1804.8,3,2.0,19,1,Downtown,0.4,Yes,5.8044956718722265,369400
1897.7,4,3.0,19,2,Suburban,8.2,No,3.8,371900
1860.5,3,1.0,10,2,Rural,39.8,Yes,3.8,254700
1098.7,1,1.0,20,2,Downtown,0.6,No,8.620569165284767,242700
1049.8,2,2.0,0,3,Suburban,9.1,Yes,4.8,240800
2037.7,4,3.0,12,2,Downtown,3.1,No,7.018182028499002,401300
1312.8,1,1.0,59,1,Rural,17.5,Yes,5.9,184200
1473.5,2,2.0,0,1,Downtown,6.1,Yes,3.957040228317993,329200
1757.3,3,1.0,21,2,Suburban,13.6,Yes,7.1,288500
1692.7,2,1.0,12,2,Downtown,0.8,Yes,4.019882358324771,341100
3282.0,6,4.0,7,2,Rural,33.4,Yes,8.5,479500
1958.0,3,2.0,3,1,Rural,29.7,No,4.4,275100
1835.7,4,3.0,3,1,Suburban,15.4,No,6.4,363000
2486.9,5,3.0,15,2,Downtown,0.3,Yes,7.569751102582079,508700
1802.9,3,3.0,1,3,Downtown,1.4,Yes,10.0,379800
1986.2,4,2.0,7,1,Suburban,17.6,Yes,6.6,329800
1461.3,2,1.0,10,1,Suburban,20.1,Yes,7.8,223100
1724.0,3,2.0,16,1,Suburban,19.1,Yes,7.8,323800
1138.9,3,2.0,31,1,Rural,21.2,Yes,9.1,170800
1719.7,3,1.0,28,1,Downtown,7.1,Yes,8.270332405679348,324800
1511.5,3,2.0,19,1,Downtown,0.2,Yes,7.532488319876294,329900
2315.0,5,3.0,3,2,Suburban,14.4,No,6.5,402200
1600.8,3,2.0,5,2,Rural,19.3,Yes,9.2,289600
1344.0,3,2.0,12,1,Downtown,2.4,Yes,7.845566269412303,327100
1452.0,2,1.0,28,2,Downtown,0.7,Yes,5.627962606570645,304200
1870.2,4,3.0,12,3,Suburban,8.3,No,5.8,340000
1538.7,3,3.0,43,2,Suburban,16.9,Yes,4.4,252000
1430.9,2,1.0,1,2,Rural,40.5,Yes,6.3,176400
1945.6,3,2.0,4,2,Suburban,8.1,Yes,5.5,343800
1571.3,3,2.0,27,3,Suburban,12.8,Yes,5.3,271000
1425.6,3,3.0,9,1,Rural,27.4,Yes,7.1,237800
2324.6,4,3.0,4,2,Downtown,0.2,Yes,7.369786027495467,437000
2062.2,4,3.0,2,2,Suburban,18.2,Yes,7.1,395300
1610.0,3,2.0,10,1,Suburban,11.5,Yes,5.6,297100
1221.9,4,2.0,17,2,Downtown,4.2,Yes,5.787923702804168,309500
2581.9,4,3.0,13,2,Downtown,0.8,Yes,6.553955894241775,493600
2338.4,4,3.0,16,2,Suburban,12.2,Yes,4.1,371700
2189.0,4,3.0,0,1,Suburban,6.7,Yes,6.6,382900
1928.4,5,3.0,12,1,Suburban,13.2,Yes,4.8,384000
2605.9,5,4.0,31,2,Suburban,16.1,Yes,7.0,474900
2477.4,5,2.0,60,1,Suburban,12.1,Yes,7.9,364700
1028.5,1,1.0,5,1,Suburban,15.9,No,5.1,182500
1620.1,3,2.0,10,2,Suburban,,Yes,9.1,294300
2653.7,4,3.0,24,1,Downtown,1.9,No,7.830708483387715,466500
1606.2,3,2.0,26,2,Downtown,12.9,Yes,7.515415840210137,301200
1274.5,2,2.0,28,2,Downtown,6.5,Yes,6.886114384696669,284300
1013.2,2,2.0,5,1,Suburban,8.6,Yes,3.3,239500
1708.3,3,2.0,8,1,Suburban,7.7,Yes,5.7,306300
1007.1,3,1.0,1,1,Downtown,2.2,Yes,9.887675412534854,260100
1196.2,3,2.0,28,1,Downtown,0.4,Yes,5.494728496117288,262600
2313.3,5,2.0,34,1,Downtown,3.1,No,10.0,400300
1552.0,2,1.0,12,1,Downtown,6.4,Yes,10.0,296400
2432.2,4,3.0,15,2,Suburban,10.8,No,7.4,399300
1262.7,3,2.0,28,1,Suburban,12.1,No,4.1,245700
1555.1,3,1.0,18,1,Rural,41.4,Yes,7.5,203800
2195.1,4,3.0,10,1,Rural,20.1,Yes,5.9,387600
1675.7,2,1.0,15,2,Suburban,15.4,No,5.9,260500
2582.0,4,3.0,20,2,Downtown,0.2,No,5.572071173115194,471900
1736.3,3,2.0,13,1,Rural,53.5,No,4.4,212600
1379.4,2,2.0,23,2,Downtown,3.7,Yes,7.741080956010913,299000
1919.3,3,2.0,2,1,Suburban,14.8,Yes,7.1,360700
1946.4,3,2.0,18,1,Downtown,1.2,Yes,5.399939453220107,357700
2172.2,4,3.0,7,2,Suburban,9.3,Yes,4.5,368900
1463.8,3,2.0,1,2,Suburban,21.5,Yes,8.4,302300
1833.0,3,2.0,4,1,Rural,19.8,No,2.8,312800
1686.4,2,1.0,6,2,Suburban,7.0,Yes,5.9,293200
3089.8,6,4.0,6,1,Suburban,7.6,No,8.1,520200
1883.2,4,2.0,18,1,Suburban,10.1,Yes,5.5,369800
1701.8,3,2.0,57,2,Suburban,11.5,No,5.0,285600
2055.1,3,2.0,14,2,Suburban,14.9,Yes,5.6,342300
1868.3,3,2.0,6,2,Downtown,1.1,No,6.514869863437271,366000
1867.6,4,2.0,12,2,Downtown,1.9,Yes,5.043229838839364,371400
1373.2,3,1.0,14,2,Suburban,8.6,Yes,3.9,281500
924.1,2,1.0,16,2,Rural,28.2,Yes,8.4,153300
1591.3,2,1.0,10,2,Downtown,9.3,No,2.145210677406695,304600
2300.2,5,3.0,10,1,Suburban,9.7,Yes,9.4,476900
2180.9,3,2.0,10,2,Downtown,14.9,No,5.817120095644074,356500
1275.5,1,1.0,23,1,Suburban,12.1,Yes,6.9,229300
1445.0,3,2.0,1,2,Suburban,9.3,Yes,6.6,282400
2091.2,4,3.0,35,1,Downtown,4.4,Yes,6.293048913925507,399400
1342.3,2,1.0,9,2,Suburban,14.4,Yes,7.7,248700
2164.0,4,3.0,44,2,Suburban,7.4,Yes,4.5,373000
2645.5,5,3.0,20,1,Downtown,0.2,Yes,9.67374622108195,467100
1941.5,4,2.0,30,1,Downtown,0.6,Yes,5.908145967950077,397100
2045.8,4,3.0,22,2,Suburban,10.3,Yes,7.4,368600
1025.6,3,3.0,3,1,Rural,29.1,Yes,7.0,182500
1912.5,4,3.0,16,2,Suburban,16.8,Yes,8.6,362500
1665.1,3,2.0,39,1,Suburban,9.9,Yes,7.2,283600
1067.3,2,2.0,0,1,Suburban,6.4,No,5.1,259800
1903.9,3,2.0,10,1,Rural,40.9,Yes,6.4,268000
2040.4,4,2.0,27,2,Rural,31.4,Yes,5.9,298100
1323.5,2,1.0,22,3,Suburban,22.3,Yes,7.0,234500
1808.0,3,2.0,3,2,Suburban,9.2,Yes,10.0,355700
1408.7,2,2.0,11,2,Suburban,13.7,Yes,6.0,260400
1673.2,2,2.0,25,1,Rural,24.9,Yes,3.3,243500
1896.8,3,2.0,43,2,Suburban,12.3,Yes,8.2,339700
1705.8,4,2.0,3,2,Rural,31.8,Yes,6.3,300000
2255.4,4,,23,1,Suburban,9.5,No,,378800
1727.0,2,1.0,1,1,Suburban,8.4,Yes,7.7,325400
1689.2,2,1.0,14,2,Downtown,3.7,Yes,4.477710334597179,338100
1979.8,3,2.0,9,1,Suburban,10.0,Yes,4.8,352200
2076.4,4,2.0,11,2,Rural,22.2,No,4.3,341400
1738.3,4,3.0,20,2,Downtown,0.2,Yes,9.344566716966884,365300
2495.3,6,3.0,46,3,Suburban,14.7,No,6.3,423000
1914.5,3,2.0,2,2,Downtown,0.2,Yes,9.002312673130621,341200
1739.9,2,1.0,22,1,Suburban,11.1,Yes,7.0,301900
2236.2,5,3.0,8,2,Rural,22.1,No,9.4,348400
1085.6,2,1.0,0,1,Suburban,11.1,Yes,7.2,227300
1848.7,4,3.0,11,1,Rural,19.8,Yes,8.7,284100
1723.3,3,2.0,11,1,Suburban,12.4,No,7.6,270300
1790.1,3,2.0,19,1,Downtown,1.1,Yes,8.485517393763791,358800
1709.8,3,2.0,45,1,Downtown,9.1,Yes,5.621957573241511,333400
2070.6,3,2.0,37,1,Downtown,1.7,Yes,9.436218693434682,384500
3063.2,6,4.0,6,2,Suburban,7.1,Yes,7.9,509900
1984.3,4,3.0,4,3,Suburban,13.3,Yes,5.5,374700
1333.1,2,1.0,60,2,Suburban,17.8,Yes,6.8,194800
2039.0,4,3.0,6,3,Downtown,1.5,Yes,5.540951976705481,415700
1357.0,2,1.0,20,3,Suburban,16.9,Yes,6.1,249000
2770.8,5,3.0,12,2,Downtown,2.9,No,6.462805585374567,524400
1636.8,3,2.0,11,2,Downtown,3.2,Yes,6.936805218506741,327800
2906.0,5,4.0,8,1,Rural,21.9,Yes,6.0,452400
1912.8,3,2.0,28,1,Suburban,4.9,Yes,6.6,341800
2552.0,5,3.0,60,2,Downtown,1.2,Yes,5.104926842817704,458800
1450.5,3,2.0,5,2,Suburban,20.6,No,5.5,265000
1463.5,1,1.0,31,1,Suburban,8.1,Yes,6.0,220800
2325.1,5,4.0,7,2,Suburban,14.3,Yes,7.6,455500
1444.5,3,2.0,60,1,Suburban,,No,5.0,226200
2544.8,4,2.0,13,2,Suburban,10.5,Yes,8.6,451900
1312.8,2,1.0,1,3,Suburban,1.7,Yes,4.3,297400
1333.8,3,2.0,2,1,Suburban,10.3,Yes,5.2,297300
1936.4,3,2.0,45,2,Suburban,1.4,Yes,6.3,330900
1493.2,3,2.0,10,2,Downtown,2.3,Yes,5.304363468701451,343600
1351.3,4,2.0,60,1,Suburban,13.6,No,5.8,233500
2234.1,5,4.0,1,2,Suburban,9.1,No,7.2,423600
2320.5,5,3.0,4,1,Suburban,,Yes,5.3,451900
1840.0,2,2.0,44,2,Suburban,19.2,No,6.5,282700
2088.1,4,4.0,13,3,Rural,29.7,No,7.7,322100
829.7,1,1.0,22,3,Downtown,3.8,No,4.708193377813961,207600
1548.5,3,2.0,12,2,Suburban,15.8,Yes,7.2,333400
1363.9,2,1.0,13,2,Suburban,18.4,Yes,8.6,229400
1882.7,3,1.0,51,1,Suburban,8.0,Yes,,274900
2482.8,5,3.0,10,2,Downtown,1.3,Yes,5.227043874730365,482600
1816.6,4,3.0,10,2,Rural,17.9,Yes,2.8,318200
1480.5,2,1.0,3,3,Downtown,0.5,Yes,8.772906124570005,331900
2158.5,3,2.0,28,2,Downtown,3.0,No,7.618300488300469,402600
2108.5,4,3.0,4,2,Suburban,15.0,Yes,7.5,440000
1651.9,3,2.0,18,1,Suburban,13.7,Yes,6.9,308600
2633.2,4,2.0,9,2,Downtown,4.9,Yes,8.077545275043368,521100
1396.1,3,1.0,10,1,Rural,18.7,No,7.4,222600
1707.9,3,2.0,28,2,Rural,29.0,Yes,7.4,258600
2397.7,4,3.0,30,1,Downtown,1.6,Yes,5.671516153427393,470000
1987.3,5,4.0,35,3,Suburban,10.5,Yes,7.1,368900
2141.4,4,2.0,6,2,Suburban,12.7,Yes,6.9,429800
1507.4,3,2.0,17,2,Suburban,10.9,Yes,5.6,299400
1357.4,2,1.0,31,2,Rural,27.9,Yes,7.0,202000
2620.1,4,3.0,0,1,Downtown,1.8,Yes,7.27712250825697,471500
1907.7,4,3.0,2,1,Downtown,5.6,Yes,5.6065366793172045,434400
991.1,2,1.0,0,2,Suburban,14.1,Yes,4.5,233800
3074.9,7,5.0,4,1,Suburban,8.4,Yes,4.6,530900
1728.6,3,3.0,0,1,Suburban,11.3,Yes,6.8,344600
2127.5,4,3.0,14,2,Rural,27.6,Yes,7.2,328800
2920.0,5,3.0,12,2,Rural,11.0,No,3.2,424300
1649.1,3,1.0,27,2,Rural,18.9,Yes,5.8,266300
1045.9,1,1.0,27,3,Downtown,0.8,No,7.483113260157284,261900
1831.1,3,2.0,18,1,Suburban,14.2,No,,330600
1494.4,4,3.0,16,1,Suburban,14.2,Yes,4.6,285900
1291.1,1,1.0,3,1,Suburban,5.2,Yes,7.5,257700
1978.8,4,2.0,24,1,Suburban,16.7,No,7.8,326900
1500.2,2,1.0,8,2,Suburban,9.6,No,8.6,276400
2049.1,3,2.0,35,1,Downtown,13.1,Yes,7.572260565827531,418600
1632.7,2,1.0,31,1,Downtown,3.1,Yes,6.403265701139442,308900
2796.3,5,4.0,10,2,Suburban,11.7,Yes,9.7,453100
1768.5,3,2.0,12,3,Downtown,0.4,Yes,8.572705604121234,387000
2404.4,5,3.0,40,2,Suburban,15.0,Yes,6.4,402500
1742.6,4,3.0,0,2,Downtown,4.8,Yes,7.080157879343135,373500
2638.7,4,3.0,15,2,Downtown,0.3,No,6.997399075378303,498200
1982.3,4,3.0,22,1,Rural,21.2,No,5.2,323800
1326.8,2,1.0,44,1,Downtown,0.6,Yes,5.211947751544688,274600
2583.5,4,3.0,2,1,Suburban,13.4,No,3.5,435500
1810.5,2,1.0,11,1,Suburban,8.4,Yes,4.2,332700
1457.3,2,1.0,13,2,Downtown,1.7,No,7.44106571209617,314100
1663.9,3,2.0,16,2,Suburban,13.7,No,7.6,285300
1292.7,1,1.0,3,1,Suburban,9.1,Yes,6.7,233600
1749.0,4,3.0,6,3,Downtown,0.4,Yes,9.719117935710408,404800
1579.0,3,2.0,4,2,Rural,29.8,Yes,9.3,256300
2094.3,3,1.0,28,2,Suburban,6.9,Yes,6.9,317000
1872.6,3,2.0,5,1,Rural,24.3,No,7.5,299000
1618.5,3,2.0,3,2,Downtown,0.2,Yes,7.2841868353673345,394200
1736.4,3,2.0,2,2,Suburban,10.6,Yes,5.3,337100
1161.3,2,2.0,24,2,Rural,30.5,No,4.7,176100
1385.2,3,2.0,46,1,Downtown,4.0,No,7.7897048723456574,274000
1135.1,1,1.0,51,1,Suburban,10.4,Yes,7.5,194700
1675.5,2,2.0,9,1,Suburban,9.6,Yes,8.0,323300
2713.4,5,3.0,60,2,Downtown,2.2,Yes,7.82106217735026,420100
2561.3,5,3.0,4,1,Rural,24.5,Yes,5.4,394200
1931.7,4,2.0,27,2,Suburban,13.1,Yes,10.0,336500
1957.4,4,3.0,32,2,Downtown,2.1,Yes,5.145157983677918,402900
2201.4,4,2.0,30,1,Suburban,5.8,Yes,6.6,390500
2672.4,5,3.0,7,1,Suburban,21.1,No,6.2,432000
3193.7,5,3.0,56,2,Downtown,0.6,Yes,7.610829196618306,515900
2402.0,3,2.0,37,2,Suburban,18.1,Yes,6.5,404500
2307.4,5,3.0,9,2,Suburban,9.7,Yes,8.2,396200
1502.3,3,2.0,1,1,Downtown,1.5,Yes,9.596843200903255,346600
1382.0,2,1.0,23,2,Suburban,9.1,No,5.8,223900
1262.7,2,1.0,4,1,Downtown,8.4,Yes,6.366685567800419,301700
2009.3,4,3.0,3,2,Suburban,3.9,Yes,4.5,393700
1409.0,3,3.0,3,1,Rural,35.6,No,4.9,228400
2002.6,5,3.0,11,1,Suburban,16.3,No,8.9,357200
1370.5,4,2.0,12,2,Downtown,0.5,Yes,6.840624630196169,361700
1467.6,2,2.0,17,2,Rural,41.4,Yes,3.9,210400
2070.2,4,3.0,60,1,Suburban,17.1,Yes,6.2,332000
1744.9,3,2.0,21,1,Rural,33.3,Yes,10.0,298400
1276.4,4,3.0,7,2,Suburban,9.9,Yes,7.3,304600
1918.1,3,1.0,17,1,Suburban,13.2,No,5.7,330300
1700.6,3,2.0,8,2,Downtown,0.3,Yes,4.955656190664015,359100
1007.7,2,2.0,34,2,Downtown,0.6,Yes,7.142940132964073,288600
2891.5,6,4.0,8,2,Suburban,6.3,Yes,2.8,458100
1542.0,4,3.0,19,2,Suburban,15.8,Yes,5.3,314100
924.5,2,1.0,5,2,Suburban,12.8,Yes,5.7,190300
1831.1,3,1.0,14,3,Suburban,9.7,No,9.3,310700
1588.2,3,2.0,34,2,Rural,31.6,Yes,9.1,229700
1753.9,2,1.0,10,1,Suburban,12.9,No,5.0,275500
1956.3,2,1.0,13,1,Downtown,1.0,Yes,9.845965606400046,344100
1398.8,3,2.0,51,1,Rural,23.4,Yes,3.8,176300
1349.5,3,1.0,6,1,Rural,36.2,Yes,7.2,193800
1370.8,1,1.0,6,2,Suburban,11.3,Yes,4.1,278800
1583.3,4,2.0,27,3,Downtown,9.7,Yes,6.923716477496326,346800
2082.7,3,1.0,12,3,Downtown,4.6,Yes,7.890538533413137,393000
2201.9,3,1.0,30,2,Rural,22.1,Yes,7.6,308800
1749.0,4,2.0,15,1,Rural,25.5,No,7.7,254900
1296.8,3,3.0,9,2,Rural,32.4,No,4.6,216700
945.8,2,2.0,60,2,Downtown,2.9,Yes,6.368824106079486,233400
1715.5,4,2.0,12,1,Rural,19.8,Yes,5.8,284200
1577.8,3,2.0,1,2,Rural,24.0,Yes,6.0,272100
1864.7,3,1.0,13,1,Suburban,19.9,Yes,7.5,329900
926.0,1,1.0,33,1,Downtown,0.4,Yes,6.023902829446274,217200
1543.1,2,1.0,14,3,Suburban,13.7,Yes,8.1,250500
1565.2,2,2.0,16,2,Suburban,18.9,Yes,7.5,278900
4143.0,4,3.0,1,1,Suburban,15.9,Yes,7.1,926500
2076.3,4,2.0,5,2,Rural,22.8,No,7.9,319000
1882.0,4,2.0,9,2,Suburban,12.1,Yes,4.4,330000
1676.4,3,2.0,13,1,Suburban,15.5,Yes,5.4,294600
1785.4,3,3.0,8,1,Downtown,0.2,No,8.37798833464804,382200
1125.1,3,1.0,4,3,Suburban,12.8,Yes,4.6,226600
823.4,1,1.0,12,1,Rural,14.0,No,7.7,143700
1690.9,3,2.0,23,2,Rural,45.7,Yes,5.2,235100
1752.9,3,3.0,9,2,Downtown,1.0,No,7.293273242629344,405000
2097.1,4,2.0,22,3,Downtown,1.7,Yes,5.660209350723491,412300
1922.6,2,1.0,37,1,Suburban,10.7,Yes,5.9,300100
1784.0,4,3.0,2,1,Suburban,8.8,Yes,4.5,366600
2336.4,4,4.0,24,1,Suburban,10.3,Yes,5.3,422400
1788.8,4,2.0,30,1,Downtown,1.2,Yes,7.103294132438236,374200
2206.8,4,1.0,18,2,Rural,25.0,Yes,10.0,311400
1898.3,4,3.0,37,2,Suburban,9.1,Yes,4.7,347300
1363.6,2,2.0,20,2,Downtown,0.8,Yes,8.456497106701553,306700
1229.8,2,2.0,5,1,Downtown,1.4,Yes,9.226858110146454,316800
2026.7,3,2.0,27,1,Suburban,6.0,Yes,3.4,374700
1656.5,3,1.0,7,1,Downtown,5.5,Yes,7.042588845941772,327600
1720.0,3,2.0,11,1,Suburban,14.2,No,7.7,293100
1858.3,2,1.0,0,1,Suburban,10.5,Yes,7.4,312800
1832.1,3,2.0,60,1,Rural,33.0,Yes,2.1,227400
1299.0,2,2.0,13,1,Rural,16.7,Yes,4.9,202200
1910.6,3,2.0,4,2,Suburban,12.6,Yes,5.9,348400
1576.7,3,2.0,20,1,Suburban,10.8,Yes,5.7,293400
1976.3,4,3.0,10,3,Suburban,7.0,Yes,7.1,362600
1300.4,3,2.0,6,1,Downtown,1.2,No,6.844479322657821,298100
1237.3,2,2.0,10,1,Downtown,1.8,No,10.0,319500
2068.5,5,3.0,9,2,Suburban,15.4,No,6.1,362700
1245.2,4,3.0,16,2,Suburban,18.2,Yes,5.1,262300
2013.5,3,2.0,6,1,Suburban,8.0,Yes,6.0,375400
1385.3,3,3.0,2,2,Rural,30.1,Yes,6.9,243300
1192.7,3,2.0,38,2,Rural,31.3,No,10.0,164500
1359.5,2,2.0,1,2,Rural,43.6,Yes,5.8,193600
2827.3,5,3.0,31,2,Downtown,3.4,No,5.577347236265034,458300
2332.9,4,3.0,8,1,Suburban,16.1,Yes,6.2,387500
2642.4,5,2.0,2,1,Rural,41.6,Yes,8.8,385400
1674.8,3,3.0,28,1,Suburban,10.6,No,7.6,309200
1586.4,3,2.0,19,2,Suburban,12.8,Yes,4.3,296400
796.9,2,1.0,9,1,Downtown,5.0,Yes,6.711361902056398,240600
2091.6,3,2.0,8,2,Suburban,16.1,Yes,5.4,363000
3142.9,6,4.0,6,2,Downtown,2.3,Yes,5.303498422970899,609700
1608.9,3,2.0,42,1,Downtown,0.5,No,4.585284901151371,305700
1315.5,3,3.0,28,1,Rural,27.3,No,6.3,204800
1510.1,3,2.0,5,1,Suburban,15.1,Yes,6.1,291800
1468.6,4,3.0,45,1,Rural,38.9,Yes,2.2,200800
740.9,1,1.0,1,2,Downtown,0.2,Yes,6.756113900557309,238900
2147.9,4,3.0,29,1,Suburban,,Yes,6.3,396000
1871.2,2,2.0,8,1,Downtown,1.4,Yes,6.650304743279664,390100
1363.8,1,1.0,14,2,Rural,33.6,Yes,8.1,196400
1661.3,3,2.0,5,1,Suburban,7.7,Yes,9.1,290700
1285.3,3,2.0,0,2,Rural,15.0,No,,243900
2892.5,6,4.0,4,1,Rural,36.5,Yes,7.4,468400
2561.6,6,4.0,28,3,Downtown,0.5,Yes,7.70497416478075,560800
1335.1,2,1.0,16,3,Suburban,13.1,No,9.7,235700
1266.7,3,1.0,11,2,Downtown,2.4,Yes,9.578504401993136,332500
2165.7,5,3.0,3,2,Suburban,16.4,Yes,8.8,389100
2431.1,5,4.0,11,2,Rural,25.4,Yes,7.4,391700
2100.5,3,3.0,7,3,Suburban,15.0,Yes,5.7,391400
1470.0,2,1.0,11,1,Downtown,2.2,Yes,5.087681166614891,327600
1987.0,3,2.0,12,2,Rural,31.3,Yes,3.5,289900
757.3,1,1.0,35,2,Rural,22.7,Yes,9.7,121200
1376.2,3,2.0,23,1,Rural,26.9,Yes,3.3,218900
1818.8,2,1.0,17,1,Suburban,16.9,Yes,7.5,281200
2388.9,4,2.0,8,1,Suburban,13.1,No,6.0,349400
2534.3,4,2.0,16,2,Suburban,16.6,Yes,4.7,428600
1450.6,3,2.0,23,2,Suburban,13.8,Yes,3.6,255000
1100.5,2,2.0,2,1,Suburban,1.5,Yes,3.8,250700
2683.3,4,3.0,5,2,Downtown,5.3,No,7.612766346863684,527100
1574.0,2,2.0,39,2,Suburban,13.8,Yes,9.0,262900
1738.2,3,2.0,15,1,Suburban,7.5,Yes,4.9,305400
1213.8,2,1.0,8,2,Downtown,0.2,Yes,,281100
1054.3,2,1.0,32,1,Downtown,3.3,Yes,8.769492216535937,264800
936.0,3,3.0,8,2,Suburban,4.2,No,8.6,252500
1971.6,3,2.0,41,2,Downtown,1.1,No,7.024594740803767,298900
2351.6,5,3.0,12,3,Downtown,3.5,Yes,7.6966654838685775,471000
2814.1,4,2.0,30,2,Downtown,1.8,Yes,4.550608903732437,503200
2098.4,4,2.0,1,1,Downtown,0.4,Yes,5.56617019509879,406500
1252.4,2,2.0,18,2,Suburban,7.6,Yes,5.7,269600
3153.3,6,4.0,1,1,Suburban,13.5,Yes,4.4,539100
1355.4,3,3.0,10,1,Rural,18.2,Yes,9.6,243400
1742.6,3,2.0,14,1,Rural,31.5,No,7.5,247900
2431.1,4,3.0,10,2,Rural,28.5,Yes,7.4,386400
1867.9,4,3.0,3,1,Suburban,8.9,Yes,6.9,389600
2242.4,5,3.0,10,2,Suburban,16.0,Yes,4.6,437000
1232.1,2,2.0,3,1,Suburban,16.8,Yes,4.6,236400
1813.6,3,2.0,5,2,Downtown,0.5,Yes,6.676547206372842,382200
2445.5,5,3.0,1,1,Rural,25.0,No,6.6,337600
3092.8,6,4.0,21,1,Downtown,0.9,No,8.305162590209012,511900
1733.8,3,1.0,18,1,Suburban,3.7,Yes,8.5,318900
2186.7,4,3.0,24,2,Downtown,0.2,Yes,6.52961063120937,454900
1471.3,3,2.0,4,3,Suburban,19.0,Yes,8.6,249200
2064.5,4,3.0,8,2,Suburban,12.4,Yes,4.7,344600
1801.1,1,1.0,44,1,Suburban,9.7,Yes,6.7,283500
1193.6,3,2.0,9,1,Downtown,0.4,Yes,7.90128063038546,345700
1543.8,3,2.0,5,2,Suburban,11.7,Yes,9.3,303100
1318.4,2,1.0,33,2,Rural,25.0,No,7.0,180800
1275.4,3,3.0,4,1,Downtown,5.5,No,7.8368344161553,302200
1687.1,3,2.0,8,2,Rural,29.1,No,6.3,254600
923.6,1,1.0,4,3,Suburban,7.8,Yes,,237800
1406.3,3,1.0,13,2,Rural,20.0,Yes,7.1,227800
2339.4,5,3.0,19,2,Downtown,0.5,No,4.2200170247207405,420700
1908.2,3,2.0,5,1,Suburban,10.1,Yes,8.0,347100
1956.4,4,2.0,18,1,Suburban,10.2,Yes,6.8,350900
2074.1,3,2.0,3,1,Downtown,8.1,Yes,6.112500946773457,391900
1941.0,3,3.0,4,2,Suburban,9.1,Yes,3.9,380600
2459.6,4,3.0,10,2,Suburban,3.9,No,10.0,458400
2020.4,4,2.0,11,1,Suburban,5.8,Yes,5.5,377300
2030.6,5,4.0,2,1,Suburban,13.4,No,5.7,355100
1550.9,3,2.0,27,1,Downtown,0.2,Yes,8.931542660186203,344300
1587.5,2,1.0,19,2,Suburban,9.5,Yes,8.1,299100
1221.5,2,1.0,3,1,Downtown,2.3,Yes,4.784982193587062,310000
1160.0,2,1.0,7,2,Suburban,21.0,Yes,3.0,242400
1500.1,3,2.0,21,1,Suburban,5.8,Yes,7.0,305700
1667.1,3,2.0,1,2,Suburban,18.2,Yes,5.6,327800
2620.1,5,3.0,13,1,Downtown,5.9,Yes,5.648463066621017,456700
1281.3,2,2.0,22,1,Suburban,6.1,No,4.8,235500
2241.4,4,2.0,36,2,Downtown,4.9,Yes,6.790307226880037,407600
1840.9,3,2.0,19,1,Suburban,18.1,Yes,5.1,284600
1257.9,3,2.0,0,2,Rural,28.9,No,2.9,196800
1566.8,3,3.0,4,1,Suburban,12.4,No,8.6,315600
1542.6,3,2.0,13,1,Suburban,17.7,Yes,8.7,282800
1782.7,4,3.0,11,1,Downtown,0.9,No,5.505229695806135,368400
1006.5,2,1.0,1,3,Downtown,3.5,Yes,8.940244100349657,284700
1401.6,2,2.0,60,2,Downtown,1.3,Yes,8.889260665720583,268900
2444.5,6,4.0,30,2,Suburban,11.4,No,7.4,395600
1549.6,4,3.0,38,2,Suburban,16.6,No,9.8,285800
1463.4,3,2.0,7,3,Suburban,15.5,No,7.7,277900
2471.5,3,1.0,1,1,Rural,25.8,Yes,4.6,345300
1986.3,4,3.0,7,3,Suburban,14.7,No,9.8,375100
1616.0,3,3.0,56,1,Downtown,0.5,Yes,5.206000634108695,314000
2967.7,6,4.0,20,2,Suburban,14.3,Yes,7.6,487800
1986.0,3,1.0,6,2,Downtown,4.8,Yes,6.650549246236359,386200
2175.6,4,2.0,3,1,Rural,21.0,Yes,7.8,338400
1472.9,2,1.0,3,1,Downtown,0.6,No,8.835051299594545,268300
1681.4,4,2.0,26,1,Downtown,1.2,No,4.565934005022903,338000
2014.4,4,3.0,23,1,Downtown,1.4,Yes,7.5123187414465225,388300
958.9,3,3.0,4,1,Downtown,0.2,No,8.982807850094028,241600
1005.0,2,1.0,39,2,Suburban,18.1,No,7.0,183300
1271.1,3,2.0,11,1,Suburban,7.3,Yes,6.9,272700
2233.0,4,3.0,1,2,Rural,21.1,Yes,6.4,357400
1457.0,3,2.0,14,2,Suburban,12.9,Yes,9.0,279900
2180.4,4,3.0,36,2,Downtown,1.5,Yes,4.697508999199141,449900
2351.3,5,4.0,6,2,Suburban,15.1,Yes,7.2,464100
1535.7,3,3.0,0,1,Downtown,1.3,No,7.439644815577732,379600
2385.1,4,2.0,2,1,Rural,27.8,Yes,7.0,306400
2112.8,4,3.0,0,2,Downtown,1.8,Yes,9.05890150181257,456500
1895.7,2,1.0,2,2,Downtown,1.1,Yes,4.169313152083012,361400
1941.1,4,2.0,6,1,Downtown,1.6,No,5.586822557243463,373400
2179.0,4,2.0,4,1,Suburban,9.1,Yes,8.9,388400
1866.2,4,2.0,6,1,Suburban,7.6,Yes,5.2,319900
1329.5,2,1.0,14,2,Downtown,1.1,Yes,6.313046668105601,354900
1295.4,2,1.0,3,1,Suburban,7.2,No,6.8,264600
1100.1,1,1.0,26,1,Suburban,7.7,Yes,,217300
2081.7,3,3.0,6,1,Downtown,7.0,Yes,6.930494039840904,444300
1502.8,3,2.0,35,1,Rural,14.3,No,5.9,216500
1508.2,2,1.0,19,1,Suburban,13.7,Yes,6.1,247300
1225.7,3,2.0,2,1,Suburban,8.5,Yes,9.9,246400
2084.1,4,2.0,35,2,Rural,32.4,Yes,4.6,295900
2272.1,4,3.0,25,1,Suburban,15.5,Yes,6.4,402400
1925.9,4,2.0,5,2,Downtown,0.9,Yes,5.317651089335454,346900
1797.1,3,2.0,13,1,Rural,32.7,Yes,8.6,271200
1096.5,3,2.0,7,1,Rural,10.5,Yes,7.3,222000
1959.8,4,3.0,1,2,Suburban,15.4,Yes,10.0,383400
1728.9,3,2.0,57,1,Suburban,13.4,No,1.9,305100
1985.7,3,3.0,29,1,Rural,24.8,Yes,4.7,294000
1767.7,3,2.0,6,2,Suburban,14.5,No,3.6,281800
1210.3,2,2.0,7,1,Downtown,0.7,No,6.790305139105738,259300
2025.6,3,2.0,1,2,Suburban,7.7,Yes,5.8,368200
1299.0,2,2.0,3,2,Rural,48.4,Yes,5.3,195800
3003.8,5,4.0,12,2,Downtown,0.4,Yes,8.166252847524236,534100
2366.7,3,2.0,17,1,Downtown,0.5,No,8.708698798377391,472500
1814.2,3,2.0,26,2,Downtown,0.2,Yes,5.96437116812499,335500
1695.3,4,2.0,15,1,Downtown,0.4,Yes,8.41669438291546,338900
1780.2,4,3.0,28,1,Suburban,16.4,Yes,8.7,324900
1983.1,3,1.0,4,1,Suburban,15.9,Yes,4.8,317100
1423.4,3,2.0,40,1,Suburban,13.2,Yes,8.8,239900
1654.6,3,2.0,0,1,Rural,28.4,No,7.7,241900
941.4,2,1.0,14,3,Rural,31.0,No,5.4,154900
2314.2,4,2.0,23,1,Downtown,1.8,No,7.792547003455912,413300
2448.8,5,2.0,21,1,Downtown,2.4,Yes,7.622244455495064,424100
1494.3,3,1.0,13,2,Downtown,2.6,Yes,4.4594002712911625,279000
1279.9,2,1.0,2,2,Suburban,19.7,Yes,8.9,230100
2972.5,5,3.0,23,2,Suburban,7.3,Yes,7.4,545500
1768.6,3,2.0,6,2,Rural,27.8,Yes,8.9,293100
2939.3,5,3.0,3,2,Suburban,10.4,Yes,8.4,501200
1401.3,3,2.0,7,1,Suburban,9.4,Yes,6.3,294500
1504.6,3,2.0,10,1,Suburban,12.9,Yes,10.0,289900
2959.9,5,3.0,11,1,Rural,25.3,Yes,5.9,514400
1504.6,2,2.0,14,2,Suburban,10.3,No,8.4,281100
1452.3,1,1.0,1,1,Suburban,15.8,No,10.0,231200
1773.9,3,3.0,8,2,Suburban,9.8,Yes,7.4,322700
1536.3,3,2.0,1,2,Suburban,14.1,No,6.1,310200
1094.2,2,1.0,17,1,Rural,43.4,Yes,2.6,159600
1461.8,2,1.0,7,1,Downtown,2.3,Yes,4.41281989238013,333300
2064.0,4,3.0,1,2,Suburban,8.6,Yes,6.6,377100
1684.4,3,2.0,22,1,Suburban,17.5,Yes,9.5,278600
2230.1,4,2.0,8,1,Downtown,1.1,Yes,7.169793907032226,437400
1709.2,4,3.0,6,2,Suburban,10.8,No,7.2,371400
1794.8,2,2.0,0,1,Suburban,12.3,Yes,7.3,316400
1450.7,2,1.0,7,2,Suburban,17.3,Yes,10.0,257800
1579.8,3,1.0,8,1,Suburban,11.0,Yes,7.0,277000
1171.1,2,2.0,19,2,Suburban,13.3,Yes,6.7,233200
1767.5,4,2.0,17,1,Suburban,11.5,Yes,5.0,308700
1987.2,3,2.0,17,1,Suburban,11.2,Yes,3.4,307500
1930.6,4,3.0,5,1,Suburban,11.4,No,8.2,377500
1759.5,3,2.0,39,1,Downtown,0.6,No,6.301996154594239,342200
1175.7,2,1.0,9,2,Downtown,0.2,No,6.67842990966758,271000
1516.9,2,2.0,12,1,Rural,25.5,Yes,4.9,225400
2400.4,4,3.0,7,3,Suburban,12.0,Yes,5.3,394500
1321.9,3,2.0,1,1,Suburban,15.9,Yes,9.7,255400
1724.8,4,3.0,2,2,Downtown,7.2,Yes,9.91953494321458,357700
2645.6,5,3.0,28,2,Downtown,4.4,Yes,4.327715734344807,486900
1643.5,3,2.0,18,2,Downtown,0.6,Yes,8.49314042012823,365900
1838.8,2,1.0,8,1,Downtown,10.2,No,6.880012772777338,340600
2392.9,4,3.0,30,2,Suburban,9.9,Yes,8.3,378900
3248.0,6,3.0,9,1,Suburban,8.2,Yes,,548100
1324.4,1,2.0,26,2,Downtown,0.4,No,5.296711388837013,315100
1753.6,2,2.0,60,2,Downtown,3.0,Yes,5.682789241888824,266600
2366.3,4,2.0,21,1,Downtown,6.6,Yes,5.294824914011064,445800
2289.3,5,3.0,9,1,Downtown,1.3,No,6.750359761465456,453500
1418.0,3,2.0,16,3,Downtown,2.8,No,9.316696204038818,305400
1256.9,2,1.0,2,1,Suburban,18.9,No,5.2,245200
2917.7,6,3.0,6,2,Suburban,19.3,Yes,5.2,529300
957.9,1,1.0,9,2,Downtown,9.6,No,6.412005445347589,222700
1544.1,3,1.0,8,3,Downtown,3.9,Yes,6.772931175073913,345600
1670.8,3,3.0,5,1,Suburban,14.8,Yes,8.3,316400
1098.2,3,2.0,20,1,Suburban,9.0,Yes,4.3,216400
2542.2,4,2.0,1,1,Downtown,2.2,No,6.421472625097094,436600
1693.2,3,1.0,7,1,Suburban,14.7,Yes,6.6,320500
1802.7,4,2.0,10,2,Suburban,11.6,Yes,9.4,326200
1714.1,4,3.0,7,2,Rural,31.3,Yes,6.2,328600
1433.8,3,1.0,60,2,Downtown,4.1,Yes,8.108232227600322,267300
3278.1,7,4.0,1,1,Downtown,0.4,No,8.427965804575974,539200
1090.4,3,2.0,28,2,Suburban,11.4,Yes,8.0,207100
1584.9,2,2.0,9,1,Suburban,13.7,Yes,7.0,275600
1761.4,4,3.0,10,2,Rural,39.1,Yes,7.7,275200
1810.5,2,2.0,1,2,Suburban,10.0,No,10.0,352400
1594.1,4,2.0,38,2,Rural,24.2,Yes,5.7,251800
1537.7,3,2.0,9,2,Downtown,3.4,Yes,7.963344526174914,326900
2060.4,4,2.0,15,1,Downtown,7.6,Yes,3.6116093454635614,343300
1283.2,3,2.0,4,1,Suburban,15.6,Yes,6.3,289900
1406.5,1,1.0,13,2,Rural,24.1,Yes,4.5,195200
1831.9,3,2.0,3,2,Suburban,18.0,Yes,6.4,355800
1337.2,2,1.0,18,1,Suburban,11.9,No,5.6,220600
1582.5,2,2.0,11,1,Suburban,18.4,No,6.4,260100
1309.1,2,1.0,15,2,Suburban,8.6,Yes,5.6,275700
1443.5,3,3.0,3,3,Suburban,9.7,No,4.8,298200
1754.7,3,2.0,19,2,Rural,29.6,Yes,5.6,271600
2122.6,3,3.0,19,2,Suburban,8.3,No,8.9,360100
1609.9,2,1.0,5,2,Downtown,0.5,Yes,7.3768730138832135,331200
1627.6,3,2.0,4,1,Rural,20.7,Yes,10.0,267200
2583.5,5,3.0,7,3,Rural,18.2,Yes,10.0,404100
4766.2,6,4.0,18,1,Rural,21.6,No,4.5,864600
2433.5,4,2.0,10,2,Suburban,10.6,Yes,5.4,410500
1265.6,3,2.0,31,2,Suburban,9.9,No,10.0,259000
1686.7,4,2.0,10,1,Downtown,1.4,Yes,5.725538327414157,345000
1759.7,2,1.0,4,1,Rural,23.0,Yes,6.4,282500
2209.7,3,2.0,14,2,Suburban,13.0,Yes,5.6,411600
1822.8,2,1.0,15,2,Rural,36.0,No,,233000
1855.7,4,3.0,5,2,Downtown,0.5,Yes,5.685331029797183,387900
2714.3,5,2.0,8,1,Suburban,12.7,No,6.3,494600
1425.4,4,1.0,42,2,Downtown,1.0,No,7.611246865727262,306900
2461.8,4,2.0,33,1,Suburban,11.0,Yes,9.3,367400
1310.2,2,1.0,51,1,Suburban,6.5,No,5.0,209200
2937.2,5,4.0,15,1,Downtown,10.2,No,7.237127687009212,574400
2026.5,4,2.0,0,2,Rural,36.7,No,7.7,283700
2014.6,3,1.0,5,1,Rural,44.3,Yes,4.8,283200
1266.7,2,1.0,16,1,Suburban,6.4,Yes,5.9,256200
1789.1,4,2.0,5,2,Downtown,0.8,No,3.759870252725543,329800
2494.6,5,3.0,20,2,Rural,21.9,Yes,6.9,412500
2411.1,6,4.0,35,1,Downtown,0.2,Yes,6.6111083751834325,484200
1093.7,2,3.0,4,2,Downtown,1.6,Yes,4.021246877026261,304800
1487.5,2,2.0,9,1,Downtown,4.9,Yes,7.336271411140032,345600
2068.1,3,2.0,46,2,Suburban,16.8,Yes,6.3,308800
2314.1,4,2.0,3,1,Rural,30.3,Yes,5.6,365800
2592.5,5,4.0,21,2,Rural,27.2,Yes,10.0,465400
1046.0,2,2.0,45,2,Rural,33.0,Yes,5.3,142500
1356.2,3,2.0,12,1,Rural,36.2,No,5.6,212300
2157.1,4,3.0,7,1,Suburban,5.4,Yes,8.0,378200
872.4,1,1.0,1,2,Suburban,15.5,Yes,7.6,205300
1934.3,3,1.0,6,2,Suburban,15.3,Yes,9.3,297300
1089.2,2,2.0,6,2,Downtown,0.3,No,5.128813529065218,290900
1432.6,1,1.0,35,2,Suburban,6.6,No,6.2,237500
2344.9,5,4.0,32,2,Rural,24.1,Yes,6.9,322600
1937.4,4,3.0,3,1,Downtown,3.4,Yes,8.183089824853283,383200
1476.0,3,2.0,0,2,Rural,22.0,Yes,7.6,264500
1590.4,4,3.0,4,3,Suburban,7.4,Yes,2.0,330700
2222.9,4,3.0,10,2,Rural,33.7,Yes,6.5,356600
1967.2,4,2.0,9,1,Downtown,0.2,Yes,6.378314756425738,369400
1827.5,4,4.0,23,2,Suburban,11.3,Yes,7.7,355900
2025.4,3,2.0,2,3,Suburban,13.2,Yes,4.1,390600
931.2,1,1.0,0,2,Downtown,0.4,Yes,4.8648895370303356,250500
2401.1,5,4.0,3,1,Downtown,4.0,Yes,7.5128936920849885,478000
1823.8,4,3.0,5,1,Rural,36.9,Yes,4.0,297500
1833.8,4,3.0,0,2,Suburban,13.0,No,8.5,323500
2321.9,4,2.0,5,1,Suburban,5.4,No,7.3,396400
2125.0,3,2.0,0,1,Suburban,11.6,No,3.4,358000
1514.7,3,3.0,0,2,Suburban,12.0,Yes,4.8,327000
2264.6,5,3.0,1,2,Downtown,3.2,Yes,5.307062572306685,475900
3563.4,6,3.0,17,1,Suburban,12.2,Yes,1.8,611900
1263.2,3,2.0,49,1,Suburban,11.5,Yes,5.5,250400
1302.4,2,1.0,7,1,Rural,17.0,No,5.6,214600
3927.5,7,5.0,5,1,Suburban,19.2,Yes,3.1,627300
1317.5,2,2.0,5,1,Rural,19.4,No,1.0,214500
1235.7,2,1.0,8,1,Suburban,13.5,Yes,5.9,231800
1664.8,2,2.0,20,2,Downtown,0.4,Yes,4.5773445328517655,330100
1587.9,3,2.0,24,1,Suburban,10.8,Yes,6.7,290600
1175.3,2,1.0,5,2,Downtown,5.3,Yes,9.204559903532443,262700
1825.4,3,1.0,2,1,Suburban,7.3,Yes,9.9,333000
1600.3,2,1.0,6,1,Rural,11.7,No,3.6,249300
2437.0,4,2.0,39,1,Downtown,2.7,Yes,7.086284654167548,439500
2356.2,4,2.0,2,1,Downtown,7.1,Yes,4.582068549082325,422500
1417.0,3,2.0,25,2,Rural,28.6,Yes,8.0,229900
1736.7,3,2.0,9,2,Suburban,14.7,Yes,6.6,279800
1480.7,2,2.0,2,1,Rural,31.0,Yes,8.9,225700
2342.4,4,2.0,8,1,Rural,38.0,Yes,6.5,283000
1822.2,3,2.0,6,1,Suburban,19.1,Yes,6.4,316100
1607.9,4,2.0,18,2,Downtown,4.7,Yes,8.591017622928804,338600
1159.4,2,2.0,8,1,Suburban,13.9,Yes,4.9,235500
1606.9,3,2.0,3,2,Rural,28.5,No,8.0,246300
1173.2,3,2.0,13,1,Suburban,11.6,Yes,4.9,245800
1528.7,3,3.0,3,2,Downtown,0.2,Yes,5.942679225099877,347500
1108.8,2,1.0,4,2,Downtown,0.5,Yes,4.103276834270514,290000
2521.8,4,2.0,14,2,Downtown,4.3,Yes,7.4597372356126534,455500
1614.5,2,2.0,19,2,Rural,27.4,Yes,7.9,217800
1509.6,3,1.0,8,2,Suburban,12.4,No,8.1,279200
2884.4,6,4.0,3,1,Rural,15.8,Yes,1.3,424900
1381.0,3,2.0,6,2,Suburban,6.7,Yes,8.0,263300
1812.1,2,1.0,18,1,Suburban,12.2,No,5.8,302100
3046.6,6,3.0,4,2,Rural,36.5,Yes,7.1,468300
1885.9,4,3.0,2,2,Downtown,0.6,Yes,5.777018230654928,368300
2084.3,3,2.0,16,1,Suburban,14.8,Yes,8.1,334300
2698.5,5,4.0,1,2,Downtown,6.2,Yes,8.009168499302119,532900
1166.7,3,2.0,3,1,Suburban,5.7,No,6.3,264800
1157.7,2,2.0,14,3,Suburban,10.5,No,4.9,216100
1820.7,3,2.0,6,1,Suburban,12.9,No,8.3,317800
1980.1,3,2.0,16,1,Suburban,6.4,No,5.7,307800
1279.4,3,3.0,36,1,Rural,21.3,Yes,8.5,229600
3135.8,7,4.0,3,2,Suburban,14.0,Yes,4.6,542100
1453.8,2,1.0,21,2,Downtown,5.4,Yes,9.732330315815474,298300
1616.7,3,2.0,1,2,Downtown,2.6,Yes,7.682559312990376,334800
1474.2,2,1.0,4,3,Suburban,11.5,Yes,3.9,264700
1220.8,3,2.0,0,2,Downtown,,No,5.691308937648661,298700
1893.6,3,2.0,1,1,Downtown,1.9,Yes,6.175056756845881,382400
2750.1,5,3.0,2,2,Downtown,1.4,Yes,9.452824897053128,581400
1861.5,3,1.0,12,1,Suburban,14.2,Yes,9.2,324500
1420.9,3,2.0,6,2,Suburban,10.0,Yes,3.6,279500
2075.6,4,3.0,27,1,Rural,29.3,No,9.3,271400
1372.8,4,2.0,60,2,Rural,34.8,No,6.7,177600
1843.6,3,1.0,3,2,Suburban,21.0,Yes,7.7,284900
1798.9,3,2.0,16,2,Suburban,13.4,Yes,6.1,317500
1660.5,2,1.0,27,2,Rural,39.9,Yes,6.3,208600
1615.0,3,2.0,52,3,Suburban,17.5,Yes,6.4,268100
2054.6,3,2.0,5,3,Downtown,1.1,No,7.52442517734145,354100
1159.7,1,1.0,14,1,Downtown,0.9,No,4.149366256755968,257900
1256.0,2,1.0,1,2,Rural,3.8,Yes,7.0,255100
1886.1,3,2.0,29,2,Rural,30.9,Yes,9.4,277300
1321.9,3,1.0,0,2,Downtown,0.5,No,5.830598744896538,305600
1310.8,3,1.0,2,2,Rural,32.8,No,4.8,195700
1858.8,3,2.0,8,2,Suburban,8.1,Yes,7.2,335200
1360.6,3,2.0,31,1,Suburban,14.2,Yes,6.2,241400
1364.3,2,1.0,60,2,Suburban,10.3,Yes,5.7,252100
1852.5,4,3.0,13,1,Downtown,1.4,Yes,4.714629032671648,408300
2615.2,5,4.0,16,2,Suburban,2.2,Yes,7.8,505400
1302.1,2,2.0,0,1,Suburban,15.5,No,3.0,227100
2026.9,4,2.0,5,1,Suburban,10.4,Yes,8.0,355000
1455.7,2,1.0,17,2,Suburban,16.2,Yes,5.7,259200
2131.3,4,3.0,0,2,Suburban,9.8,Yes,4.1,353700
2451.3,3,2.0,31,2,Downtown,0.2,Yes,9.033257093580604,648500
1985.6,3,2.0,7,3,Suburban,14.1,Yes,7.9,336900
1900.7,4,3.0,19,1,Downtown,1.1,No,6.711357342148332,430300
1871.5,3,1.0,6,2,Suburban,8.6,Yes,8.3,340200
1386.6,3,2.0,23,2,Suburban,7.3,Yes,4.9,274500
2170.0,5,3.0,6,1,Downtown,1.6,No,5.081619931510443,470800
2172.7,4,3.0,3,2,Downtown,1.4,Yes,3.582363688820433,462300
1593.9,3,2.0,27,2,Rural,37.2,Yes,8.0,215300
2102.9,5,3.0,15,1,Downtown,4.9,No,7.006059802101505,410000
1791.5,4,,13,2,Rural,24.7,Yes,8.3,303700
2163.0,5,4.0,11,2,Suburban,9.7,Yes,6.1,397000
1780.4,2,1.0,30,2,Suburban,13.2,Yes,6.8,288900
2523.0,5,4.0,8,1,Suburban,16.1,No,9.0,436600
1694.5,3,2.0,16,2,Rural,18.9,No,6.8,250100
1474.3,3,2.0,1,1,Suburban,12.4,Yes,6.6,293200
1876.4,3,2.0,4,2,Suburban,2.4,Yes,9.3,360700
1338.1,3,3.0,7,1,Suburban,11.3,Yes,7.5,274300
1500.4,3,2.0,14,1,Downtown,0.7,Yes,7.102398409900693,346100
2029.6,3,2.0,6,1,Suburban,15.0,Yes,5.7,341300
1559.6,3,3.0,16,3,Suburban,14.1,No,7.0,317400
1928.9,3,3.0,42,2,Suburban,14.6,Yes,6.5,314200
1622.0,3,2.0,21,2,Suburban,9.8,Yes,6.3,295200
1450.5,2,1.0,29,1,Suburban,15.5,Yes,5.6,246100
1298.9,3,3.0,16,2,Downtown,2.2,Yes,4.616223820759154,318900
1881.0,4,2.0,54,2,Downtown,4.1,Yes,5.097764001651065,351200
1887.4,4,3.0,22,2,Downtown,4.6,Yes,9.331222913458598,398600
2176.4,4,2.0,16,2,Suburban,8.6,Yes,4.3,425400
1444.0,3,2.0,16,1,Rural,30.3,Yes,6.4,206500
2734.6,6,3.0,15,2,Suburban,16.1,Yes,6.4,452000
2244.9,4,3.0,60,1,Suburban,15.6,Yes,10.0,345800
1929.0,3,2.0,18,1,Suburban,15.4,No,7.2,345700
2081.4,3,1.0,5,2,Suburban,13.7,Yes,7.5,347300
1954.8,3,2.0,6,1,Suburban,14.0,No,5.8,335600
1405.2,2,2.0,20,3,Suburban,16.9,Yes,9.1,267100
1140.4,3,2.0,20,2,Rural,30.7,No,8.1,166500
2236.4,3,2.0,2,3,Downtown,0.6,Yes,7.907104056472749,456800
1696.6,3,2.0,1,1,Downtown,0.5,Yes,5.694756653588283,338900
1399.8,2,1.0,13,2,Downtown,1.5,No,6.099630341823599,281800
1917.4,3,2.0,9,1,Suburban,8.4,No,9.8,333200
1184.7,2,1.0,5,3,Rural,26.1,No,2.6,187100
1642.5,3,2.0,15,1,Suburban,12.9,No,7.1,319000
1276.7,2,1.0,3,2,Suburban,5.3,Yes,6.0,255700
1772.4,3,1.0,4,2,Downtown,1.0,Yes,4.65276270797798,371400
1650.2,2,2.0,16,1,Rural,17.4,Yes,7.5,269800
1712.9,3,2.0,4,2,Suburban,16.0,No,5.5,351700
1341.5,3,2.0,15,1,Suburban,8.4,Yes,4.8,278200
759.0,1,1.0,4,2,Rural,11.6,Yes,8.1,149800
841.3,1,1.0,21,2,Downtown,1.3,Yes,7.965080091580248,192900
921.0,1,1.0,1,1,Downtown,2.6,Yes,4.536010419488534,224300
1977.3,4,3.0,17,1,Suburban,10.9,Yes,,379000
1328.6,3,3.0,28,1,Rural,26.7,Yes,2.6,224400
2294.4,5,2.0,6,2,Suburban,12.7,Yes,3.4,432100
1500.5,3,2.0,7,2,Suburban,11.7,Yes,7.0,280700
1921.2,4,3.0,0,1,Suburban,8.9,Yes,6.6,396800
1588.8,2,1.0,25,1,Suburban,12.3,Yes,8.1,248000
1219.6,2,1.0,1,1,Suburban,16.8,Yes,6.1,225700
2276.6,5,4.0,23,1,Rural,21.6,Yes,8.3,397000
2176.3,4,4.0,18,2,Downtown,4.4,Yes,7.121447317398067,469800
2309.7,4,2.0,13,1,Suburban,12.7,Yes,6.7,414800
2406.8,3,2.0,59,1,Downtown,2.4,Yes,3.93425890647411,425600
1662.9,4,3.0,6,1,Rural,20.9,Yes,4.8,322200
1757.9,3,3.0,4,1,Suburban,3.7,Yes,5.6,386200
1823.4,5,3.0,3,3,Rural,38.5,Yes,8.1,309300
1980.6,3,3.0,4,1,Suburban,15.6,No,8.2,339600
2675.0,5,4.0,1,1,Downtown,0.2,Yes,5.893970681181991,539900
1414.5,4,4.0,7,2,Downtown,4.0,Yes,5.7756885624510055,355300
2519.9,4,3.0,1,2,Suburban,11.0,Yes,6.1,444000
2415.5,4,3.0,1,2,Downtown,1.0,Yes,4.666422881595673,439600
2580.1,6,4.0,6,2,Rural,31.4,No,7.6,391500
993.6,1,1.0,14,1,Suburban,20.7,Yes,5.7,194300
1517.9,3,1.0,3,1,Suburban,15.2,Yes,6.4,274100
1016.0,2,1.0,7,2,Suburban,16.7,No,5.6,199100
1697.0,3,2.0,30,1,Rural,16.1,No,5.9,263900
2703.1,5,3.0,21,1,Downtown,4.1,Yes,9.150127206859151,505200
2310.3,5,3.0,2,2,Suburban,20.1,Yes,8.3,415800
2638.5,5,3.0,18,1,Suburban,13.3,Yes,9.1,440500
2684.2,5,3.0,3,2,Rural,16.5,No,6.7,397700
1709.6,3,2.0,12,1,Suburban,6.1,No,7.2,337400
1817.3,4,,0,3,Suburban,11.1,No,7.0,373100
1156.2,2,1.0,13,1,Rural,31.6,Yes,7.1,183900
1340.4,2,2.0,18,3,Suburban,11.2,Yes,4.6,277100
1392.6,2,1.0,4,1,Suburban,14.0,No,5.4,254800
832.6,1,1.0,13,1,Downtown,1.3,Yes,9.261371939551298,261800
1558.5,3,2.0,11,2,Suburban,7.6,Yes,7.1,295000
1609.9,4,3.0,4,1,Downtown,1.6,Yes,5.83572285773306,356500
1348.7,2,1.0,8,1,Downtown,1.3,No,5.516970771907124,289500
1173.0,2,3.0,6,2,Downtown,1.7,No,5.834088850464239,308500
1568.3,3,2.0,17,3,Suburban,9.0,Yes,5.2,289400
2021.6,4,2.0,18,2,Suburban,15.5,Yes,10.0,326100
1573.2,3,3.0,4,1,Suburban,20.8,No,6.8,306400
1731.6,2,1.0,25,1,Suburban,2.8,Yes,4.2,271400
1917.5,3,2.0,4,2,Downtown,5.2,Yes,4.066782168162127,414900
2079.4,5,3.0,2,2,Rural,42.1,Yes,8.2,320600
1669.6,3,2.0,6,1,Suburban,17.4,Yes,6.8,340700
2369.1,4,2.0,13,1,Downtown,0.5,Yes,7.742622385364702,477100
880.3,2,2.0,2,1,Downtown,0.6,Yes,5.9986119508403135,283100
1451.2,3,2.0,15,2,Downtown,3.8,Yes,4.093895139202731,353400
2156.0,3,2.0,6,2,Downtown,1.0,Yes,5.674031459822817,420400
2318.5,3,2.0,20,1,Suburban,6.2,Yes,6.3,387700
1361.6,2,1.0,13,2,Suburban,16.7,No,4.9,225600
1807.6,3,1.0,32,1,Downtown,4.4,No,6.361732082072302,350500
2067.0,3,3.0,38,1,Suburban,12.4,Yes,5.3,357100
2061.8,3,2.0,34,1,Downtown,1.0,Yes,5.7784949585549015,360400
1274.2,3,2.0,12,2,Suburban,13.7,Yes,3.3,244800
1081.5,3,2.0,7,3,Rural,24.0,No,7.1,211200
2036.3,4,2.0,15,1,Downtown,0.2,Yes,6.930931804044225,409500
1482.3,2,1.0,33,2,Suburban,14.5,Yes,7.1,260000
1892.9,4,2.0,36,2,Downtown,2.1,Yes,5.209365101986626,341900
1388.9,2,1.0,2,1,Downtown,1.9,Yes,5.582874186008267,300800
1928.0,3,2.0,9,1,Suburban,11.4,No,5.0,351000
2045.4,3,1.0,6,1,Suburban,16.9,Yes,5.6,341500
1449.1,3,1.0,40,1,Suburban,12.1,Yes,8.5,255400
1978.8,4,2.0,19,1,Rural,25.4,Yes,4.7,346100
1701.4,3,2.0,7,3,Suburban,13.1,Yes,4.7,370100
1900.7,3,3.0,5,1,Rural,23.7,No,8.7,301900
1453.0,3,2.0,8,2,Rural,27.4,Yes,6.6,194600
1565.8,4,2.0,16,2,Suburban,11.3,Yes,5.6,312400
1484.9,3,1.0,1,3,Downtown,2.2,Yes,8.306541397528086,331000
777.0,1,1.0,15,2,Rural,37.1,Yes,5.7,102000
2041.2,4,2.0,11,2,Rural,30.7,Yes,4.7,318100
1572.9,4,2.0,10,1,Downtown,3.4,Yes,4.815727433381548,339000
3212.4,7,4.0,2,1,Suburban,11.7,Yes,3.8,591600
2038.3,4,3.0,6,2,Downtown,2.5,No,5.505053664337149,391900
1918.1,3,2.0,2,1,Rural,29.5,Yes,9.2,321700
1810.7,3,3.0,17,2,Suburban,6.5,No,6.2,352100
2187.9,5,4.0,11,1,Suburban,11.2,Yes,5.2,427200
2845.9,5,3.0,16,3,Suburban,10.1,Yes,3.2,410300
1518.2,2,1.0,12,2,Suburban,12.6,Yes,6.0,256500
1963.6,3,3.0,33,2,Suburban,6.9,No,7.6,326000
2259.9,5,3.0,3,1,Suburban,11.3,Yes,6.0,448900
2017.3,4,2.0,11,2,Suburban,13.0,Yes,8.4,354100
1392.8,3,2.0,26,1,Downtown,1.4,Yes,8.717322015563942,317500
2249.2,3,2.0,25,2,Downtown,0.5,Yes,9.251889178003475,401600
1181.8,3,2.0,2,1,Downtown,0.5,Yes,2.9412576234873917,277200
2081.7,3,2.0,5,1,Suburban,5.7,Yes,8.3,370200
1985.9,2,1.0,35,2,Rural,27.9,Yes,5.4,285700
2710.6,5,3.0,10,2,Rural,24.0,Yes,6.3,427700
887.5,1,1.0,9,2,Rural,30.9,Yes,4.8,139500
1469.3,3,3.0,55,1,Suburban,8.4,No,4.7,249200
1250.7,1,1.0,30,2,Downtown,0.2,No,5.446183034274499,267700
1588.7,3,3.0,3,2,Downtown,2.7,No,7.199551891325207,341900
1736.4,3,1.0,31,2,Suburban,13.7,No,5.6,216500
1267.2,2,1.0,32,3,Suburban,10.6,No,6.4,218600
1939.9,3,2.0,10,1,Suburban,14.3,Yes,8.1,314600
1510.6,4,3.0,7,2,Downtown,3.1,Yes,4.034654022265097,368100
1774.3,4,2.0,60,1,Suburban,7.4,Yes,5.0,268300
989.2,1,1.0,0,1,Suburban,13.7,No,6.0,200900
1105.9,2,1.0,9,2,Suburban,16.7,Yes,7.6,219700
1355.4,3,1.0,17,2,Rural,28.1,Yes,7.6,201300
1830.2,2,1.0,21,2,Rural,14.5,No,7.3,234500
2274.1,3,2.0,51,1,Downtown,4.9,No,3.5278161659933778,355900
960.1,3,2.0,57,2,Suburban,15.1,Yes,6.5,179900
1496.2,4,2.0,37,1,Suburban,12.7,No,6.9,276400
1568.7,1,1.0,10,1,Suburban,9.0,Yes,7.8,252900
1236.1,1,1.0,41,2,Suburban,9.2,Yes,4.4,208100
1628.2,3,2.0,12,2,Downtown,1.7,Yes,6.337973423665025,366300
1225.2,2,1.0,4,1,Suburban,19.8,Yes,6.5,227200
1236.6,3,2.0,1,1,Suburban,5.2,Yes,8.6,278700
2097.5,3,2.0,14,1,Rural,,No,7.0,325100
1650.5,3,2.0,4,3,Rural,34.7,No,7.5,259000
1517.0,3,2.0,14,2,Suburban,11.0,No,6.2,300500
1665.6,2,1.0,8,3,Suburban,16.7,No,8.5,305400
1817.5,4,3.0,28,2,Suburban,15.2,Yes,3.4,345800
3511.2,6,3.0,1,2,Downtown,1.9,Yes,6.515704755877344,716500
1848.6,4,3.0,37,2,Rural,31.9,Yes,8.5,281100
1112.3,2,2.0,19,2,Downtown,3.0,Yes,6.20102589859447,252300
971.7,1,1.0,12,2,Rural,34.6,Yes,5.1,145900
1458.2,2,1.0,14,2,Rural,32.7,Yes,6.0,209700
1702.5,3,3.0,54,1,Suburban,15.0,Yes,4.4,271200
2140.7,4,3.0,14,1,Suburban,11.1,Yes,7.6,416600
1481.5,3,2.0,37,3,Rural,17.6,Yes,6.6,243000
1981.3,3,2.0,4,1,Rural,24.6,Yes,6.0,297300
2258.5,5,3.0,24,1,Suburban,11.6,Yes,6.9,417600
3405.4,6,4.0,3,3,Suburban,15.2,Yes,8.5,630300
2393.7,6,4.0,17,2,Suburban,9.8,No,4.8,405100
2166.8,5,4.0,18,1,Suburban,4.4,Yes,6.8,417000
1929.0,5,2.0,24,1,Downtown,1.9,Yes,9.891287865421948,427100
1868.1,3,2.0,0,1,Suburban,11.4,Yes,7.7,350000
1468.7,3,1.0,5,1,Suburban,9.1,Yes,5.4,285900
1627.9,3,2.0,2,3,Rural,24.6,Yes,5.4,248800
1916.4,3,2.0,7,2,Downtown,1.3,Yes,9.783190568032344,442600
3000.2,5,3.0,15,1,Suburban,17.2,Yes,8.1,394600
1212.7,2,2.0,7,2,Rural,28.1,Yes,4.1,217900
1120.2,1,1.0,0,1,Rural,22.3,Yes,9.0,193900
1999.9,4,3.0,26,1,Suburban,11.9,Yes,6.2,336400
2764.5,5,4.0,1,2,Downtown,0.3,Yes,5.488426408349685,571300
1345.5,3,2.0,2,1,Downtown,1.7,No,4.646081872195682,316100
1150.5,4,2.0,60,1,Downtown,1.7,Yes,6.741432516025354,250000
1884.3,3,3.0,9,2,Suburban,9.2,Yes,4.9,350300
1392.0,3,1.0,18,2,Suburban,16.8,No,7.9,223700
1229.0,3,3.0,19,1,Suburban,7.1,Yes,6.5,302100
1576.8,3,1.0,3,2,Suburban,9.4,Yes,7.3,301200
2021.2,4,2.0,32,2,Downtown,1.1,Yes,10.0,375000
1965.3,4,3.0,11,1,Suburban,21.7,No,7.6,349500
1954.5,4,3.0,3,3,Downtown,4.6,Yes,9.429054032281826,395700
1545.0,3,2.0,10,1,Suburban,18.7,Yes,8.8,284200
1817.2,3,2.0,14,3,Downtown,1.7,Yes,7.948520354212141,364100
1978.8,3,2.0,39,2,Suburban,15.8,No,7.4,319200
1038.7,3,1.0,30,2,Rural,33.1,Yes,6.8,143400
2718.5,5,3.0,6,1,Suburban,18.9,Yes,6.6,472100
2071.8,3,2.0,8,1,Suburban,9.3,Yes,9.8,341200
1585.6,2,1.0,4,2,Rural,15.8,Yes,4.2,235400
2189.5,4,3.0,20,1,Rural,21.8,Yes,5.5,365800
1038.1,1,1.0,19,1,Suburban,13.8,No,8.1,168900
1352.4,2,2.0,53,2,Rural,28.8,Yes,5.5,191900
1208.3,2,1.0,17,2,Suburban,11.1,Yes,6.0,217100
2117.4,4,4.0,20,1,Rural,29.9,Yes,7.3,323800
1375.9,1,1.0,11,1,Suburban,12.7,No,7.7,227900
3839.7,7,4.0,7,1,Suburban,10.3,Yes,7.4,656000
2741.7,5,3.0,22,3,Downtown,0.7,No,6.850963820070233,490900
1618.2,3,2.0,22,3,Suburban,17.8,Yes,10.0,289800
1649.0,3,3.0,9,2,Suburban,6.2,Yes,6.3,308800
1509.3,3,2.0,33,1,Suburban,14.7,Yes,8.8,293500
1935.5,3,2.0,46,2,Suburban,16.0,Yes,7.7,334100
1730.1,3,1.0,1,2,Downtown,3.4,No,6.02291372849203,329700
2470.0,5,3.0,21,2,Suburban,7.0,Yes,7.4,434600
1469.3,2,1.0,9,1,Suburban,17.3,No,6.3,242900
1274.3,1,1.0,1,2,Downtown,1.1,No,4.890495321690359,263200
1627.8,4,3.0,7,1,Rural,29.3,Yes,7.8,282200
1514.3,2,2.0,16,1,Suburban,10.7,Yes,7.1,315900
2323.0,5,4.0,11,2,Downtown,1.1,Yes,4.194715608258511,494400
1736.5,3,2.0,5,2,Downtown,2.8,Yes,6.303149268980891,347000
1171.3,3,2.0,6,1,Downtown,2.1,Yes,6.748595942947473,268800
1330.0,1,1.0,18,1,Suburban,6.5,No,7.2,229400
3393.0,7,4.0,2,2,Rural,28.7,Yes,8.6,585800
1889.6,3,3.0,4,3,Rural,24.7,No,9.4,323600
1185.7,3,2.0,2,1,Suburban,13.6,Yes,8.3,285800
1924.6,3,1.0,8,1,Suburban,7.2,No,7.2,292400
1382.9,3,2.0,0,1,Downtown,2.1,Yes,5.196504761417305,300400
1274.3,2,2.0,4,1,Suburban,10.5,No,6.5,251200
1306.3,3,3.0,24,1,Suburban,14.7,Yes,7.6,278200
1864.7,5,4.0,60,2,Suburban,11.7,Yes,9.3,349700
1101.0,1,1.0,10,1,Suburban,20.0,No,8.2,228300
1262.2,3,2.0,9,3,Rural,28.5,Yes,3.5,213600
1032.9,2,1.0,4,3,Suburban,11.1,Yes,6.5,235500
2397.9,4,3.0,27,2,Downtown,0.2,Yes,4.946351013870232,435800
2110.4,5,3.0,46,1,Downtown,3.9,No,7.417059076656561,384900
1584.0,2,1.0,0,2,Downtown,10.8,Yes,7.790662041711813,671200
1615.9,2,2.0,10,1,Rural,29.7,Yes,,252300
2089.5,4,3.0,20,2,Suburban,3.3,Yes,4.7,410400
2224.1,3,2.0,1,1,Suburban,7.5,Yes,,393600
1504.1,3,2.0,27,1,Suburban,14.0,Yes,6.7,286700
1622.3,3,2.0,4,2,Rural,24.2,Yes,6.0,262600
3411.2,6,4.0,60,2,Rural,44.0,Yes,7.3,482500
1853.8,4,3.0,13,1,Suburban,16.2,Yes,6.7,338100
2745.1,4,2.0,2,2,Suburban,12.3,Yes,8.1,432000
1454.1,2,1.0,23,2,Suburban,14.5,No,5.0,230300
1459.4,2,2.0,17,1,Suburban,13.1,Yes,7.7,270400
1945.4,5,3.0,1,1,Suburban,3.9,Yes,3.5,388800
1186.3,2,1.0,6,2,Downtown,0.6,No,4.803076432909,260800
1505.3,3,2.0,13,2,Suburban,9.6,Yes,6.4,281700
1487.6,3,2.0,18,1,Downtown,0.3,No,5.023093910847805,307900
1618.0,3,2.0,20,1,Rural,15.1,No,1.8,273900
2090.0,3,2.0,39,3,Suburban,6.6,Yes,6.8,340700
1728.8,2,1.0,0,1,Downtown,1.1,Yes,6.721830803984674,342000
2676.5,5,3.0,22,2,Downtown,0.9,Yes,4.8984701922642735,470000
2024.3,4,1.0,16,1,Suburban,20.8,No,5.2,333700
2194.7,3,2.0,5,3,Downtown,3.2,Yes,7.616130665397127,378700
2193.7,4,2.0,2,2,Downtown,2.2,No,5.573987139976143,442700
1381.2,3,1.0,40,1,Downtown,0.2,Yes,,290200
2319.6,5,3.0,13,2,Suburban,14.0,Yes,7.3,392200
1746.9,3,2.0,24,1,Suburban,12.3,Yes,6.1,315700
2259.8,4,3.0,4,2,Suburban,12.9,No,4.5,404300
1337.3,2,1.0,13,1,Suburban,14.4,Yes,7.3,266200
1151.5,3,2.0,22,3,Suburban,14.9,No,4.2,233200
2060.0,4,2.0,4,2,Suburban,12.3,Yes,7.4,362300
2298.7,4,3.0,14,1,Suburban,10.7,No,5.9,395100
1406.2,2,2.0,16,1,Downtown,0.9,Yes,6.637792795621272,324600
1100.5,1,1.0,34,2,Downtown,2.1,Yes,6.18417023203941,238000
1824.5,3,3.0,17,2,Suburban,12.2,No,9.2,310700
2305.8,5,3.0,2,1,Downtown,0.2,No,5.860907566890446,470500
1384.5,2,1.0,22,3,Suburban,11.2,Yes,8.2,264900
1307.2,2,2.0,22,2,Suburban,10.3,Yes,5.7,265700
1511.7,2,2.0,18,1,Suburban,11.7,Yes,5.6,258700
1395.2,3,1.0,10,1,Rural,35.7,Yes,6.0,219400
2115.3,3,2.0,11,3,Suburban,14.5,Yes,7.5,388600
1303.5,3,1.0,60,3,Suburban,18.6,No,6.0,214600
1976.6,5,4.0,4,2,Downtown,0.2,No,4.090672396991877,443400
1863.7,4,2.0,5,2,Downtown,14.5,Yes,4.743108419832414,368700
2194.3,4,3.0,6,2,Downtown,1.5,No,5.022080974748275,428600
1601.4,3,2.0,0,2,Downtown,0.3,No,8.920464432605401,336000
1178.6,1,1.0,19,3,Downtown,5.0,No,5.83304736062302,268500
1931.1,5,2.0,6,2,Suburban,9.9,Yes,4.3,371800
2121.7,4,3.0,20,1,Rural,27.9,Yes,4.0,333000
2375.8,4,4.0,1,2,Suburban,10.0,Yes,9.3,460200
2386.3,4,2.0,6,1,Downtown,1.7,No,,465400
1763.0,2,2.0,14,2,Suburban,10.9,Yes,2.6,311100
806.8,2,2.0,30,1,Downtown,0.8,No,7.328104705345308,222000
1390.7,3,2.0,17,3,Suburban,13.6,No,9.1,283000
2031.9,3,2.0,7,1,Suburban,11.5,Yes,7.0,343700
1730.2,4,2.0,31,1,Rural,36.8,Yes,5.9,269800
1930.7,3,2.0,1,2,Rural,31.5,Yes,5.7,274400
2127.1,4,2.0,22,2,Suburban,10.3,Yes,8.9,378700
1877.1,4,2.0,29,2,Suburban,13.8,Yes,6.3,321700
1721.3,3,2.0,16,2,Suburban,9.6,Yes,5.7,309700
1509.6,3,2.0,3,2,Downtown,3.7,No,7.556237350144387,325900
2420.9,4,3.0,3,1,Downtown,4.9,Yes,9.838767099855206,455300
2008.0,4,2.0,29,1,Suburban,15.1,Yes,6.9,478200
1184.2,3,2.0,10,1,Downtown,2.4,Yes,5.519912595081348,299600
1357.8,2,1.0,48,1,Rural,20.7,Yes,7.6,208500
2009.9,4,3.0,4,1,Suburban,9.6,No,2.1,347600
1928.3,3,2.0,20,1,Rural,19.7,Yes,7.0,308600
1845.3,3,2.0,7,2,Downtown,3.2,Yes,9.95457431954062,399600
1372.3,2,1.0,8,2,Downtown,1.1,Yes,6.399407651244718,297100
1955.1,3,1.0,60,3,Suburban,14.5,Yes,3.9,283100
1146.4,2,1.0,3,1,Downtown,1.2,No,4.799028550846426,265400
2126.5,4,4.0,9,1,Rural,27.7,No,7.0,314500
1528.8,3,2.0,24,2,Rural,23.0,No,7.1,252200
1702.7,3,2.0,0,2,Rural,29.2,No,5.4,277300
2467.9,4,2.0,11,1,Downtown,2.0,No,9.579487849804776,438000
1368.6,2,2.0,9,3,Rural,29.0,Yes,6.7,240400
1806.0,3,2.0,14,3,Suburban,11.6,Yes,6.2,345300
2338.5,5,3.0,28,2,Suburban,15.4,Yes,7.1,414600
2215.3,3,1.0,9,2,Suburban,11.7,Yes,6.7,371200
2082.5,4,3.0,6,1,Downtown,0.2,Yes,3.4595540416212636,421100
1121.5,1,1.0,13,3,Rural,22.4,Yes,6.1,180300
1880.3,3,2.0,18,2,Suburban,8.8,Yes,8.1,363700
1378.8,3,3.0,0,2,Downtown,2.2,Yes,7.011589971017605,336500
2248.9,4,3.0,30,2,Suburban,17.2,Yes,6.6,409500
1937.4,5,4.0,25,2,Downtown,0.6,Yes,6.660955023069743,369000
1503.9,3,2.0,2,1,Downtown,0.2,Yes,9.361652211713913,318300
1546.6,3,2.0,20,2,Suburban,12.8,Yes,6.2,290200
1222.1,3,2.0,50,2,Downtown,0.2,Yes,9.326506565992885,273200
2755.9,6,4.0,23,2,Suburban,17.1,Yes,6.4,457400
1407.4,3,2.0,5,1,Downtown,,Yes,7.4237507836220225,346400
2051.4,5,4.0,1,1,Downtown,5.2,No,7.784777172062717,445200
3379.7,6,4.0,37,2,Downtown,3.1,Yes,8.647318404138826,637200
1549.6,3,2.0,14,1,Suburban,10.4,Yes,7.4,307600
855.7,2,1.0,7,1,Downtown,0.2,No,10.0,229100
1835.4,3,1.0,12,1,Suburban,8.7,No,2.7,331400
1631.2,2,2.0,5,1,Downtown,,Yes,8.056521666030646,366900
1316.1,3,2.0,56,2,Suburban,13.9,Yes,7.2,239500
1980.8,4,3.0,4,1,Downtown,2.1,Yes,8.473600034374448,456300
1099.5,3,2.0,10,1,Suburban,17.6,No,8.9,228300
1368.8,1,1.0,1,1,Downtown,1.6,Yes,4.532117922256263,302800
1265.5,2,1.0,1,1,Downtown,4.5,No,5.591072869677597,270600
931.5,2,1.0,20,2,Suburban,16.4,Yes,7.2,187200
1932.6,4,3.0,6,3,Suburban,9.2,Yes,6.1,366400
1756.6,3,1.0,5,3,Suburban,12.6,No,6.6,313300
1696.4,3,1.0,16,1,Downtown,1.4,Yes,10.0,351700
1410.6,2,1.0,19,2,Suburban,13.1,Yes,8.7,262900
1328.1,2,1.0,8,1,Suburban,11.0,Yes,5.5,260600
2209.5,5,3.0,3,2,Rural,25.4,Yes,7.0,372000
1143.5,2,1.0,60,1,Suburban,15.9,No,5.2,146600
1657.4,4,3.0,57,1,Downtown,0.2,No,7.5496780450381955,295200
2292.9,5,4.0,30,1,Suburban,13.4,Yes,8.2,392000
1321.7,3,2.0,12,1,Suburban,14.7,Yes,7.5,253600
2047.5,4,3.0,14,1,Suburban,11.5,Yes,7.7,373400
1811.2,3,2.0,19,2,Downtown,2.0,Yes,8.54598774390333,346700
2641.4,4,3.0,60,1,Downtown,1.9,Yes,7.065832525255642,450800
1415.0,3,2.0,3,3,Downtown,1.8,No,6.516894157444074,297600
1255.7,3,,14,3,Downtown,6.1,Yes,8.293734019866871,310500
1850.3,3,2.0,34,2,Downtown,4.6,No,7.094705493348309,346000
2610.8,5,4.0,34,2,Downtown,0.2,No,6.268391282916609,452700
1496.2,3,2.0,26,2,Suburban,14.4,Yes,6.4,261300
1471.3,2,2.0,38,2,Downtown,3.5,Yes,8.541110049122379,289300
2418.8,4,2.0,22,2,Suburban,19.6,Yes,6.5,367300
1963.5,3,1.0,11,2,Downtown,6.1,No,7.034191865342613,394800
1963.2,2,2.0,2,1,Downtown,2.7,No,6.763621771591952,363800
2604.2,5,3.0,1,2,Suburban,6.7,Yes,7.3,505000
1221.2,3,3.0,16,2,Suburban,9.6,Yes,6.1,271300
1851.1,5,3.0,47,1,Suburban,11.3,Yes,7.4,321800
1632.1,3,2.0,27,2,Downtown,8.8,No,10.0,309700
1990.5,4,2.0,36,2,Suburban,7.6,No,9.6,299900
1453.6,3,1.0,8,1,Downtown,1.9,Yes,7.352159661286889,324300
2045.3,4,3.0,27,1,Downtown,1.0,No,8.498719096314353,362200
2053.6,4,4.0,4,1,Downtown,1.4,No,6.5950416782108405,426400
1176.7,2,1.0,36,2,Downtown,2.7,No,7.149641677649214,232400
1270.7,3,2.0,14,2,Suburban,15.1,No,6.8,237200
1359.9,3,2.0,2,2,Suburban,11.1,Yes,7.9,260100
1030.0,2,1.0,0,1,Rural,11.1,No,6.2,190700
2476.2,4,3.0,13,2,Downtown,1.1,Yes,6.0585188698427395,425100
1289.8,3,2.0,8,1,Suburban,23.7,Yes,6.4,262100
1232.9,1,1.0,16,1,Downtown,6.0,Yes,7.283921947772328,276300
1493.7,3,1.0,28,2,Suburban,10.8,No,5.7,227600
1402.7,4,3.0,11,1,Suburban,13.3,Yes,7.3,292800
1440.6,2,1.0,5,1,Rural,32.8,Yes,10.0,216000
1930.7,3,2.0,8,1,Downtown,0.3,Yes,6.630465841629292,400700
2307.0,4,3.0,1,2,Suburban,14.2,Yes,4.4,422300
4157.1,7,5.0,1,2,Suburban,9.1,Yes,4.5,662100
1491.1,2,1.0,48,1,Rural,18.3,Yes,6.0,191900
1855.0,4,3.0,60,1,Downtown,9.4,Yes,4.262633090023585,332700
1832.7,4,3.0,7,1,Downtown,1.0,Yes,5.762357261020635,437500
1657.2,4,3.0,59,2,Downtown,2.1,Yes,8.121191772020573,350200
2633.0,4,2.0,6,2,Suburban,16.0,Yes,5.9,428000
1482.6,3,1.0,4,1,Suburban,15.5,Yes,7.5,295100
1997.7,3,2.0,11,1,Downtown,1.2,No,4.746331491313357,429700
1415.8,3,2.0,6,2,Suburban,10.6,No,3.2,276900
1444.7,1,1.0,10,1,Suburban,6.9,Yes,7.0,246600
1935.4,4,3.0,24,1,Suburban,13.7,No,5.8,352900
2614.7,5,3.0,18,1,Downtown,2.2,Yes,5.8111959148554835,522200
2925.2,5,3.0,3,1,Rural,36.6,Yes,2.5,432000
1816.8,3,1.0,12,2,Downtown,5.8,Yes,5.824688573916789,340200
1974.4,4,3.0,9,2,Suburban,12.7,Yes,6.8,345000
1955.3,3,1.0,5,1,Suburban,13.9,Yes,5.1,341000
1446.7,3,1.0,14,2,Rural,33.0,Yes,6.5,219800
1418.2,3,2.0,2,3,Rural,25.7,No,3.6,249600
2317.5,5,3.0,22,2,Suburban,18.4,Yes,8.3,398300
2224.7,4,3.0,35,2,Downtown,0.6,Yes,8.856366441958434,380300
1355.7,1,1.0,1,2,Suburban,9.8,Yes,6.7,290500
1998.7,3,2.0,0,1,Rural,28.8,Yes,4.3,299900
968.8,2,2.0,19,2,Downtown,10.9,Yes,3.785850986188436,249700
1862.1,4,3.0,32,1,Suburban,12.1,No,6.4,290800
1897.3,4,,6,2,Suburban,12.2,Yes,6.8,368600
995.9,2,1.0,28,1,Downtown,3.3,Yes,3.8611255395490245,233300
1986.6,4,2.0,28,3,Downtown,10.7,Yes,5.899106611625285,404300
2455.9,4,3.0,14,1,Downtown,2.8,Yes,7.585472298581439,480100
2114.9,4,3.0,40,3,Suburban,16.8,No,9.8,339100
2867.7,5,3.0,7,2,Rural,34.2,No,5.1,457500
2583.0,5,2.0,9,3,Suburban,6.2,Yes,5.5,465200
3087.4,6,4.0,6,1,Suburban,11.1,Yes,8.2,553200
1485.0,1,1.0,5,1,Downtown,1.3,Yes,6.849891117308639,264500
1495.3,3,2.0,1,2,Rural,28.2,Yes,7.5,263700
825.9,2,2.0,1,1,Suburban,3.1,Yes,6.2,218600
1399.3,3,3.0,15,2,Suburban,8.4,Yes,6.9,302300
1431.4,4,3.0,11,2,Suburban,9.0,Yes,7.5,317000
2206.7,3,2.0,0,2,Suburban,12.0,No,3.7,357800
2261.9,2,1.0,6,2,Downtown,2.8,Yes,5.15166613614022,401400
2043.5,4,3.0,15,3,Downtown,0.2,Yes,4.927954716279558,460300
1704.2,3,2.0,1,1,Rural,28.7,Yes,6.0,252900
1809.4,3,2.0,3,2,Downtown,1.7,Yes,6.880538049480678,376000
1349.1,3,3.0,13,1,Downtown,3.1,No,7.774215677789894,298100
1209.1,2,1.0,3,2,Suburban,17.3,Yes,6.3,218800
1996.1,3,2.0,21,2,Suburban,18.4,Yes,9.1,308200
2270.5,3,2.0,25,1,Suburban,9.2,No,8.1,368000
1680.3,3,2.0,2,2,Suburban,14.9,No,3.4,324900
1874.4,3,3.0,6,3,Downtown,0.4,Yes,6.01937434299855,428000
1959.9,3,2.0,0,1,Suburban,5.5,Yes,7.4,365400
1998.6,2,1.0,6,1,Rural,25.6,Yes,3.4,289400
975.5,1,1.0,10,2,Suburban,6.2,Yes,7.1,207000
1498.6,3,2.0,3,1,Rural,30.2,No,5.5,246700
1077.7,2,1.0,12,1,Suburban,8.5,No,7.2,219200
1695.9,4,2.0,2,2,Rural,30.7,Yes,4.9,282700
1351.2,2,1.0,42,1,Suburban,6.8,Yes,4.7,243300
1230.2,3,2.0,6,3,Rural,35.4,Yes,3.4,221200
1488.3,3,2.0,1,2,Suburban,15.5,Yes,7.0,319000
1963.2,3,1.0,18,1,Rural,11.9,Yes,10.0,333200
2022.0,4,3.0,55,1,Suburban,13.6,Yes,6.5,313500
1652.2,3,,19,2,Suburban,15.2,Yes,8.0,302900
1336.5,1,1.0,23,2,Rural,22.9,Yes,4.8,181700
1597.6,2,1.0,7,1,Rural,32.1,Yes,4.7,221100
1701.2,4,3.0,44,3,Downtown,1.5,Yes,6.733929499093173,383800
1373.1,3,3.0,12,2,Suburban,12.9,Yes,5.3,297500
1966.7,3,2.0,21,1,Suburban,12.4,No,5.2,328400
1391.9,3,1.0,36,2,Rural,23.2,Yes,,225700
2663.0,4,3.0,29,2,Suburban,18.5,Yes,5.9,466300
1627.0,2,1.0,5,1,Rural,17.7,No,9.3,252200
1166.1,1,1.0,13,1,Rural,23.4,No,9.0,164400
1938.9,4,3.0,24,1,Rural,27.4,Yes,4.8,310600
2004.1,4,2.0,6,2,Suburban,8.9,Yes,3.6,350000
1765.4,3,1.0,4,3,Downtown,13.4,No,5.325402980270141,336500
1949.4,4,3.0,4,1,Downtown,8.8,Yes,4.75212136722731,398700
1319.8,3,2.0,19,2,Suburban,16.1,Yes,6.5,263000
1814.4,3,2.0,2,1,Downtown,0.7,Yes,5.913931350514263,411500
1359.8,3,3.0,6,2,Rural,40.2,Yes,7.0,221600
1577.3,3,1.0,6,2,Suburban,6.9,Yes,7.7,297100
929.2,1,1.0,20,3,Rural,27.4,Yes,7.6,138600
2036.6,4,2.0,7,1,Rural,37.9,Yes,7.9,294800
1997.5,3,2.0,9,2,Suburban,13.1,No,6.0,340900
1906.2,3,2.0,22,1,Suburban,10.1,Yes,6.9,366800
1344.8,2,2.0,1,1,Suburban,9.4,No,7.0,288000
1533.5,3,2.0,40,3,Suburban,11.2,Yes,5.4,290800
1830.8,3,2.0,10,1,Rural,25.9,No,6.6,274600
1201.7,3,2.0,16,2,Rural,46.5,Yes,6.2,169300
1680.5,3,2.0,57,2,Suburban,14.9,Yes,5.0,261500
1205.4,3,2.0,9,2,Downtown,1.7,Yes,3.758384173028519,322300
1403.6,3,2.0,10,1,Suburban,12.7,No,5.1,283200
2446.9,4,3.0,12,1,Suburban,6.8,Yes,4.9,447300
1767.7,2,2.0,5,3,Suburban,8.4,No,,299100
1971.3,4,3.0,22,1,Suburban,,Yes,4.5,324900
1263.1,1,1.0,14,1,Downtown,0.6,Yes,4.331748018382082,278400
961.2,2,,4,2,Suburban,11.4,Yes,7.3,223600
1333.9,3,1.0,7,2,Suburban,10.9,Yes,5.3,268400
1900.7,4,2.0,9,1,Suburban,9.4,No,6.0,370200
2530.0,6,3.0,4,2,Downtown,2.5,Yes,5.516924909230131,487000
2331.0,4,2.0,29,1,Suburban,8.7,Yes,6.9,376400
1747.0,3,1.0,2,2,Downtown,6.2,Yes,6.006903231033142,363600
1674.6,3,2.0,1,2,Rural,21.6,Yes,6.9,308000
1659.5,2,1.0,4,3,Suburban,5.7,No,7.3,304200
1574.6,3,2.0,35,1,Suburban,10.3,Yes,5.2,277000
1597.9,3,2.0,3,2,Downtown,3.2,Yes,6.802580518968615,293900
1216.2,2,1.0,5,3,Rural,22.7,No,10.0,212800
1437.1,4,2.0,5,2,Suburban,12.0,No,8.2,281000
1449.5,3,1.0,1,1,Downtown,0.2,Yes,7.3616456184190495,331500
2047.0,4,4.0,6,2,Rural,16.9,Yes,2.1,389900
2050.7,3,2.0,60,2,Suburban,11.5,Yes,8.1,304200
1179.9,2,1.0,31,1,Downtown,5.6,Yes,6.894508279182524,240200
1651.7,2,1.0,1,1,Rural,30.8,No,7.7,223500
1672.8,2,1.0,20,1,Suburban,9.0,No,3.7,294200
3273.8,5,2.0,34,1,Rural,31.2,No,9.5,461200
2130.0,4,3.0,4,2,Suburban,15.0,Yes,5.9,381400
3151.7,5,3.0,6,1,Rural,22.9,Yes,4.9,463700
1761.7,4,3.0,32,2,Downtown,1.0,Yes,6.011890451637516,410800
1352.9,2,1.0,35,2,Suburban,9.1,Yes,9.2,269900
2252.4,5,2.0,48,2,Downtown,0.2,No,8.438554530942165,386100
1314.7,3,1.0,16,2,Downtown,0.3,Yes,7.117130951417483,299200
2247.2,4,2.0,13,1,Suburban,13.5,No,5.5,376900
1213.4,2,1.0,1,1,Suburban,7.0,Yes,7.0,241000
1890.6,4,2.0,6,2,Suburban,11.0,No,8.9,376800
2141.2,5,3.0,17,1,Suburban,16.1,Yes,7.7,381700
2162.4,5,3.0,5,2,Downtown,0.7,Yes,8.351381720315915,461700
1338.0,2,1.0,38,1,Suburban,10.3,Yes,6.8,218600
1827.8,3,2.0,1,3,Downtown,1.6,Yes,5.543367424552407,415900
1692.4,4,3.0,60,2,Downtown,3.4,No,3.125790307668532,322500
1615.2,3,2.0,19,2,Suburban,16.1,Yes,7.2,292900
1099.6,2,1.0,3,2,Suburban,5.2,Yes,6.8,260600
1982.7,4,2.0,6,2,Rural,6.7,No,7.1,319200
1874.2,3,1.0,34,3,Rural,46.6,Yes,5.8,260900
2704.2,5,4.0,7,2,Suburban,17.2,No,6.7,470000
1257.1,2,1.0,53,2,Downtown,3.2,Yes,6.660065843568997,241900
2312.7,4,2.0,40,2,Suburban,1.1,No,8.7,385700
2266.9,4,2.0,6,1,Suburban,10.9,Yes,,413600
1890.9,4,3.0,2,2,Suburban,14.0,No,7.8,352300
1235.3,2,,5,1,Downtown,1.3,No,5.75994085901836,289100
1297.8,1,1.0,13,2,Suburban,11.7,No,5.2,240800
2115.6,4,1.0,55,1,Rural,29.1,Yes,7.1,255800
2146.7,4,3.0,60,1,Suburban,12.1,Yes,6.0,328700
1017.3,2,1.0,34,2,Downtown,0.2,Yes,6.599363757865368,245000
1713.2,3,2.0,9,3,Suburban,15.0,No,7.8,307500
1720.4,4,3.0,26,3,Suburban,10.4,No,6.4,316500
1368.2,3,2.0,6,2,Suburban,10.9,Yes,7.3,277400
1864.7,3,2.0,11,3,Downtown,2.8,Yes,6.538451189087686,381500
2072.1,4,3.0,8,2,Rural,30.9,Yes,6.7,347600
2167.0,3,2.0,60,2,Suburban,14.6,No,7.6,333800
1298.3,2,1.0,42,2,Downtown,1.7,Yes,6.829171834534726,272000
1604.3,4,3.0,3,2,Suburban,12.5,Yes,7.0,306200
2396.1,4,2.0,55,2,Rural,35.3,Yes,6.1,305900
1797.0,4,3.0,7,2,Suburban,9.9,No,5.1,352500
1525.0,2,1.0,14,3,Downtown,1.3,Yes,6.457729625445974,316400
2163.7,5,4.0,12,1,Downtown,1.1,No,10.0,452700
2593.2,5,4.0,18,1,Downtown,2.6,Yes,7.695348179462576,496600
2027.3,3,2.0,2,1,Downtown,0.6,Yes,7.276071336430037,433100
1557.5,3,2.0,27,1,Suburban,14.8,No,6.1,299800
1210.2,2,1.0,9,2,Downtown,0.2,Yes,4.39209852206011,317900
1719.5,4,2.0,1,1,Rural,44.7,Yes,9.3,256700
1566.4,3,1.0,17,1,Suburban,10.2,Yes,7.8,282900
1549.4,2,1.0,2,2,Suburban,17.4,Yes,8.8,297000
1604.7,3,2.0,2,2,Suburban,10.0,Yes,5.9,289500
1734.3,3,3.0,14,1,Suburban,10.9,No,5.2,333100
2283.7,5,3.0,22,2,Downtown,6.3,Yes,6.316895254643048,448400
1455.1,3,1.0,31,2,Suburban,14.3,Yes,8.8,277600
2295.4,3,1.0,11,1,Downtown,4.2,Yes,7.473537959483763,427000
1172.5,2,1.0,4,1,Suburban,12.8,Yes,6.7,241600
1181.1,2,2.0,12,1,Suburban,18.5,No,8.1,227900
988.1,2,2.0,19,2,Downtown,0.3,No,8.857040343509311,249100
1645.4,3,1.0,7,2,Suburban,11.2,Yes,7.6,301100
1164.5,2,2.0,59,2,Suburban,10.7,Yes,5.4,196600
1122.0,2,1.0,19,2,Rural,45.6,Yes,2.1,141000
1972.3,3,2.0,44,2,Suburban,11.0,No,6.0,311500
1890.6,5,4.0,10,2,Suburban,7.5,Yes,6.6,348600
1842.8,3,2.0,40,1,Downtown,0.3,Yes,7.947137797863049,375000
2399.6,5,3.0,18,3,Suburban,6.4,No,10.0,393100
2198.8,4,3.0,4,2,Suburban,18.1,No,3.5,407200
3086.4,7,5.0,26,1,Suburban,11.0,Yes,3.8,534600
1213.4,2,1.0,60,1,Downtown,3.1,No,2.9670823526307393,238000
1821.2,3,1.0,3,1,Rural,19.5,Yes,9.3,286000
1946.1,4,4.0,33,3,Downtown,0.9,Yes,8.12232813498322,458100
1552.6,2,1.0,15,2,Suburban,8.7,No,4.9,257300
2238.5,4,3.0,30,2,Downtown,0.8,No,1.6202248564169262,434100
1443.0,3,2.0,16,1,Downtown,0.4,Yes,7.813416258363112,348200
2072.6,4,3.0,12,1,Rural,24.9,Yes,9.1,297600
1033.8,1,1.0,33,3,Rural,22.6,Yes,3.3,154300
2956.7,6,4.0,16,2,Suburban,12.2,Yes,7.5,478000
2832.5,5,4.0,1,2,Rural,27.7,No,8.0,462200
995.7,2,1.0,9,2,Suburban,9.4,Yes,7.3,244800
2264.6,3,2.0,2,3,Rural,24.9,No,7.2,348500
2313.1,4,3.0,3,3,Downtown,0.3,No,8.561298071879664,469200
1967.7,3,2.0,1,1,Suburban,12.1,Yes,5.4,323200
1124.4,3,2.0,7,1,Suburban,15.2,No,7.8,235800
2203.6,5,3.0,6,1,Suburban,17.3,Yes,5.2,425600
1516.2,3,2.0,14,2,Suburban,16.0,No,7.1,308800
1788.2,2,1.0,34,1,Downtown,0.2,Yes,7.490704338869212,317700
1179.1,2,1.0,9,2,Rural,11.7,No,4.3,194800
1898.0,3,2.0,13,1,Suburban,18.0,Yes,10.0,339700
1817.9,3,2.0,19,1,Downtown,0.6,No,6.564674237746569,356100
1484.5,3,2.0,0,1,Downtown,1.2,Yes,7.270452233801101,314700
2430.9,5,4.0,2,3,Suburban,18.3,No,3.8,458300
1732.9,3,2.0,9,2,Suburban,13.0,Yes,5.3,313800
2743.0,5,3.0,2,2,Rural,41.2,Yes,5.9,394500
2485.4,5,3.0,10,1,Downtown,1.6,Yes,6.885480629639261,475700
2170.8,4,2.0,5,1,Suburban,12.0,Yes,7.0,386100
2378.6,4,3.0,0,2,Suburban,18.8,Yes,8.9,404500
2211.0,4,2.0,56,3,Suburban,9.6,Yes,6.1,351700
1451.6,3,1.0,9,2,Suburban,14.3,No,5.8,248200
1323.6,2,2.0,2,1,Suburban,12.0,Yes,5.1,297700
2295.0,4,3.0,3,3,Suburban,14.1,No,7.6,462500
1575.3,3,2.0,7,2,Suburban,14.5,Yes,4.6,293100
1841.3,4,2.0,29,1,Suburban,10.6,Yes,6.6,288500
2583.1,4,2.0,60,2,Rural,27.0,Yes,7.9,367300
1188.3,2,1.0,1,2,Downtown,2.1,Yes,8.113730853319709,268200
2098.7,3,3.0,0,2,Rural,38.0,No,5.1,280200
1990.7,3,2.0,15,1,Suburban,14.7,Yes,6.2,340100
1280.5,2,1.0,14,3,Downtown,1.3,No,3.327627957572812,272300
1438.6,2,1.0,3,2,Rural,25.1,Yes,4.9,222100
1423.1,3,2.0,22,2,Downtown,2.6,Yes,7.370476093966018,334600
1500.0,2,1.0,4,3,Downtown,2.6,No,6.448218106161788,297400
1468.5,3,2.0,29,1,Rural,32.0,No,8.5,197100
2017.8,3,3.0,15,1,Rural,25.4,Yes,8.5,303100
1197.4,2,2.0,12,2,Rural,29.5,Yes,5.3,208300
1162.3,2,2.0,7,1,Downtown,0.4,Yes,5.718018432242517,300000
1475.7,2,1.0,10,1,Suburban,9.5,Yes,4.1,274300
1748.8,3,3.0,1,3,Downtown,0.2,Yes,7.080721056130438,392400
1261.7,2,2.0,53,2,Suburban,11.6,Yes,7.0,232600
3125.2,7,5.0,8,1,Downtown,2.8,No,7.082998197441607,553000
1433.9,3,2.0,14,2,Downtown,0.4,Yes,7.060021347592552,357700
2550.2,6,4.0,23,2,Suburban,7.8,Yes,3.8,493700
1372.5,2,1.0,11,3,Downtown,0.7,No,9.190583185701012,289200
1881.5,4,3.0,33,2,Rural,30.2,Yes,7.7,255200
2243.2,4,3.0,25,1,Downtown,1.4,Yes,6.1249512428990975,448700
2002.4,5,3.0,16,1,Rural,24.9,Yes,6.1,345200
2151.9,4,2.0,38,1,Suburban,15.0,Yes,5.2,380600
1476.7,4,3.0,0,2,Suburban,16.6,Yes,5.6,281100
1995.6,4,3.0,27,1,Suburban,10.0,Yes,8.3,399500
2510.7,5,4.0,9,2,Downtown,0.4,Yes,6.46990376786248,478300
1605.2,2,2.0,10,2,Suburban,7.7,No,3.4,304500
3522.1,6,4.0,1,1,Rural,24.6,Yes,3.8,522300
2842.6,5,2.0,19,1,Rural,16.0,Yes,6.5,468500
1720.6,2,2.0,7,1,Suburban,12.7,No,,322200
1841.4,4,1.0,36,2,Suburban,17.7,Yes,7.9,318500
1118.8,2,1.0,9,1,Rural,15.9,No,4.6,177000
1365.5,2,1.0,10,3,Suburban,7.7,No,8.3,275500
1680.1,3,2.0,12,1,Suburban,15.3,Yes,6.1,303600
1219.1,3,2.0,4,2,Suburban,15.3,Yes,5.7,246200
1229.8,2,1.0,60,1,Suburban,14.5,Yes,6.6,167700
1874.6,4,4.0,45,2,Suburban,7.9,Yes,8.4,368900
2146.8,4,2.0,4,2,Suburban,12.4,Yes,8.3,357000
1793.8,3,2.0,11,2,Downtown,0.4,No,,373100
1841.0,3,2.0,13,1,Rural,31.6,Yes,6.4,246200
1055.9,1,1.0,19,2,Suburban,7.2,No,7.5,208400
1726.7,3,1.0,7,1,Suburban,14.3,Yes,6.2,312100
1351.7,2,2.0,14,1,Rural,37.2,No,10.0,195500
2262.2,4,2.0,19,1,Suburban,8.3,Yes,3.7,406300
1645.6,4,3.0,27,2,Suburban,12.1,Yes,4.4,319100
1398.2,3,2.0,2,1,Suburban,6.7,Yes,5.5,311800
1292.1,3,2.0,46,1,Downtown,2.2,No,5.95497213120195,239500
1644.8,3,3.0,1,1,Suburban,7.3,Yes,6.5,303000
2686.4,5,3.0,5,1,Downtown,1.7,Yes,9.542705467416305,464800
1289.2,2,2.0,3,2,Suburban,14.5,Yes,5.0,289400
1690.7,3,2.0,56,1,Downtown,2.5,No,6.172385576415656,308400
2012.3,3,2.0,60,2,Suburban,11.7,No,5.3,313600
2213.0,3,2.0,15,1,Downtown,5.0,Yes,8.017031719312136,411600
1620.1,3,2.0,7,1,Suburban,11.9,Yes,9.5,307400
1123.9,2,1.0,16,3,Suburban,11.5,Yes,6.9,223500
1741.8,4,3.0,31,1,Suburban,8.9,Yes,8.6,322200
1558.7,2,3.0,6,1,Downtown,0.6,Yes,6.442229229341083,328400
1154.4,3,1.0,11,2,Rural,34.0,No,3.4,184600
2276.0,4,2.0,46,2,Rural,14.8,Yes,10.0,346100
1916.9,3,2.0,22,1,Downtown,4.5,Yes,6.3086833267051174,341300
958.8,3,2.0,11,1,Suburban,15.4,Yes,9.1,235500
856.9,1,1.0,20,1,Downtown,2.4,Yes,5.7404115271156195,199200
1739.5,4,3.0,25,1,Rural,18.7,No,4.2,259200
1939.0,5,4.0,7,3,Rural,26.4,No,3.8,334300
1822.9,3,1.0,12,1,Suburban,12.2,No,7.6,311400
2261.5,4,2.0,22,1,Suburban,6.1,No,7.7,380000
1969.4,4,2.0,0,1,Rural,35.8,No,5.7,273800
1644.5,4,3.0,3,1,Downtown,2.2,Yes,5.907871999492739,362500
1825.1,4,3.0,46,2,Suburban,9.3,Yes,9.8,310700
1923.9,4,3.0,60,1,Suburban,9.9,Yes,4.5,319300
1807.6,4,1.0,2,1,Downtown,1.6,No,6.65788908164973,343700
1215.7,3,3.0,8,2,Suburban,14.1,Yes,3.1,302200
1531.8,3,2.0,32,2,Downtown,1.7,Yes,9.011871432656244,356000
2513.9,5,3.0,1,2,Rural,48.2,No,6.5,391400
1472.1,3,2.0,3,1,Suburban,10.8,Yes,5.5,296700
2241.0,5,3.0,29,2,Downtown,0.2,No,6.861320718216863,463900
1303.3,2,2.0,5,1,Suburban,18.9,Yes,5.4,270300
2244.0,4,1.0,22,1,Suburban,9.8,Yes,7.1,413600
2597.6,5,3.0,5,1,Suburban,9.3,Yes,4.6,414500
2893.3,4,3.0,2,2,Downtown,0.2,Yes,8.238272026010376,518300
2427.6,5,2.0,12,3,Downtown,2.8,Yes,5.136499245298994,454800
1485.6,3,2.0,40,1,Suburban,7.2,Yes,6.9,289000
1275.5,2,2.0,43,2,Suburban,12.4,No,4.1,216200
1718.1,4,3.0,22,2,Suburban,13.5,No,8.7,325400
1734.4,4,3.0,12,2,Suburban,,No,6.9,336100
1681.3,3,2.0,4,2,Suburban,13.3,Yes,7.0,313200
1525.1,3,1.0,8,2,Suburban,15.3,No,9.0,264500
2575.4,4,3.0,5,1,Rural,20.9,Yes,7.9,371000
2086.2,4,2.0,7,1,Downtown,6.4,Yes,5.276960552480195,438700
1668.3,3,2.0,1,2,Downtown,4.3,Yes,6.520785367189827,341000
1541.1,4,2.0,11,2,Downtown,3.3,Yes,3.3246548026337868,342300
1835.3,4,2.0,53,2,Suburban,9.3,Yes,6.1,317200
2296.0,3,2.0,4,2,Suburban,13.0,Yes,10.0,387900
1422.9,2,1.0,16,1,Suburban,12.6,No,3.6,255600
1726.1,3,2.0,23,1,Downtown,0.2,Yes,10.0,337000
1207.2,3,2.0,55,1,Suburban,14.0,Yes,,231300
1964.6,5,4.0,4,1,Downtown,0.5,Yes,5.05450085244327,443900
1583.8,3,3.0,9,1,Suburban,15.6,Yes,7.8,297400
1613.2,4,3.0,16,1,Rural,20.8,Yes,7.9,272700
1448.8,3,1.0,14,2,Suburban,11.9,Yes,6.3,284800
1202.9,2,2.0,0,1,Suburban,13.0,Yes,7.3,235100
1398.1,1,1.0,13,2,Suburban,15.8,Yes,6.9,261300
1296.7,2,1.0,1,1,Rural,34.5,No,,162300
1541.0,3,2.0,39,3,Downtown,5.2,Yes,4.070461591443694,344200
1770.4,3,3.0,33,1,Downtown,3.4,No,7.453886104061508,342200
947.1,2,1.0,13,1,Suburban,4.9,No,9.5,187700
1475.1,3,2.0,6,2,Suburban,14.7,Yes,5.0,313900
1841.2,4,3.0,34,1,Suburban,10.9,Yes,6.5,319700
1832.6,3,3.0,8,1,Rural,27.7,Yes,7.3,326300
2139.3,4,2.0,19,2,Rural,32.5,No,9.4,302600
1829.4,4,2.0,5,1,Downtown,2.0,No,4.476414296361139,397800
1401.5,2,2.0,30,1,Suburban,16.1,Yes,4.3,236000
1079.8,3,1.0,7,1,Suburban,6.2,Yes,6.5,229500
1603.6,3,2.0,4,1,Downtown,0.8,Yes,7.027467664950953,350600
1380.6,2,2.0,1,3,Rural,9.6,No,5.3,248000
1109.9,2,2.0,24,3,Rural,24.9,No,8.6,171900
1978.7,4,2.0,52,1,Suburban,11.7,Yes,6.3,298900
1607.5,3,2.0,1,1,Rural,30.4,Yes,7.8,265500
1831.8,3,1.0,8,2,Rural,23.7,Yes,5.3,311000
2343.8,4,3.0,41,2,Downtown,5.9,Yes,7.949143788697387,424300
1824.7,3,2.0,16,2,Rural,25.6,No,7.3,245700
1315.8,1,1.0,25,1,Suburban,8.8,Yes,8.1,235700
1752.7,2,1.0,6,1,Suburban,7.5,Yes,9.2,299700
1785.1,4,3.0,19,1,Suburban,11.8,Yes,8.7,332800
2425.4,4,2.0,14,1,Rural,33.3,Yes,9.6,356100
1876.5,3,3.0,8,1,Suburban,8.4,Yes,6.5,376200
3724.6,7,4.0,26,1,Rural,23.9,Yes,6.5,543400
1779.8,5,3.0,15,1,Suburban,16.9,Yes,5.9,330600
2547.7,5,3.0,7,2,Suburban,4.8,No,5.3,421000
2050.3,3,2.0,6,3,Suburban,7.5,Yes,5.9,396800
2030.8,3,2.0,29,2,Rural,22.3,No,4.5,297000
1242.3,2,2.0,1,1,Suburban,7.6,Yes,5.4,264600
1487.8,3,2.0,8,1,Suburban,15.2,Yes,5.8,305600
2738.6,5,3.0,1,1,Suburban,7.0,Yes,4.1,505700
1852.2,4,3.0,5,1,Suburban,19.5,Yes,7.8,336500
1343.6,2,2.0,12,1,Suburban,11.6,Yes,7.2,266400
776.7,1,1.0,4,2,Downtown,0.5,Yes,1.8240127010057665,227900
2795.5,5,3.0,20,2,Rural,45.3,Yes,9.5,382700
1836.2,2,2.0,27,1,Downtown,0.3,Yes,4.85139176081821,351800
3031.5,5,3.0,1,2,Downtown,0.2,No,7.867662578861896,577200
1978.2,3,2.0,36,2,Downtown,0.9,No,6.569193194759845,390600
1604.9,2,1.0,28,2,Rural,27.0,Yes,2.5,232500
1099.4,2,2.0,3,2,Downtown,2.6,Yes,7.914672889146303,279500
1369.7,2,1.0,28,2,Rural,42.5,No,5.3,159900
2280.2,5,4.0,8,2,Rural,23.6,Yes,6.3,425600
1450.0,3,2.0,12,2,Suburban,10.4,Yes,5.6,285200
1054.1,2,2.0,52,2,Downtown,2.2,Yes,5.481297041162435,250000
1484.3,2,2.0,16,1,Downtown,1.7,Yes,6.346306976122643,332200
1417.5,2,1.0,3,2,Suburban,16.5,No,10.0,241700
1769.6,3,2.0,6,1,Suburban,9.0,No,5.9,313600
1257.0,2,1.0,51,1,Suburban,15.4,Yes,3.7,193000
1573.0,2,2.0,33,2,Suburban,10.9,Yes,7.8,292500
2145.1,4,3.0,37,1,Suburban,17.2,No,8.9,363100
1581.7,3,1.0,3,1,Rural,35.0,Yes,5.0,234500
1586.9,2,1.0,30,2,Suburban,10.7,No,3.4,285800
1724.9,4,3.0,14,2,Suburban,7.5,Yes,3.3,339300
1266.7,2,2.0,4,3,Suburban,12.0,Yes,5.1,260600
1168.9,2,2.0,4,2,Downtown,1.2,Yes,2.0679169849848944,314100
1484.9,4,2.0,54,2,Downtown,0.6,Yes,5.215692223061993,294000
1433.4,4,2.0,6,1,Suburban,8.0,No,9.8,285300
1599.6,3,2.0,3,2,Suburban,14.7,Yes,3.4,307600
1373.6,2,1.0,9,2,Downtown,2.1,Yes,8.70988157782384,305200
1294.8,1,1.0,12,2,Rural,32.0,No,5.5,180000
1071.9,2,2.0,6,3,Downtown,2.3,Yes,6.3854370831728495,254400
2321.6,4,3.0,3,1,Suburban,10.9,Yes,8.5,447500
2615.7,4,3.0,9,1,Suburban,18.7,No,8.9,451200
1387.3,3,2.0,7,1,Downtown,1.6,Yes,,335100
1231.1,2,1.0,4,1,Downtown,2.3,Yes,9.54850445360968,254400
2124.6,4,2.0,2,1,Downtown,2.9,Yes,7.063268469355918,395700
1383.8,3,2.0,14,2,Downtown,0.2,No,8.39843710751597,350400
1599.2,4,2.0,9,2,Downtown,,Yes,5.729265369391563,364800
1502.4,3,2.0,1,2,Rural,25.8,Yes,6.8,272000
1819.5,4,3.0,16,3,Suburban,11.3,Yes,4.4,357200
1649.0,3,2.0,32,1,Rural,33.6,Yes,7.3,235200
1569.4,4,2.0,17,1,Downtown,1.7,No,5.653324759547731,345000
1683.7,3,2.0,3,1,Downtown,3.4,Yes,6.509413769916955,374300
2363.7,4,3.0,15,1,Suburban,8.5,Yes,6.7,427000
1897.7,3,2.0,37,3,Downtown,2.8,Yes,,407600
1165.6,3,2.0,21,2,Suburban,1.6,No,7.4,250200
2101.6,4,4.0,3,1,Rural,35.2,Yes,3.9,361600
1555.1,3,2.0,12,2,Rural,26.3,Yes,4.4,258500
1943.7,3,2.0,22,1,Downtown,0.9,Yes,7.034872885981182,373500
1767.2,3,2.0,26,2,Suburban,8.4,Yes,5.7,323000
2372.2,4,3.0,16,2,Downtown,2.8,Yes,3.6148697514989445,420000
946.6,2,1.0,60,1,Suburban,8.4,No,7.6,168500
2182.6,5,3.0,12,1,Downtown,1.1,Yes,5.811340292448739,440400
1604.9,2,1.0,0,2,Suburban,10.8,Yes,5.8,310800
1328.4,2,2.0,6,1,Rural,33.6,Yes,5.8,214000
1326.7,3,2.0,24,2,Suburban,7.2,Yes,7.9,259100
996.4,2,2.0,24,1,Rural,36.4,No,7.1,136100
1048.0,1,1.0,18,2,Rural,12.7,Yes,8.1,187400
1540.5,1,1.0,0,2,Suburban,11.9,No,6.5,268100
1301.6,4,2.0,20,2,Suburban,12.8,No,6.5,270600
2847.3,5,3.0,15,2,Downtown,4.2,No,7.613522817027659,547900
1445.4,4,3.0,16,2,Suburban,9.7,Yes,5.9,300100
1673.0,3,2.0,9,2,Suburban,14.2,Yes,6.4,340900
1176.3,2,1.0,24,1,Rural,20.3,No,5.7,172900
2175.7,4,3.0,38,2,Suburban,15.6,Yes,8.1,401000
1353.0,3,2.0,14,2,Suburban,12.6,Yes,6.5,271600
1507.0,5,4.0,11,2,Suburban,11.7,Yes,9.3,356400
2117.8,3,2.0,0,1,Suburban,,Yes,4.9,352000
1100.4,3,2.0,30,1,Suburban,11.8,Yes,10.0,220600
2528.0,5,4.0,1,3,Downtown,0.7,No,5.723224373811623,491400
2209.9,3,2.0,21,1,Suburban,19.9,Yes,7.3,317200
1864.9,5,4.0,11,2,Downtown,,Yes,3.47103957202209,440500
1016.0,3,1.0,10,2,Downtown,1.2,Yes,6.914946535737993,286200
2675.5,5,3.0,21,2,Downtown,0.4,Yes,6.881300260374096,479600
1239.9,2,2.0,0,2,Suburban,13.2,No,6.4,277300
1593.4,2,1.0,13,2,Rural,24.5,Yes,3.9,254600
2634.5,5,3.0,11,3,Downtown,1.2,Yes,6.424246526786843,531000
1116.6,1,1.0,42,2,Suburban,13.6,No,8.5,172100
2126.2,4,3.0,0,1,Rural,4.4,No,5.7,352200
1610.7,2,1.0,1,3,Suburban,12.3,Yes,6.3,334700
1815.9,3,2.0,23,1,Downtown,2.5,No,10.0,344400
916.8,1,1.0,0,1,Downtown,0.3,Yes,3.9770377372100096,279400
1056.7,3,2.0,8,1,Rural,21.3,Yes,5.3,207800
2432.0,4,2.0,40,2,Suburban,13.9,No,5.4,370400
1981.1,4,2.0,6,1,Suburban,5.5,Yes,10.0,344800
854.2,2,2.0,1,2,Downtown,0.2,Yes,6.064915998076535,264200
1438.8,4,3.0,16,2,Suburban,9.1,Yes,6.1,298700
1662.1,3,2.0,26,1,Suburban,13.0,No,7.2,292600
1298.4,2,1.0,0,1,Suburban,13.2,Yes,5.9,249700
1936.9,4,2.0,23,1,Suburban,8.5,Yes,7.5,335600
1683.1,4,3.0,1,1,Suburban,11.2,No,,315800
1847.3,4,3.0,4,1,Suburban,11.5,No,5.9,384300
1316.9,1,1.0,3,1,Suburban,6.8,Yes,6.2,284700
2227.4,4,3.0,17,1,Suburban,16.9,No,6.0,332200
1717.2,3,2.0,14,2,Rural,18.8,Yes,7.3,253400
2664.5,4,3.0,30,1,Rural,41.5,Yes,4.4,385600
2327.2,4,3.0,10,1,Downtown,5.7,No,8.861594056731853,452300
2538.3,4,2.0,16,2,Downtown,3.2,No,7.770665856781245,501100
1542.9,2,1.0,5,2,Rural,27.6,No,8.6,232400
1353.1,3,2.0,11,1,Downtown,1.8,Yes,5.735231365308926,302200
3144.4,7,5.0,17,1,Suburban,7.9,Yes,8.0,621300
1123.0,3,2.0,42,1,Suburban,22.9,Yes,6.7,192400
1542.6,3,1.0,6,3,Rural,27.4,No,,238300
1942.5,3,2.0,7,1,Rural,31.2,Yes,4.2,279000
2117.1,4,3.0,12,2,Suburban,14.6,Yes,4.0,381600
2184.4,4,3.0,1,3,Downtown,0.3,Yes,6.108732736387989,495600
2384.1,4,3.0,5,2,Suburban,18.0,Yes,7.3,445900
1380.1,2,1.0,22,3,Rural,23.7,No,6.0,210100
1441.8,3,1.0,30,1,Downtown,3.6,Yes,10.0,309500
1811.1,4,3.0,10,2,Rural,27.3,Yes,8.3,258200
1975.0,4,2.0,7,2,Downtown,3.5,Yes,8.83345088280289,394300
2462.3,4,2.0,55,1,Suburban,10.0,Yes,5.8,368300
2184.1,4,3.0,5,2,Suburban,8.0,Yes,7.9,422600
1530.1,4,3.0,55,1,Suburban,4.2,Yes,5.9,287200
1741.9,3,2.0,21,1,Downtown,6.7,No,6.342479130807774,321800
1685.5,3,2.0,17,2,Suburban,11.6,No,6.7,284600
1375.0,3,2.0,17,2,Rural,29.5,Yes,2.8,219500
2198.2,2,1.0,41,1,Downtown,1.9,Yes,10.0,359600
1309.6,2,1.0,6,2,Suburban,11.5,Yes,6.3,229700
3175.8,5,3.0,9,1,Downtown,3.1,Yes,6.2102632105334425,575700
2224.6,3,2.0,34,2,Suburban,11.0,No,6.2,334900
2356.1,4,3.0,19,1,Downtown,5.3,Yes,8.496220476309375,476300
1893.8,4,2.0,18,1,Suburban,10.4,Yes,6.0,317400
1863.2,3,1.0,15,2,Rural,24.6,No,10.0,282700
1574.2,4,3.0,13,2,Rural,35.8,No,4.9,256100
1692.8,2,2.0,8,2,Suburban,8.8,Yes,4.2,312900
1733.1,3,2.0,47,2,Downtown,0.2,Yes,7.748337205637965,337300
2713.4,5,3.0,45,1,Rural,34.3,Yes,9.0,377000
1462.1,3,3.0,20,2,Downtown,12.6,No,6.940724967462719,324900
1043.1,2,1.0,12,2,Downtown,2.0,No,6.668906493471596,226900
1517.8,3,,31,2,Downtown,10.7,Yes,7.4605032953007555,287400
1632.1,3,3.0,53,2,Rural,18.1,Yes,5.6,244900
2086.5,4,2.0,26,1,Suburban,9.5,Yes,7.2,344600
1620.9,2,1.0,60,1,Suburban,14.4,No,7.9,229600
2004.6,2,1.0,2,1,Suburban,13.1,Yes,7.7,316500
1822.8,3,2.0,29,3,Rural,35.3,No,9.0,264500
1037.6,2,1.0,17,1,Suburban,12.5,Yes,5.2,207200
2232.2,3,2.0,2,1,Downtown,0.7,No,4.550970432653168,430200
1198.5,2,1.0,17,3,Downtown,14.2,Yes,5.494382830871231,277300
2120.2,4,4.0,24,2,Rural,28.3,Yes,7.1,321500
1703.8,5,3.0,27,2,Suburban,9.8,No,4.9,313400
3292.5,7,5.0,14,2,Downtown,0.7,Yes,7.727409486301601,582300
1367.3,1,1.0,21,2,Suburban,15.9,Yes,7.3,243200
1370.5,3,3.0,7,2,Downtown,0.7,No,8.807250058587469,334100
1876.7,3,2.0,3,3,Suburban,8.0,Yes,5.9,365800
1866.5,3,2.0,10,2,Downtown,5.2,Yes,9.127721942267275,383300
1305.1,2,1.0,5,3,Suburban,9.8,No,6.0,241800
2141.7,5,3.0,12,2,Suburban,8.1,Yes,9.3,384600
1926.0,4,3.0,0,2,Downtown,3.8,Yes,7.223423037625406,397600
1933.6,3,2.0,20,1,Downtown,4.0,Yes,8.74304172228064,351600
1030.1,2,1.0,47,1,Downtown,6.2,Yes,9.956751421534886,222100
1628.5,3,2.0,6,2,Suburban,9.4,No,8.0,318700
1742.9,3,2.0,13,2,Suburban,14.8,No,6.2,297400
1391.8,3,2.0,11,2,Rural,34.5,No,,214000
1433.7,2,1.0,12,1,Downtown,2.9,Yes,6.483076837453398,302300
2017.8,3,2.0,13,1,Rural,26.8,Yes,9.2,307700
1471.9,3,2.0,22,2,Suburban,15.7,No,7.5,267300
1973.4,4,2.0,9,3,Suburban,19.7,Yes,7.1,390400
1993.1,4,4.0,4,3,Downtown,2.0,Yes,7.799861195946585,462300
2362.5,5,2.0,6,2,Rural,19.3,Yes,7.3,364200
962.4,2,1.0,1,3,Suburban,10.4,Yes,7.3,214000
1530.5,3,1.0,20,1,Suburban,11.7,Yes,7.0,267000
1601.4,3,2.0,9,3,Rural,37.5,Yes,8.5,256600
965.1,2,1.0,15,1,Suburban,3.2,Yes,7.6,208600
1936.7,5,3.0,5,1,Downtown,2.0,No,6.718692920231849,370700
1344.9,3,2.0,23,1,Suburban,7.2,Yes,5.7,266300
1775.4,3,2.0,10,2,Suburban,13.2,Yes,8.9,312400
1522.4,3,3.0,35,1,Suburban,5.1,Yes,7.1,283900
744.3,2,1.0,1,2,Rural,32.6,Yes,4.7,134300
1368.2,3,2.0,29,2,Suburban,9.5,Yes,5.6,270100
824.7,1,1.0,35,1,Downtown,1.8,No,4.4044069983046406,205400
1463.8,3,2.0,50,2,Rural,23.4,Yes,8.2,196000
1107.8,1,1.0,25,1,Suburban,5.6,Yes,7.5,219500
1094.0,2,2.0,2,2,Suburban,9.5,Yes,3.3,252000
1810.0,3,2.0,10,2,Rural,21.7,Yes,3.7,303000
2207.4,4,1.0,15,1,Rural,26.0,Yes,7.8,326400
1538.6,3,2.0,5,1,Downtown,4.4,Yes,10.0,319700
1527.5,3,2.0,30,2,Rural,31.0,No,6.5,221600
1748.0,3,3.0,12,1,Suburban,14.0,Yes,9.0,353800
1523.6,3,1.0,18,2,Rural,39.7,Yes,6.5,211500
1430.4,4,2.0,8,2,Suburban,5.3,No,3.6,278800
1276.0,3,1.0,9,2,Rural,25.9,Yes,5.1,209800
2664.1,5,3.0,7,3,Suburban,11.3,No,7.7,448800
1745.2,3,1.0,25,1,Downtown,0.6,No,7.532647223465636,378100
1571.6,3,1.0,9,1,Downtown,0.8,Yes,6.7752445993585875,331500
1630.7,3,2.0,43,1,Downtown,4.6,Yes,4.874657885284055,316800
2101.3,4,3.0,5,1,Suburban,10.4,No,7.8,411600
1494.6,4,4.0,8,2,Suburban,13.6,No,4.6,312600
1735.5,4,2.0,0,1,Suburban,11.0,No,5.2,333600
1587.2,4,3.0,2,3,Downtown,2.8,Yes,9.87413198129868,369900
1432.1,3,1.0,52,1,Rural,25.3,Yes,6.4,204900
2419.3,4,3.0,10,1,Rural,41.2,Yes,5.2,353700
981.3,1,1.0,1,2,Downtown,1.4,Yes,5.784067630704321,269100
3004.6,5,3.0,16,1,Suburban,13.2,Yes,5.2,475600
1136.7,1,1.0,44,1,Suburban,8.3,Yes,10.0,205400
2034.4,4,2.0,60,2,Rural,36.8,No,7.2,252700
1637.2,3,1.0,23,1,Downtown,0.6,Yes,4.487659556572957,349600
1710.6,3,2.0,15,1,Suburban,12.7,Yes,6.5,301600
2722.7,6,4.0,28,2,Suburban,13.2,Yes,3.7,461000
984.1,3,2.0,42,1,Rural,35.3,No,6.0,135200
1758.6,3,2.0,9,1,Suburban,9.1,No,6.3,337400
1073.7,2,1.0,17,3,Downtown,0.2,No,8.633769513197421,272600
2873.0,5,4.0,3,2,Suburban,12.9,No,4.9,524000
2256.2,6,3.0,21,2,Downtown,3.6,Yes,4.914213881129278,475100
1803.9,2,1.0,11,1,Downtown,1.7,Yes,4.697515325150334,325400
2244.2,3,3.0,5,1,Downtown,0.9,No,5.368400978272842,458700
2053.9,5,3.0,3,1,Suburban,9.0,Yes,9.4,390000
1525.6,2,1.0,15,3,Downtown,1.1,Yes,7.376669763873473,330600
2245.9,3,2.0,5,2,Suburban,10.6,Yes,8.1,356400
2403.6,4,2.0,5,1,Downtown,3.9,Yes,3.8330876533531817,506900
1743.8,3,2.0,16,2,Rural,25.3,Yes,8.1,308800
2096.8,5,4.0,19,1,Rural,34.3,Yes,6.2,362300
1294.4,2,2.0,11,1,Downtown,3.2,No,7.8533354551919805,272300
1550.0,5,3.0,7,3,Rural,33.5,No,9.8,275300
1926.4,4,3.0,40,2,Downtown,7.3,Yes,8.008203202265983,402400
1959.8,4,2.0,14,1,Suburban,11.2,No,6.5,373400
1481.8,2,1.0,11,1,Suburban,15.3,Yes,6.5,272200
2035.2,4,3.0,4,3,Suburban,14.5,Yes,5.8,381200
1433.7,3,3.0,7,1,Downtown,1.0,No,5.779080284620921,313100
1775.8,3,2.0,7,2,Suburban,11.5,Yes,9.5,360700
1353.3,2,1.0,24,1,Suburban,5.4,Yes,8.2,240200
1569.0,2,2.0,22,1,Suburban,10.4,Yes,,272000
2857.6,5,2.0,3,2,Rural,24.3,Yes,4.7,445400
2979.5,6,4.0,23,1,Downtown,2.5,Yes,7.625053279950403,538200
2323.5,5,3.0,7,1,Downtown,1.7,Yes,5.204478778407884,472800
1654.5,3,2.0,29,2,Suburban,11.6,Yes,7.6,286100
2176.3,4,3.0,4,1,Suburban,13.9,Yes,9.2,426500
1816.4,3,2.0,5,2,Suburban,5.6,No,,365400
1423.6,3,3.0,18,2,Downtown,2.8,No,7.083690525676355,307400
1516.2,2,1.0,60,1,Downtown,2.4,Yes,6.41303027939404,310200
1390.5,3,2.0,18,3,Suburban,5.9,Yes,7.3,262500
1438.7,2,1.0,10,2,Suburban,10.5,Yes,8.0,287800
1730.0,3,3.0,2,2,Rural,39.0,Yes,5.3,265400
2294.8,4,3.0,18,1,Downtown,1.6,Yes,8.045380819837426,439100
2289.4,4,3.0,4,1,Suburban,16.8,Yes,6.4,382100
1565.3,3,2.0,14,2,Downtown,0.8,Yes,6.996792463996874,346500
1433.7,3,3.0,56,1,Downtown,5.4,Yes,7.0240202196412875,303400
1094.9,1,1.0,4,1,Rural,24.1,Yes,4.7,193300
1174.2,3,2.0,5,1,Suburban,15.3,Yes,4.0,278700
2244.9,4,2.0,4,2,Downtown,1.4,Yes,5.975921673479516,434000
1803.0,4,2.0,2,2,Rural,29.1,Yes,3.8,273200
1618.9,2,2.0,11,2,Downtown,0.2,Yes,7.485787729182298,370500
2081.5,4,2.0,1,2,Rural,43.9,Yes,9.1,316200
1955.4,5,3.0,14,2,Downtown,0.5,Yes,9.243937101609452,412200
2002.0,4,3.0,24,2,Rural,7.9,No,6.3,329700
2046.8,3,3.0,0,2,Suburban,17.1,Yes,7.0,334200
1703.9,3,3.0,13,1,Suburban,13.7,No,5.3,308100
1501.8,2,1.0,60,2,Rural,34.5,No,6.6,160600
2067.7,4,3.0,25,1,Suburban,12.8,Yes,8.6,396600
2372.3,4,3.0,3,2,Suburban,10.9,No,7.2,410600
2232.8,4,2.0,40,2,Suburban,16.5,Yes,6.9,366000
2403.3,3,2.0,1,2,Suburban,2.9,Yes,4.9,470600
1502.4,4,3.0,12,2,Suburban,,Yes,5.6,327400
1178.1,2,1.0,3,2,Suburban,11.7,Yes,6.1,234100
1962.6,3,2.0,12,2,Downtown,4.5,No,4.626448725096128,344700
1693.1,3,2.0,1,1,Rural,25.3,Yes,6.2,282200
1967.0,3,2.0,10,2,Suburban,15.5,Yes,7.0,314700
1463.3,3,3.0,12,3,Rural,40.6,Yes,6.4,222300
1582.8,2,1.0,9,2,Rural,27.3,Yes,5.4,237100
936.8,2,2.0,20,2,Suburban,8.7,Yes,3.4,214600
1581.7,3,1.0,29,2,Rural,27.6,No,6.2,204300
1727.4,3,2.0,1,1,Downtown,1.7,No,3.925617359943713,336900
2620.5,5,4.0,30,1,Suburban,8.9,Yes,9.2,469000
2007.2,4,2.0,24,2,Rural,29.0,Yes,3.4,318700
1586.3,2,1.0,13,1,Suburban,6.5,Yes,4.8,271700
1327.6,3,2.0,24,2,Rural,20.7,Yes,8.5,225700
1284.6,4,2.0,9,2,Downtown,2.4,Yes,,312400
2127.2,4,3.0,1,2,Rural,11.8,Yes,8.1,364600
1592.4,4,3.0,6,2,Suburban,11.9,Yes,2.7,330900
2290.8,5,3.0,7,1,Suburban,6.9,Yes,5.8,466100
2221.3,4,2.0,10,2,Suburban,16.2,Yes,7.1,377100
1907.6,3,1.0,6,2,Downtown,0.5,Yes,6.5340164568152534,372900
1179.5,2,1.0,38,2,Downtown,0.8,No,5.084488450921291,216800
1754.5,3,2.0,5,2,Downtown,4.1,No,3.3875323254520087,382900
1934.9,3,2.0,6,2,Downtown,3.8,Yes,8.385563901728432,371400
1590.3,2,1.0,14,2,Suburban,10.5,No,3.8,312900
2747.2,6,3.0,11,1,Rural,22.5,Yes,8.5,480300
2777.7,5,2.0,4,2,Suburban,14.0,Yes,5.8,478300
1886.8,3,3.0,5,2,Rural,22.2,Yes,6.4,346300
2064.5,4,2.0,9,3,Suburban,11.3,No,5.3,360900
1305.4,2,2.0,45,2,Downtown,1.8,Yes,7.86815981147214,290200
1110.7,1,1.0,40,1,Downtown,8.6,Yes,4.338663471921123,198800
2247.3,5,3.0,1,1,Suburban,15.0,Yes,6.5,455600
1973.6,3,2.0,41,1,Downtown,0.2,Yes,4.900301847921848,400200
1231.2,2,2.0,5,3,Suburban,15.0,Yes,9.4,244000
1485.9,3,2.0,4,1,Suburban,13.0,Yes,6.0,306900
2724.2,5,3.0,0,2,Downtown,2.4,No,5.827817299609228,516500
1963.7,4,2.0,58,2,Rural,13.1,Yes,1.5,286800
2666.0,6,3.0,31,2,Suburban,16.4,Yes,7.2,433200
1553.7,4,3.0,5,1,Suburban,12.1,No,4.1,357700
1454.8,2,1.0,37,2,Downtown,0.5,Yes,5.828196422032068,290500
1048.2,2,1.0,22,1,Suburban,6.2,Yes,8.4,204200
1583.5,2,2.0,30,2,Rural,28.8,Yes,9.6,227700
1433.4,2,1.0,8,1,Downtown,0.3,Yes,5.392409035641718,304300
1820.6,2,1.0,1,1,Suburban,21.2,Yes,3.9,307400
1707.1,4,3.0,26,1,Downtown,2.2,Yes,5.743217744901442,357200
1820.1,3,2.0,4,1,Suburban,13.4,Yes,3.5,342300
2311.6,6,3.0,4,1,Suburban,12.4,No,8.1,442000
2117.1,4,2.0,8,1,Suburban,13.8,Yes,5.8,358400
2532.6,5,3.0,14,2,Downtown,0.2,Yes,5.386062800176106,497800
1377.5,3,2.0,8,2,Suburban,8.2,Yes,6.0,284900
2255.2,5,3.0,5,3,Downtown,4.2,Yes,4.09609369026291,492900
1739.0,3,2.0,38,2,Suburban,8.4,Yes,4.9,286500
1711.9,4,3.0,19,2,Downtown,7.0,No,5.559883923477249,384400
1256.5,3,2.0,2,2,Suburban,9.0,Yes,4.6,278500
1312.4,2,2.0,60,1,Suburban,16.9,Yes,7.6,220500
1667.3,2,1.0,0,2,Downtown,2.7,Yes,7.078497248597973,331500
3053.2,7,5.0,10,1,Rural,21.9,Yes,,517200
1923.2,4,2.0,14,2,Rural,27.5,Yes,2.3,319900
3320.1,5,3.0,17,2,Suburban,12.0,Yes,3.8,539600
1507.8,3,3.0,4,2,Suburban,17.4,Yes,7.0,267800
1689.2,4,1.0,1,2,Downtown,7.3,No,7.471989936098029,323200
1502.3,3,2.0,11,2,Suburban,15.7,No,8.9,276600
2639.8,5,4.0,4,1,Suburban,20.4,Yes,4.5,467300
948.0,1,1.0,1,2,Suburban,14.5,Yes,10.0,196800
2553.1,5,3.0,5,1,Suburban,14.4,Yes,8.3,478200
2281.9,4,3.0,14,1,Suburban,13.4,Yes,5.8,396300
1751.2,3,2.0,7,2,Downtown,0.2,No,6.067150835789879,362700
1975.4,4,2.0,6,1,Downtown,3.7,Yes,6.400904750033602,403000
1855.2,3,1.0,3,1,Rural,32.2,No,6.9,243600
1925.7,3,1.0,1,2,Suburban,5.3,Yes,5.7,337900
1167.7,3,2.0,4,3,Suburban,6.8,Yes,9.7,245300
1827.4,3,2.0,13,1,Suburban,5.8,Yes,7.8,322300
4446.7,5,3.0,25,2,Suburban,5.4,Yes,7.2,1105300
1735.3,4,3.0,6,2,Suburban,9.2,Yes,7.1,342500
1669.4,3,1.0,4,1,Suburban,18.4,Yes,6.1,285500
1612.4,3,2.0,4,2,Rural,32.4,No,5.1,257500
2280.4,5,2.0,30,1,Suburban,13.0,Yes,7.0,401400
1706.7,3,2.0,4,1,Suburban,8.5,Yes,4.8,342400
1859.6,3,2.0,17,1,Rural,21.1,Yes,7.1,283200
1580.4,2,1.0,14,1,Rural,31.4,Yes,3.7,236200
1620.6,3,1.0,14,2,Suburban,15.7,Yes,7.0,282900
1183.8,2,1.0,17,2,Suburban,14.5,Yes,7.2,235600
2738.5,4,3.0,8,1,Downtown,5.6,Yes,4.985588966904656,530200
1322.6,2,1.0,28,2,Suburban,13.4,Yes,8.5,216200
2342.8,4,3.0,60,1,Downtown,2.2,Yes,7.3920644249111245,440900
1746.5,3,2.0,24,1,Downtown,3.3,Yes,6.113032631962543,382700
2576.7,5,3.0,26,3,Rural,37.0,Yes,8.8,349100
2081.4,5,3.0,15,2,Suburban,4.7,Yes,7.6,422100
1928.1,4,2.0,10,2,Suburban,13.1,No,5.6,338400
1418.4,2,1.0,39,1,Suburban,14.5,Yes,7.3,246300
1226.6,3,3.0,26,1,Downtown,2.4,Yes,9.09054504532386,312200
2111.4,4,2.0,53,2,Downtown,2.7,Yes,5.084430582874771,375300
1548.3,4,3.0,8,1,Rural,31.0,No,8.8,258100
2372.4,4,2.0,13,2,Suburban,14.4,Yes,4.7,440000
1400.3,3,3.0,10,2,Suburban,15.8,Yes,5.9,256600
2014.0,4,3.0,14,1,Downtown,3.4,Yes,8.137545958940423,408700
2524.4,5,4.0,2,2,Suburban,9.3,Yes,7.0,503300
1564.1,4,2.0,15,1,Suburban,15.5,No,4.9,288500
1086.7,3,1.0,10,1,Suburban,13.6,Yes,6.5,220900
1315.4,2,1.0,13,3,Downtown,4.7,Yes,9.70993205615826,306600
2180.0,4,3.0,27,2,Downtown,0.2,Yes,8.356193718564958,398900
1811.1,3,2.0,15,2,Rural,28.5,No,,272500
1438.4,2,2.0,0,2,Downtown,3.4,Yes,5.8744371694748745,325600
1228.0,2,1.0,18,3,Suburban,12.4,Yes,10.0,239200
1793.8,3,2.0,9,2,Suburban,17.5,No,8.9,309700
1304.5,2,2.0,25,2,Suburban,10.6,Yes,7.8,251000
1567.5,3,2.0,19,1,Suburban,11.2,Yes,7.0,304300
1874.5,4,3.0,7,3,Downtown,0.8,Yes,8.005859677819636,441500
1644.2,3,3.0,6,2,Suburban,10.1,No,4.9,297600
1508.1,3,2.0,32,2,Suburban,8.2,Yes,3.0,271200
1508.4,3,2.0,22,2,Suburban,10.6,Yes,9.0,300600
1458.2,2,1.0,14,1,Downtown,0.4,Yes,1.7729774850630624,308300
1645.2,4,3.0,29,1,Rural,26.5,Yes,4.6,265400
1479.5,2,1.0,60,2,Downtown,0.6,Yes,5.947740274423753,276700
1491.0,2,2.0,20,2,Rural,34.6,Yes,8.0,195800
3170.2,5,4.0,5,2,Suburban,9.4,Yes,7.0,578300
2083.8,4,2.0,18,1,Suburban,11.9,Yes,8.4,372800
1266.9,3,1.0,4,2,Suburban,14.2,No,3.7,278100
1308.8,3,2.0,21,1,Rural,21.5,Yes,9.2,219600
1791.4,3,3.0,11,1,Suburban,,Yes,6.3,309000
1974.8,3,2.0,30,3,Downtown,0.7,Yes,7.948160817094684,381900
2320.9,4,3.0,3,2,Downtown,4.1,No,6.321309944930147,446000
1817.0,3,2.0,60,1,Suburban,4.9,Yes,4.2,334200
1841.4,2,2.0,16,1,Rural,19.5,No,4.3,283900
1210.5,1,1.0,1,1,Downtown,1.9,Yes,5.879602808291805,303400
1578.8,2,2.0,2,2,Suburban,10.3,Yes,8.7,300600
2056.7,3,2.0,10,1,Suburban,9.3,Yes,6.3,365500
1386.3,3,2.0,60,2,Downtown,4.4,Yes,4.4580660900118065,288800
1466.0,2,1.0,17,2,Rural,29.9,Yes,4.8,188100
1269.2,2,1.0,20,2,Downtown,0.7,No,7.730914334536918,280800
1182.9,2,2.0,13,2,Downtown,0.4,Yes,4.729060276968121,296300
1383.3,3,2.0,15,1,Downtown,0.3,No,8.338346446594858,316100
2222.3,5,3.0,18,3,Downtown,2.7,Yes,5.547605645203674,461200
2080.0,4,2.0,37,2,Suburban,12.0,No,4.7,332200
1478.6,3,1.0,37,2,Suburban,12.7,Yes,5.9,274000
1119.3,2,1.0,13,1,Rural,24.8,No,8.2,168700
1410.7,3,2.0,4,2,Suburban,13.8,Yes,6.1,282000
2627.4,6,4.0,16,2,Downtown,2.3,Yes,6.680436783882245,480000
2583.6,4,2.0,6,2,Suburban,19.9,Yes,6.1,402700
1547.1,2,2.0,7,1,Downtown,0.9,Yes,8.460994306569134,290300
1900.0,4,3.0,1,2,Rural,32.4,No,8.1,311700
1773.4,3,2.0,34,2,Suburban,12.6,Yes,5.2,313500
1629.7,3,2.0,9,1,Rural,15.4,No,8.4,276800
1776.5,2,1.0,5,3,Rural,43.3,Yes,6.9,234400
2088.0,4,2.0,13,1,Downtown,0.7,Yes,6.8003134030430274,416800
2327.2,3,1.0,2,2,Suburban,6.9,Yes,9.6,389200
1839.5,4,4.0,24,1,Suburban,14.1,Yes,6.3,346300
1902.0,3,2.0,6,2,Downtown,0.4,No,10.0,359000
959.5,3,2.0,16,1,Downtown,0.6,Yes,5.7310032605528125,256000
1089.2,2,1.0,0,1,Suburban,13.9,Yes,5.7,216900
1147.9,2,1.0,1,1,Downtown,2.9,Yes,9.734248256668586,292900
2310.0,3,1.0,9,2,Suburban,14.1,Yes,10.0,377200
1169.4,2,1.0,12,1,Suburban,15.1,Yes,5.4,254000
2468.5,5,3.0,5,1,Suburban,6.6,No,9.5,407700
2852.7,4,3.0,21,1,Downtown,9.1,No,7.384538695313787,473400
2514.5,5,3.0,18,1,Suburban,12.5,Yes,6.4,447600
1493.9,2,1.0,6,2,Suburban,9.2,Yes,5.7,305800
1797.2,3,2.0,0,1,Suburban,16.7,Yes,6.1,328300
1196.9,2,1.0,4,3,Rural,32.2,No,6.3,164600
1357.5,3,1.0,52,2,Downtown,0.9,Yes,9.893039591244488,274800
1633.9,2,1.0,24,2,Downtown,2.8,No,7.372149492321104,292900
2657.6,5,4.0,18,2,Rural,31.4,Yes,2.9,427700
1350.5,3,2.0,2,1,Suburban,15.5,No,7.2,263900
1110.4,2,2.0,2,2,Downtown,0.7,Yes,7.634766856283043,263000
1690.2,2,1.0,60,2,Rural,11.6,Yes,7.8,244100
934.9,2,1.0,12,1,Suburban,11.4,Yes,3.3,230800
778.2,1,1.0,15,1,Downtown,4.1,No,8.861051241707935,205500
1819.5,3,1.0,2,1,Suburban,11.3,Yes,,327700
1472.1,2,2.0,13,1,Suburban,2.9,No,4.4,298200
2084.7,4,2.0,6,3,Suburban,14.7,Yes,4.5,367400
2062.4,4,3.0,11,1,Downtown,0.4,Yes,4.32287420554157,452300
2003.8,4,3.0,21,2,Suburban,7.8,Yes,9.2,350100
1650.5,3,2.0,44,2,Suburban,6.0,No,7.7,303500
1645.0,3,2.0,4,1,Suburban,10.3,Yes,8.0,312300
2419.5,4,2.0,9,1,Rural,25.4,Yes,4.5,332300
1172.9,1,1.0,12,2,Suburban,6.4,Yes,6.5,257600
1817.9,3,2.0,20,1,Suburban,10.2,Yes,4.2,316900
1968.4,3,2.0,0,1,Suburban,8.3,Yes,9.5,365400
1357.0,3,2.0,32,2,Downtown,0.4,Yes,,311100
1004.7,2,2.0,5,2,Rural,25.1,Yes,6.2,189300
2186.9,4,3.0,13,2,Suburban,11.9,No,6.2,350800
1869.6,3,2.0,5,2,Suburban,18.3,Yes,9.5,317400
1422.0,3,2.0,6,2,Suburban,17.2,Yes,6.8,247100
2253.7,5,4.0,9,2,Suburban,8.5,Yes,8.3,473900
2373.0,4,3.0,55,2,Downtown,0.5,No,4.409176245022418,427500
1354.7,2,2.0,24,2,Suburban,11.0,Yes,7.0,267700
1536.1,3,2.0,0,1,Suburban,13.2,Yes,4.8,311300
2088.1,4,2.0,8,1,Suburban,14.1,Yes,5.0,398100
2401.6,4,3.0,1,1,Downtown,0.8,Yes,7.373304381787016,451400
1261.7,2,1.0,16,1,Suburban,20.3,Yes,9.3,235800
1696.0,4,2.0,3,1,Suburban,18.1,Yes,7.9,310700
1539.5,2,2.0,1,3,Suburban,12.3,Yes,5.4,297500
1744.5,3,1.0,0,1,Rural,21.5,No,5.9,262500
2306.8,4,2.0,16,2,Suburban,10.7,Yes,8.3,409600
707.9,1,2.0,52,1,Suburban,14.2,Yes,9.9,136200
1531.1,2,1.0,21,1,Suburban,12.9,Yes,6.1,270100
1758.1,3,2.0,2,1,Downtown,2.8,Yes,5.4604432243116845,390600
847.0,2,1.0,12,2,Rural,15.0,Yes,7.8,176000
1882.6,4,3.0,30,1,Downtown,1.3,Yes,3.1590445971734167,424600
1524.1,2,1.0,7,2,Downtown,4.0,Yes,8.371009445914856,322400
1692.4,2,2.0,24,1,Suburban,18.0,Yes,6.3,280400
1408.9,4,3.0,3,2,Downtown,3.4,Yes,4.383991753241077,345300
1363.0,3,2.0,5,1,Suburban,12.4,Yes,2.7,256900
1890.8,5,3.0,10,1,Suburban,13.0,Yes,2.6,398000
2404.4,4,3.0,11,2,Suburban,19.8,Yes,4.8,421800
2018.6,4,3.0,11,1,Suburban,12.4,No,7.9,344700
2427.0,4,3.0,22,3,Rural,28.2,Yes,9.6,349600
2142.1,4,2.0,9,2,Downtown,4.8,Yes,6.205737583719776,500500
1248.8,2,3.0,20,1,Downtown,0.8,Yes,5.411161951555694,286900
1528.6,3,3.0,21,1,Rural,19.7,Yes,5.7,242400
1478.9,2,1.0,10,2,Suburban,13.8,Yes,6.2,266800
1608.6,3,2.0,15,2,Suburban,15.1,Yes,8.0,302900
1559.6,3,3.0,2,1,Downtown,3.8,Yes,6.683413894376438,348500
2472.9,4,3.0,19,2,Suburban,14.6,Yes,3.7,415600
3075.0,6,4.0,6,2,Rural,15.9,Yes,6.3,439900
1976.5,4,4.0,18,3,Suburban,12.4,Yes,4.6,372800
1303.0,4,3.0,24,1,Rural,37.5,Yes,7.8,202900
3201.1,6,4.0,21,3,Suburban,12.1,Yes,6.5,542800
1703.2,4,3.0,7,2,Suburban,8.8,Yes,6.3,311500
1027.2,2,2.0,10,2,Rural,20.4,Yes,,199500
1398.4,3,2.0,6,1,Suburban,11.9,No,5.3,247700
1755.3,4,3.0,4,2,Suburban,6.4,No,4.2,381300
1180.3,2,2.0,10,1,Rural,28.9,Yes,5.0,177900
2122.9,4,2.0,15,2,Downtown,3.4,No,7.286683908632705,379700
1793.1,3,2.0,26,2,Rural,44.1,No,1.9,242600
1173.6,3,1.0,7,1,Suburban,6.7,No,6.3,237800
1082.1,2,1.0,5,1,Suburban,10.1,Yes,6.4,245600
1244.1,2,1.0,6,2,Downtown,0.2,Yes,8.940569239666507,287600
1455.3,3,1.0,2,2,Rural,16.3,No,6.8,268900
1913.6,4,3.0,2,2,Downtown,1.2,No,5.361147103612964,425500
971.0,2,2.0,9,1,Suburban,9.6,No,6.0,243900
1487.8,2,2.0,7,2,Downtown,3.1,Yes,,355000
1610.7,3,3.0,28,1,Suburban,19.0,No,7.7,277900
1410.0,2,2.0,15,1,Suburban,1.6,Yes,8.6,289500
1654.0,3,2.0,39,3,Rural,32.5,Yes,6.8,239300
1237.5,3,2.0,1,2,Rural,17.7,Yes,2.9,264400
1417.8,2,1.0,3,2,Rural,14.7,Yes,5.3,255600
1552.6,3,2.0,33,1,Rural,32.6,Yes,4.9,205400
1676.8,3,1.0,60,2,Rural,26.2,Yes,3.8,219600
2687.8,4,2.0,22,1,Rural,27.2,Yes,7.2,392400
1742.2,4,3.0,1,2,Suburban,21.3,Yes,6.7,359200
2169.5,3,1.0,6,2,Rural,29.3,Yes,4.8,326900
1473.2,3,2.0,15,2,Suburban,9.8,Yes,9.1,280300
1512.9,3,2.0,6,1,Suburban,13.7,No,6.5,251300
1917.4,3,1.0,3,2,Suburban,5.3,No,9.7,331100
2399.3,4,2.0,29,2,Downtown,2.6,No,7.66752412876175,454000
1443.1,2,1.0,4,1,Suburban,7.8,Yes,5.6,273400
1498.9,3,2.0,14,1,Suburban,12.2,Yes,3.4,292000
2534.1,5,3.0,9,2,Suburban,12.4,Yes,7.9,416700
1421.3,3,2.0,3,2,Downtown,2.7,Yes,3.863921548385592,356700
2334.3,4,3.0,20,1,Suburban,6.6,Yes,5.0,443800
2750.9,4,1.0,5,1,Suburban,12.4,Yes,4.9,422700
1510.8,3,3.0,3,1,Suburban,9.7,Yes,6.8,336500
1258.1,2,2.0,1,1,Suburban,8.9,Yes,5.3,269800
1549.4,3,2.0,16,2,Suburban,7.4,No,6.3,290300
1721.0,4,3.0,7,2,Rural,21.8,No,3.4,295500
2410.7,4,3.0,2,1,Suburban,12.8,Yes,8.3,421200
1388.9,2,1.0,17,2,Suburban,8.8,Yes,4.7,257500
2608.2,4,2.0,5,3,Downtown,1.6,Yes,8.656428604329587,491900
1015.4,2,1.0,12,2,Suburban,13.4,Yes,5.7,212600
1544.3,3,1.0,5,1,Suburban,14.5,Yes,10.0,288900
1681.5,3,2.0,0,2,Rural,14.8,Yes,5.2,331800
1814.8,3,3.0,18,2,Suburban,11.0,Yes,7.2,311200
1393.1,3,3.0,41,3,Suburban,10.1,No,9.5,275900
2011.7,4,3.0,19,1,Suburban,16.6,Yes,6.3,384200
1950.1,3,2.0,11,1,Suburban,5.5,Yes,5.7,358600
1603.2,3,3.0,15,2,Rural,29.7,Yes,5.8,276700
2224.2,3,2.0,29,3,Suburban,20.5,Yes,4.1,374300
1866.9,3,2.0,2,1,Suburban,5.3,No,7.5,305600
1507.3,3,2.0,7,1,Downtown,4.2,Yes,,346300
1510.1,2,2.0,7,1,Rural,21.3,Yes,5.8,248400
1527.2,2,1.0,1,3,Suburban,17.6,Yes,6.8,294400
1942.4,4,3.0,5,1,Rural,36.7,Yes,8.9,298000
1619.1,2,1.0,14,2,Rural,19.4,No,8.9,227100
1344.3,2,2.0,22,1,Suburban,16.4,Yes,6.5,268500
1550.6,2,1.0,1,2,Suburban,8.8,No,7.7,285000
1558.7,2,2.0,6,2,Downtown,0.3,Yes,5.7493470035766485,347400
941.5,1,1.0,36,3,Suburban,19.7,Yes,9.8,168000
1460.9,2,1.0,12,1,Rural,21.7,Yes,8.5,205100
1467.7,3,1.0,3,2,Downtown,5.2,No,7.349737427479862,318400
2987.9,5,3.0,4,3,Suburban,12.3,Yes,4.7,526300
1458.3,3,3.0,9,2,Suburban,16.0,No,3.7,331400
1616.6,3,3.0,6,1,Downtown,0.4,No,5.182292435637662,365100
1771.6,3,2.0,51,1,Suburban,3.9,No,6.2,296300
2143.1,3,1.0,6,1,Suburban,11.4,No,5.9,368000
2308.9,4,3.0,47,2,Suburban,14.0,No,6.0,342400
1517.7,2,1.0,26,1,Downtown,0.2,Yes,7.701239639873059,278900
2092.9,4,3.0,17,1,Downtown,3.0,No,10.0,444800
1633.1,3,1.0,7,2,Suburban,6.0,Yes,8.9,325100
1859.6,3,2.0,3,3,Suburban,11.1,No,8.5,313300
1384.8,2,2.0,60,2,Downtown,2.1,Yes,3.891534160310945,272900
1454.5,2,2.0,4,2,Suburban,12.7,Yes,7.2,284300
2180.7,2,1.0,60,1,Suburban,13.8,Yes,6.6,409800
1450.9,3,1.0,23,2,Rural,30.6,Yes,5.9,208600
1645.3,3,1.0,7,2,Rural,26.4,Yes,8.8,257300
2134.7,4,2.0,1,2,Suburban,6.3,Yes,7.0,418800
1534.2,2,1.0,5,1,Suburban,16.4,No,8.3,247300
1430.7,3,2.0,3,2,Suburban,12.3,Yes,6.7,320600
1895.1,3,2.0,17,1,Rural,28.7,No,6.3,293200
2226.3,4,2.0,14,1,Suburban,9.8,Yes,4.8,389300
1963.1,4,3.0,3,2,Suburban,17.7,No,5.1,343500
1294.5,3,2.0,22,1,Suburban,14.7,No,6.9,238800
1295.2,1,1.0,19,2,Suburban,11.9,Yes,7.5,254300
1502.1,3,2.0,7,3,Downtown,2.9,Yes,7.3084361187133,344300
1614.6,3,1.0,9,1,Rural,24.0,Yes,5.3,237700
1134.6,2,1.0,22,2,Rural,39.8,Yes,6.8,135300
1728.7,4,3.0,38,1,Suburban,11.6,Yes,5.8,293700
3719.9,6,4.0,17,1,Downtown,0.6,No,10.0,668000
1949.6,5,3.0,9,3,Suburban,13.0,Yes,5.7,386100
2333.0,4,3.0,2,2,Downtown,3.6,Yes,4.779188148066301,451600
1456.4,4,3.0,5,2,Suburban,10.5,Yes,5.7,286000
2187.9,4,3.0,11,1,Suburban,12.0,Yes,5.9,386000
2195.0,4,3.0,32,2,Downtown,1.5,Yes,4.755688883121739,384200
2019.6,4,1.0,14,2,Rural,29.8,Yes,9.6,312800
1179.8,2,1.0,12,1,Suburban,7.5,Yes,6.1,212100
2202.7,4,3.0,25,2,Suburban,12.0,No,5.5,401600
1667.0,3,2.0,19,2,Suburban,7.4,Yes,6.1,293600
1465.9,3,2.0,16,1,Suburban,11.0,Yes,9.1,300600
1680.8,3,2.0,9,1,Rural,40.6,No,5.0,210700
2719.0,5,3.0,26,1,Rural,32.8,No,4.6,356500
1482.3,2,1.0,11,2,Rural,17.2,Yes,8.3,230400
1549.2,3,2.0,6,1,Rural,32.4,Yes,5.0,273600
2248.9,4,2.0,13,2,Rural,38.4,Yes,7.5,324900
1713.1,3,2.0,21,2,Rural,4.0,Yes,7.7,294400
1361.2,2,2.0,14,2,Downtown,0.3,Yes,7.650285074037294,320500
2649.5,5,3.0,36,2,Rural,41.3,Yes,8.7,331500
1475.1,2,2.0,5,1,Rural,30.2,Yes,5.1,202900
1426.4,2,1.0,22,1,Suburban,9.2,No,6.4,248600
1222.4,3,1.0,17,2,Downtown,0.3,Yes,8.032103116831024,292800
1309.1,3,1.0,11,2,Rural,30.6,No,6.2,191900
1869.1,4,2.0,13,2,Downtown,4.6,Yes,8.4097228386683,363700
1893.1,3,1.0,5,1,Downtown,2.2,No,7.737557039356851,417800
1532.3,3,2.0,2,1,Suburban,18.1,Yes,9.5,314200
1201.7,3,3.0,6,1,Suburban,11.0,Yes,4.6,276200
2426.3,5,3.0,2,2,Rural,15.0,Yes,6.0,377400
1219.3,3,2.0,0,1,Rural,24.5,Yes,4.4,224000
1469.6,2,1.0,23,2,Suburban,11.6,No,9.2,236600
1450.4,4,3.0,29,2,Downtown,,Yes,9.32177238296597,347100
2850.4,5,3.0,6,2,Suburban,11.7,Yes,5.4,488600
1722.3,3,2.0,24,1,Suburban,12.3,Yes,9.1,284400
1721.5,3,2.0,26,2,Rural,14.7,Yes,7.0,286700
1567.7,3,2.0,1,3,Downtown,18.0,Yes,7.970435560494434,354100
2296.4,3,2.0,15,1,Suburban,11.4,No,7.2,384000
1095.3,2,2.0,8,2,Downtown,3.7,Yes,4.235673952394315,293200
2018.1,3,2.0,9,2,Suburban,17.1,Yes,6.4,329500
1433.1,2,2.0,14,1,Rural,21.2,No,7.8,208400
2398.2,5,3.0,30,1,Downtown,0.3,No,7.408573669096905,475600
2596.4,5,4.0,18,2,Rural,21.8,Yes,6.1,424700
1579.7,3,1.0,12,1,Suburban,12.5,Yes,,276900
1507.3,3,1.0,26,1,Downtown,2.2,No,8.894906170721171,299200
1299.7,3,2.0,11,2,Rural,32.9,Yes,,227200
2099.5,4,2.0,10,2,Suburban,18.3,Yes,9.4,364900
1231.1,3,2.0,15,2,Suburban,8.0,No,7.2,241000
2723.7,5,3.0,16,1,Suburban,9.9,No,5.7,456200
1904.2,5,3.0,45,1,Suburban,15.4,Yes,8.1,343800
1335.4,3,3.0,14,2,Downtown,1.0,No,7.916810582628129,344500
1319.7,2,1.0,8,1,Suburban,10.2,Yes,5.4,242400
1505.2,3,1.0,7,2,Downtown,1.7,No,7.257726066654905,323600
1264.4,3,2.0,14,1,Suburban,12.5,No,6.9,238100
1951.1,4,2.0,19,2,Suburban,7.7,Yes,8.0,376800
1929.4,3,2.0,0,2,Suburban,19.1,No,6.9,316200
1043.0,2,2.0,37,1,Downtown,0.9,Yes,3.088810984213687,220800
1796.2,3,2.0,4,1,Suburban,14.0,No,8.0,318500
1703.1,3,1.0,41,1,Downtown,2.4,Yes,9.092163145414315,341200
1838.7,3,2.0,12,1,Suburban,8.4,No,7.0,322800
2506.7,5,4.0,7,2,Suburban,18.7,Yes,8.7,455900
694.0,1,1.0,6,1,Downtown,6.2,Yes,6.594979174416471,211400
1784.2,3,2.0,6,2,Rural,32.0,Yes,5.5,258800
1859.7,3,2.0,4,2,Downtown,3.7,Yes,7.997245119051946,385400
1410.4,1,1.0,14,1,Suburban,9.2,Yes,6.0,246900
1378.2,3,2.0,8,2,Downtown,1.2,No,6.243307074251122,312200
1665.5,3,2.0,20,1,Suburban,19.1,Yes,8.3,288600
1390.8,3,2.0,15,1,Suburban,15.0,No,7.5,261800
1830.8,3,2.0,5,2,Downtown,1.9,Yes,6.380622036253208,400800
2450.0,4,3.0,9,3,Suburban,15.5,Yes,8.1,444500
2758.4,5,3.0,5,2,Downtown,0.4,No,3.099194412449311,494700
1765.2,3,2.0,18,1,Downtown,2.6,Yes,10.0,348400
2151.6,4,2.0,1,2,Rural,20.4,Yes,4.1,353000
1901.4,4,2.0,4,1,Downtown,3.3,No,8.689776560759451,410800
2104.9,3,1.0,11,2,Downtown,2.7,No,6.991577331342623,398400
1216.4,2,1.0,5,2,Rural,26.7,No,4.8,184500
2107.0,3,2.0,2,2,Suburban,8.2,Yes,10.0,408800
1342.5,2,,4,1,Downtown,0.4,No,8.09346645286064,314700
1439.5,3,2.0,8,2,Suburban,18.2,No,6.0,274100
1651.7,3,1.0,2,1,Rural,35.1,Yes,4.3,251400
1825.7,3,3.0,18,1,Suburban,10.8,Yes,5.1,334400
2004.7,5,3.0,2,2,Rural,8.8,No,7.9,375000
2609.6,5,3.0,4,2,Suburban,9.7,Yes,6.7,506900
2379.5,4,3.0,12,2,Suburban,15.3,Yes,6.9,372800
1149.2,2,1.0,3,3,Rural,35.9,Yes,,176200
2201.3,4,3.0,3,2,Downtown,0.7,Yes,6.429658054194964,453300
1045.2,2,2.0,19,2,Suburban,12.1,No,5.3,232000
2944.5,4,1.0,12,1,Suburban,1.3,Yes,8.7,505000
1218.9,2,1.0,43,1,Suburban,12.1,Yes,9.0,205500
1795.5,3,2.0,13,2,Suburban,15.4,Yes,4.4,318400
1513.9,4,2.0,25,1,Suburban,15.1,No,5.0,279200
1543.2,3,1.0,3,1,Suburban,19.2,Yes,3.9,236800
2026.1,4,2.0,1,3,Downtown,2.3,Yes,6.309587082707721,445500
1703.1,3,1.0,4,1,Rural,18.9,Yes,5.7,292600
1372.7,3,2.0,9,1,Rural,32.1,No,7.1,226500
1883.4,3,2.0,10,1,Suburban,15.6,Yes,8.2,350400
1792.7,4,2.0,1,2,Suburban,9.1,No,7.0,350500
2329.1,4,3.0,12,1,Suburban,17.0,Yes,4.1,404700
2420.7,4,2.0,8,3,Downtown,1.6,Yes,8.082534841243566,438200
1579.9,2,1.0,4,3,Suburban,4.8,Yes,9.5,297300
1607.4,2,2.0,22,1,Downtown,1.3,Yes,5.390584056613977,346600
2927.7,5,4.0,16,2,Downtown,8.1,Yes,5.539871327865194,493200
1407.0,3,1.0,50,2,Suburban,10.6,Yes,5.3,245200
2559.9,4,2.0,18,1,Downtown,0.5,Yes,,503600
1736.3,3,2.0,1,1,Suburban,7.6,No,5.8,300600
1458.0,2,2.0,8,2,Suburban,17.8,Yes,7.5,273600
1259.9,2,1.0,18,3,Suburban,12.8,Yes,10.0,218400
2227.7,4,3.0,27,2,Suburban,13.7,Yes,7.2,368400
1183.6,2,1.0,8,1,Rural,27.5,Yes,7.2,194100
1646.7,4,2.0,18,2,Suburban,8.3,No,4.5,283500
1465.4,4,3.0,9,2,Downtown,3.7,No,5.126263614891383,367300
1316.3,3,2.0,40,2,Suburban,14.6,Yes,8.2,260300
1547.9,3,2.0,18,1,Downtown,7.2,No,6.5837582181330845,296900
2496.8,4,2.0,60,1,Rural,34.7,No,4.8,303200
3456.6,7,5.0,35,1,Suburban,19.0,Yes,6.9,571200
1373.8,3,2.0,5,1,Downtown,7.0,Yes,8.238624958304568,329500
2224.7,3,2.0,60,1,Downtown,1.6,Yes,9.477083690747007,385600
2165.7,4,2.0,24,3,Suburban,9.9,Yes,7.8,367600
2340.8,5,2.0,2,1,Downtown,1.2,Yes,5.593805651685098,483800
2168.1,4,4.0,2,1,Rural,26.0,Yes,5.3,352200
1802.7,4,2.0,4,1,Suburban,17.9,No,5.5,338800
1249.5,2,2.0,35,1,Downtown,0.8,Yes,8.099042920226163,287900
1643.1,3,2.0,17,3,Suburban,9.1,Yes,6.7,298200
1477.1,2,1.0,4,2,Downtown,6.8,Yes,4.157667066374906,331500
706.6,2,1.0,6,1,Downtown,4.7,Yes,8.01921285263839,217400
2565.9,3,3.0,0,1,Rural,17.6,No,6.5,396400
854.5,1,1.0,26,1,Suburban,16.5,No,8.7,149400
2695.2,5,3.0,21,1,Suburban,15.7,Yes,6.7,518800
2765.6,6,4.0,14,1,Suburban,13.5,Yes,4.5,466900
2097.0,4,2.0,14,1,Downtown,0.9,Yes,8.551055160103836,410900
992.7,1,1.0,28,2,Suburban,14.1,Yes,8.1,196500
2153.0,4,3.0,16,1,Suburban,9.2,Yes,5.5,348500
1733.5,3,2.0,19,2,Suburban,13.3,No,3.8,322900
1316.7,3,2.0,2,2,Suburban,14.6,Yes,8.3,276700
1827.4,3,2.0,10,3,Rural,20.3,No,6.4,296500
1707.6,2,2.0,4,1,Suburban,12.9,Yes,5.4,282200
1257.0,2,,10,2,Downtown,1.7,Yes,7.572680234945446,291600
1450.7,1,1.0,4,2,Downtown,0.9,Yes,4.21878930101774,328400
1512.1,3,3.0,11,2,Suburban,13.7,Yes,5.2,323900
2256.3,4,2.0,1,2,Suburban,19.3,Yes,10.0,408600
2130.1,4,3.0,2,1,Downtown,0.3,Yes,5.352101636675052,425600
1656.3,3,2.0,0,2,Suburban,12.5,Yes,7.0,315400
1879.7,3,2.0,24,2,Suburban,,No,8.1,332000
3059.8,5,5.0,7,1,Suburban,6.8,Yes,6.6,543800
1501.3,3,2.0,11,2,Downtown,6.9,No,9.100152345298797,274800
1351.4,3,2.0,6,2,Downtown,,No,8.02009811916974,295700
1773.4,3,3.0,14,2,Downtown,0.9,Yes,7.18170594732383,377300
1554.3,3,2.0,7,3,Suburban,5.4,Yes,9.8,316400
2115.1,4,2.0,9,1,Suburban,14.6,No,9.3,369300
1550.3,3,2.0,36,2,Rural,37.4,Yes,4.1,213500
1991.2,4,3.0,18,2,Downtown,6.2,Yes,8.150682348497295,418400
1077.9,2,1.0,3,1,Suburban,11.4,Yes,4.9,229800
2274.5,4,2.0,15,2,Downtown,5.5,No,8.13821055720171,409300
2245.8,4,3.0,3,2,Downtown,0.5,Yes,7.981129171206007,456800
1851.6,2,1.0,8,2,Downtown,2.2,No,4.197042135256898,356800
1569.8,3,2.0,9,1,Rural,34.7,No,7.6,221100
2031.7,4,3.0,7,2,Suburban,11.1,Yes,7.7,343600
2843.7,4,2.0,11,2,Downtown,0.7,Yes,3.6732752875836825,493300
1831.5,4,2.0,9,1,Suburban,8.8,Yes,8.7,342800
1986.7,4,3.0,3,2,Rural,31.5,No,8.3,307700
2201.1,4,2.0,9,2,Suburban,14.0,Yes,8.0,394800
1636.7,3,3.0,20,1,Suburban,12.2,Yes,5.3,310100
1512.6,3,2.0,40,1,Downtown,1.5,No,7.791634595329025,284400
1162.6,2,2.0,25,1,Suburban,12.5,Yes,8.0,244900
2042.2,3,2.0,14,2,Suburban,13.1,Yes,7.3,328500
1448.1,2,2.0,23,1,Suburban,11.3,Yes,6.7,257700
1293.8,3,2.0,18,1,Downtown,0.9,Yes,9.570998611168603,306400
2148.2,4,3.0,2,2,Suburban,4.2,No,6.6,390400
1114.8,2,2.0,7,2,Rural,22.4,No,5.2,179500
2756.7,5,4.0,6,3,Rural,19.6,Yes,8.2,465900
1522.9,3,2.0,14,2,Rural,29.8,Yes,8.4,221300
1259.0,1,1.0,8,2,Suburban,11.7,No,8.7,222600
2081.8,3,2.0,10,3,Suburban,16.4,Yes,5.5,361200
1935.5,4,2.0,34,2,Suburban,8.3,No,8.3,289600
1402.1,2,1.0,30,1,Suburban,20.7,Yes,6.8,225700
1294.6,2,1.0,5,2,Suburban,10.4,Yes,9.9,249500
1901.1,3,2.0,19,2,Suburban,10.1,Yes,6.9,355600
2023.0,4,3.0,11,3,Suburban,12.0,Yes,4.1,376900
2072.6,4,3.0,54,1,Downtown,0.2,Yes,9.544313409088211,409200
1391.5,3,2.0,8,1,Rural,28.3,No,5.6,217900
2179.4,3,2.0,3,2,Suburban,13.6,Yes,4.6,383600
1636.3,3,2.0,1,1,Rural,44.0,Yes,9.6,249000
1973.8,4,3.0,0,2,Suburban,16.3,No,6.2,360600
3016.1,6,4.0,6,3,Suburban,11.8,Yes,2.9,557200
2567.7,6,4.0,6,2,Suburban,10.7,Yes,4.9,430700
2433.1,4,4.0,17,3,Suburban,8.8,Yes,8.1,428700
2187.2,5,2.0,29,1,Downtown,0.6,Yes,4.329011843402637,441200
2159.2,4,2.0,10,1,Suburban,15.1,No,6.5,348200
1689.3,4,3.0,20,2,Downtown,2.5,Yes,5.601997532535535,365600
1918.6,3,2.0,12,2,Rural,27.0,Yes,7.2,308000
1757.5,3,1.0,16,1,Suburban,15.9,Yes,8.0,297900
1371.5,2,1.0,6,2,Suburban,16.1,Yes,5.6,270800
1653.0,4,3.0,6,2,Rural,29.3,Yes,7.6,286300
2122.4,3,1.0,2,1,Suburban,17.9,No,7.0,343500
2699.1,5,3.0,19,2,Downtown,2.7,Yes,3.8097083736525876,552100
1112.3,1,1.0,5,1,Downtown,1.5,Yes,7.215209443944979,264100
1712.0,3,1.0,16,1,Downtown,0.7,Yes,8.415202238279333,359100
1571.9,2,2.0,12,1,Suburban,5.7,Yes,5.0,341100
1433.1,4,3.0,49,1,Rural,18.7,Yes,7.4,233200
1789.5,3,2.0,2,1,Downtown,0.6,Yes,,391000
1302.3,3,3.0,17,2,Suburban,9.8,Yes,4.4,252600
2175.5,4,3.0,17,1,Downtown,2.4,Yes,5.6282567691088845,402100
1290.3,4,2.0,8,3,Suburban,12.6,Yes,8.8,269400
2492.6,5,2.0,40,2,Suburban,9.7,Yes,5.9,408200
1589.7,3,2.0,34,2,Suburban,15.4,Yes,6.7,274200
1168.8,3,2.0,18,2,Downtown,0.3,No,6.238665208790836,258900
1781.8,3,2.0,9,1,Downtown,5.9,Yes,7.543049111231825,394600
2143.9,3,2.0,19,1,Suburban,19.5,No,7.5,355700
968.6,2,1.0,3,2,Rural,32.5,Yes,3.4,154900
2138.7,5,4.0,54,2,Downtown,0.2,No,7.343103439971344,411800
1171.3,2,1.0,16,3,Rural,20.7,Yes,8.8,196700
1716.7,3,3.0,1,2,Suburban,12.2,Yes,10.0,338600
2925.6,4,3.0,8,1,Suburban,13.4,Yes,5.6,450000
1464.6,3,1.0,1,2,Rural,24.0,No,8.7,230100
2716.0,4,3.0,17,2,Downtown,2.5,No,8.790879356886926,457300
880.7,2,1.0,42,2,Rural,30.0,No,4.6,109600
2088.2,4,3.0,14,1,Suburban,13.2,Yes,7.1,389100
2527.1,4,,5,2,Suburban,17.6,No,8.3,363300
762.1,1,1.0,3,2,Downtown,1.7,Yes,6.960217188598064,223400
2165.3,4,2.0,6,1,Suburban,7.1,No,4.8,363500
1682.2,3,2.0,20,1,Suburban,10.0,Yes,3.3,294900
1108.0,1,1.0,7,2,Suburban,12.8,Yes,4.7,218200
822.2,2,1.0,18,3,Suburban,10.6,Yes,,183000
1341.4,2,1.0,10,2,Suburban,8.9,No,7.1,281900
1309.7,3,2.0,14,2,Suburban,13.5,Yes,6.4,277000
1625.5,2,1.0,20,3,Suburban,21.3,No,,247300
1694.8,4,2.0,14,2,Rural,33.8,Yes,5.8,250500
1533.6,3,2.0,28,2,Rural,13.1,No,9.9,245500
1665.5,3,2.0,3,1,Suburban,9.0,Yes,4.8,322700
1655.0,3,1.0,4,1,Suburban,11.5,Yes,6.9,262400
2348.5,4,2.0,4,2,Suburban,6.7,Yes,4.9,411500
2125.9,4,3.0,21,1,Downtown,0.2,Yes,,444400
1550.8,3,2.0,23,2,Downtown,0.2,Yes,5.253894732080843,279100
1544.1,3,2.0,49,2,Suburban,15.3,Yes,6.6,248300
808.3,1,2.0,3,1,Downtown,0.4,Yes,7.794942823712975,241600
2088.1,4,3.0,18,1,Downtown,3.9,Yes,6.310618559274154,361400
2057.7,4,2.0,42,1,Suburban,13.7,Yes,6.8,344000
1830.3,3,2.0,4,3,Suburban,12.6,No,7.5,330900
1499.9,3,2.0,52,1,Downtown,5.0,No,6.136909015953646,283300
1335.3,3,2.0,44,2,Suburban,19.4,Yes,8.8,249100
1583.3,2,2.0,8,1,Suburban,15.5,No,6.3,271900
1842.5,4,3.0,10,2,Suburban,15.0,Yes,6.3,323700
1183.3,2,1.0,9,1,Suburban,9.7,No,7.3,226600
3000.0,6,4.0,8,2,Downtown,5.3,Yes,7.353408361410979,575400
1125.3,3,3.0,12,2,Downtown,1.5,Yes,4.236506611847263,269000
1853.4,3,1.0,41,2,Downtown,12.0,Yes,5.265045775723253,321800
1013.3,1,1.0,1,2,Downtown,1.0,Yes,7.086732388724331,265100
1246.0,2,1.0,16,2,Suburban,8.4,Yes,10.0,253800
1715.4,3,2.0,3,1,Suburban,10.9,Yes,6.1,344300
1885.2,3,1.0,12,2,Rural,28.9,No,4.7,282100
1571.7,4,3.0,10,3,Suburban,,No,4.9,339600
2726.0,5,3.0,29,1,Downtown,8.3,Yes,5.271085713789325,475800
1124.6,3,1.0,16,1,Rural,28.6,Yes,3.1,185100
1653.0,2,2.0,1,2,Downtown,1.7,Yes,,367200
1013.1,2,2.0,24,1,Rural,17.1,Yes,6.8,165300
1468.6,2,1.0,25,1,Downtown,10.3,Yes,4.960213581138615,244200
1581.1,4,2.0,9,1,Suburban,11.6,No,5.5,284700
1303.6,2,1.0,7,2,Suburban,6.6,Yes,8.4,238300
1637.9,2,1.0,14,2,Rural,12.0,Yes,4.3,244500
1325.8,2,2.0,21,2,Rural,23.8,Yes,7.8,222100
2856.9,4,4.0,6,3,Downtown,4.0,No,5.7217609990619644,535600
2398.4,4,3.0,2,2,Suburban,7.6,Yes,2.9,400500
1114.1,2,1.0,2,1,Rural,40.3,Yes,6.4,157000
2472.2,5,3.0,24,2,Downtown,3.7,Yes,7.5443795026265725,456200
2039.2,4,3.0,2,2,Suburban,10.4,Yes,8.4,399000
2089.6,4,,1,1,Downtown,0.4,Yes,6.384486599019689,467600
1897.1,3,2.0,29,1,Suburban,10.2,Yes,7.5,305100
2042.6,4,2.0,1,2,Downtown,0.2,Yes,6.581563197401835,412400
1675.0,3,2.0,11,1,Suburban,12.0,No,9.2,303000
1381.7,2,1.0,32,1,Downtown,3.3,Yes,8.691494441900739,289400
1820.4,4,3.0,7,3,Suburban,2.8,Yes,7.4,426200
