HoursStudied,ExamMarks
0.30,6.29
0.30,7.57
0.30,9.41
0.30,4.87
0.30,7.48
0.30,4.49
0.30,4.58
0.30,6.5
0.30,5.66
0.31,8.25
0.31,3.23
0.31,6.81
0.31,5.18
0.32,5.22
0.32,4.78
0.32,6.74
0.32,5.35
0.32,2.75
0.32,5.8
0.32,6.08
0.32,6.66
0.32,4.66
0.32,7.95
0.32,5.69
0.32,7.84
0.32,1.34
0.33,10.46
0.33,7.46
0.33,3.67
0.33,8.79
0.33,5.53
0.33,6.56
0.33,4.74
0.33,4.84
0.33,6.79
0.33,4.05
0.33,4.53
0.33,7.25
0.34,7.7
0.34,8.17
0.34,6.65
0.34,1.87
0.34,4.78
0.34,5.54
0.34,3.69
0.34,7.49
0.34,3.74
0.35,3.25
0.35,4.91
0.35,6.47
0.35,6.62
0.35,3.46
0.35,8.04
0.35,7.11
0.35,7.71
0.35,10.46
0.35,4.9
0.35,5.04
0.35,5.56
0.35,9.52
0.36,7.09
0.36,7.32
0.36,4.27
0.36,6.09
0.36,7.12
0.36,7.44
0.36,5.4
0.36,8.85
0.36,6.33
0.37,7.63
0.37,6.11
0.37,3.87
0.37,7.89
0.37,7.15
0.37,5.17
0.37,5.22
0.37,10.0
0.37,7.36
0.37,7.75
0.38,7.59
0.38,4.88
0.38,4.69
0.38,3.39
0.38,8.48
0.38,8.09
0.38,4.85
0.38,7.63
0.38,8.16
0.38,6.78
0.38,8.36
0.39,4.99
0.39,6.34
0.39,7.46
0.39,5.71
0.39,3.79
0.39,7.07
0.39,5.96
0.39,6.71
0.40,7.61
0.40,6.26
0.40,6.84
0.40,3.1
0.40,5.14
0.40,1.59
0.40,6.45
0.41,4.85
0.41,5.85
0.41,6.52
0.41,7.4
0.41,5.29
0.41,8.77
0.41,6.1
0.42,4.05
0.42,7.91
0.42,7.09
0.42,6.41
0.42,7.51
0.42,6.98
0.42,5.58
0.42,4.12
0.42,5.21
0.43,5.26
0.43,4.73
0.43,9.5
0.43,7.13
0.43,6.51
0.43,6.72
0.43,8.9
0.43,5.86
0.44,4.41
0.44,3.78
0.44,6.7
0.44,5.03
0.44,6.52
0.44,6.43
0.44,8.51
0.44,5.33
0.44,6.91
0.44,3.37
0.45,11.82
0.45,8.33
0.45,2.85
0.45,5.35
0.45,9.57
0.45,7.53
0.45,3.14
0.45,7.16
0.45,7.63
0.46,8.74
0.46,7.16
0.46,9.47
0.46,4.07
0.46,5.98
0.46,5.72
0.47,3.65
0.47,7.53
0.47,6.44
0.47,8.03
0.47,5.56
0.47,7.4
0.47,3.33
0.47,5.64
0.47,5.36
0.47,4.74
0.47,5.11
0.47,11.68
0.47,6.15
0.47,6.07
0.47,9.03
0.47,8.32
0.48,6.19
0.48,6.51
0.48,7.86
0.48,6.8
0.48,7.32
0.48,6.9
0.48,7.58
0.48,11.41
0.48,8.92
0.48,6.76
0.48,2.4
0.48,4.35
0.48,5.89
0.49,7.28
0.49,6.58
0.49,4.22
0.49,6.57
0.49,5.6
0.49,6.62
0.49,9.68
0.49,5.96
0.49,9.53
0.49,4.07
0.50,7.79
0.50,7.1
0.50,6.33
0.51,7.59
0.51,7.68
0.51,5.51
0.51,8.02
0.51,6.77
0.51,8.53
0.51,5.02
0.51,5.67
0.51,7.86
0.52,8.19
0.52,5.27
0.52,7.92
0.52,8.67
0.52,8.25
0.52,5.07
0.52,6.01
0.52,9.78
0.52,10.6
0.52,9.05
0.52,8.79
0.53,9.66
0.53,10.73
0.53,3.95
0.53,9.25
0.53,5.97
0.53,8.85
0.53,6.34
0.53,6.36
0.54,4.89
0.54,9.79
0.54,5.9
0.54,6.46
0.54,5.2
0.54,5.58
0.54,4.64
0.55,6.84
0.55,8.37
0.55,6.05
0.55,6.43
0.55,8.83
0.55,6.28
0.55,5.84
0.55,5.67
0.55,4.88
0.55,7.02
0.56,9.92
0.56,7.04
0.56,4.58
0.56,7.13
0.56,5.56
0.56,6.2
0.56,6.92
0.56,6.74
0.56,7.92
0.56,3.42
0.56,6.02
0.56,5.7
0.57,4.66
0.57,8.3
0.57,8.31
0.57,7.27
0.57,3.68
0.57,5.3
0.57,2.41
0.57,4.5
0.58,3.17
0.58,4.08
0.58,5.89
0.58,10.24
0.58,11.1
0.58,6.95
0.58,5.12
0.58,4.95
0.58,5.17
0.58,8.86
0.58,6.02
0.58,9.15
0.58,4.65
0.58,5.66
0.58,8.46
0.59,5.73
0.59,9.33
0.59,8.12
0.59,7.14
0.59,7.65
0.59,4.98
0.59,9.18
0.59,6.42
1.00,7.85
1.00,8.37
1.00,8.03
1.00,7.11
1.00,5.16
1.00,6.38
1.00,9.39
1.01,4.73
1.01,8.01
1.01,4.15
1.01,6.91
1.01,5.74
1.01,7.51
1.01,9.19
1.01,5.01
1.01,8.45
1.02,5.28
1.02,8.78
1.02,3.81
1.02,4.01
1.02,10.24
1.02,10.02
1.02,7.86
1.02,4.39
1.02,8.96
1.02,5.25
1.02,4.74
1.02,5.63
1.02,8.42
1.02,8.03
1.02,5.63
1.03,11.26
1.03,6.75
1.03,7.72
1.03,5.65
1.03,7.75
1.03,7.52
1.03,7.84
1.03,6.23
1.03,8.38
1.03,8.34
1.03,11.87
1.03,6.87
1.04,4.58
1.04,4.66
1.04,9.68
1.04,7.61
1.05,5.75
1.05,3.79
1.05,7.17
1.05,5.85
1.05,6.65
1.06,7.67
1.06,7.63
1.06,7.42
1.06,6.76
1.06,5.5
1.06,6.19
1.06,8.31
1.06,6.13
1.07,9.12
1.07,11.7
1.07,9.28
1.07,4.58
1.07,7.18
1.07,5.72
1.08,11.14
1.08,6.23
1.08,9.88
1.08,5.9
1.08,7.73
1.08,9.09
1.08,4.59
1.08,9.0
1.08,8.45
1.09,6.65
1.09,7.03
1.09,7.53
1.09,10.43
1.09,8.68
1.09,4.04
1.09,8.99
1.09,3.54
1.09,6.54
1.09,8.84
1.09,5.0
1.09,8.41
1.10,8.41
1.10,4.62
1.10,8.01
1.10,9.6
1.10,6.54
1.10,4.41
1.10,6.85
1.11,5.17
1.11,9.1
1.11,9.29
1.11,5.65
1.11,6.52
1.11,5.94
1.11,5.65
1.11,5.08
1.11,9.86
1.11,9.15
1.11,6.52
1.11,9.75
1.11,11.63
1.11,4.77
1.12,6.67
1.12,7.73
1.12,8.68
1.12,8.36
1.12,12.15
1.12,9.18
1.12,4.52
1.12,3.74
1.12,6.77
1.13,7.65
1.13,7.88
1.13,11.24
1.13,6.68
1.13,6.08
1.13,3.45
1.13,7.06
1.13,4.03
1.14,8.29
1.14,8.6
1.14,6.11
1.14,11.79
1.14,6.9
1.14,8.86
1.14,4.0
1.14,8.13
1.14,7.23
1.15,11.47
1.15,8.63
1.15,7.21
1.15,6.4
1.15,7.38
1.15,7.52
1.15,6.7
1.15,4.67
1.15,5.03
1.15,8.7
1.15,5.67
1.16,10.01
1.16,11.41
1.16,8.65
1.16,6.66
1.17,9.57
1.17,6.86
1.17,6.98
1.18,8.21
1.18,9.23
1.18,6.8
1.18,6.03
1.18,6.36
1.18,10.46
1.18,10.36
1.19,9.47
1.19,6.67
1.19,7.47
1.19,5.57
1.19,6.06
1.19,5.81
1.19,4.79
1.19,6.82
1.19,9.3
1.20,9.01
1.20,7.43
1.20,10.13
1.20,7.45
1.20,11.99
1.20,5.9
1.20,8.21
1.20,9.89
1.20,6.52
1.20,7.12
1.20,6.25
1.21,6.83
1.21,2.86
1.21,7.83
1.21,8.94
1.21,6.93
1.21,6.43
1.21,7.32
1.21,8.83
1.22,9.13
1.22,7.19
1.22,6.99
1.22,9.99
1.23,7.54
1.23,11.23
1.23,7.42
1.23,7.29
1.23,6.6
1.23,7.63
1.23,8.18
1.23,11.33
1.24,7.89
1.24,4.64
1.24,4.97
1.24,7.71
1.24,9.2
1.24,7.08
1.24,6.14
1.24,9.5
1.24,7.37
1.25,5.21
1.25,11.87
1.25,7.55
1.25,6.06
1.25,6.97
1.25,8.06
1.25,8.01
1.25,7.01
1.25,7.56
1.25,11.62
1.25,8.67
1.26,6.53
1.26,7.12
1.26,12.09
1.26,8.39
1.26,9.41
1.26,7.25
1.26,12.2
1.26,5.05
1.26,7.57
1.26,9.33
1.26,7.37
1.27,7.77
1.27,4.82
1.27,7.65
1.27,5.77
1.27,7.09
1.27,3.79
1.27,9.01
1.28,6.15
1.28,7.91
1.28,9.66
1.28,9.43
1.28,8.5
1.28,7.29
1.28,4.69
1.28,7.01
1.28,9.33
1.28,8.62
1.28,8.53
1.29,10.07
1.29,6.1
1.29,9.39
1.29,7.07
1.29,7.6
1.29,9.04
1.29,8.91
1.29,10.64
1.29,7.67
1.29,7.78
1.29,8.16
1.29,4.67
1.29,8.85
1.29,7.32
1.30,5.73
1.30,3.67
1.30,12.88
1.30,10.65
1.30,6.92
1.30,3.12
1.30,8.35
1.30,8.38
1.31,7.63
1.31,10.53
1.31,7.34
1.31,6.97
1.31,11.37
1.31,5.45
1.31,4.53
1.31,12.8
1.32,9.97
1.32,7.73
1.32,8.61
1.32,7.22
1.32,4.41
1.32,2.64
1.32,6.81
1.33,6.8
1.33,3.83
1.33,8.67
1.33,7.36
1.33,9.33
1.33,5.82
1.33,7.68
1.33,6.88
1.33,8.35
1.33,8.12
1.33,12.65
1.34,8.67
1.34,9.62
1.34,10.11
1.34,7.94
1.34,12.07
1.34,8.02
1.34,6.77
1.34,6.09
1.34,8.97
1.34,9.79
1.34,7.86
1.34,7.7
1.35,5.75
1.35,11.25
1.35,8.93
1.35,7.44
1.35,9.37
1.35,7.84
1.35,10.78
1.35,7.46
1.35,8.43
1.35,9.03
1.36,7.35
1.36,7.12
1.36,6.77
1.36,8.36
1.36,7.3
1.36,5.2
1.36,8.3
1.36,10.88
1.36,7.59
1.36,10.63
1.36,4.66
1.36,7.93
1.37,8.59
1.37,12.12
1.37,6.55
1.37,8.54
1.37,7.79
1.37,8.54
1.37,5.79
1.37,7.1
1.37,6.73
1.37,10.47
1.37,3.69
1.37,7.38
1.37,6.9
1.38,6.92
1.38,7.24
1.38,7.81
1.38,10.53
1.38,4.34
1.38,10.58
1.38,7.74
1.38,7.57
1.38,7.42
1.39,7.29
1.39,13.4
1.39,7.65
1.39,10.57
1.39,9.58
1.39,3.97
1.39,6.5
1.39,7.55
1.39,6.28
1.39,9.29
1.39,4.34
1.39,5.9
1.40,8.82
1.40,4.98
1.40,5.46
1.40,10.85
1.40,9.62
1.40,8.44
1.41,7.12
1.41,10.21
1.41,7.84
1.41,7.28
1.41,9.41
1.41,9.41
1.41,10.55
1.42,7.35
1.42,6.48
1.42,7.26
1.42,9.46
1.42,3.67
1.42,7.74
1.42,6.86
1.42,10.61
1.42,10.73
1.42,7.28
1.42,8.77
1.43,7.54
1.43,8.92
1.43,6.92
1.43,6.47
1.43,9.66
1.43,5.32
1.43,5.57
1.43,6.24
1.43,7.17
1.43,12.77
1.44,9.09
1.44,10.57
1.44,8.74
1.44,9.91
1.44,7.3
1.44,8.96
1.44,8.69
1.44,7.03
1.45,8.54
1.45,3.68
1.45,12.26
1.45,9.04
1.45,8.6
1.46,6.85
1.46,8.42
1.46,9.99
1.46,9.34
1.46,7.74
1.47,7.22
1.47,7.2
1.47,13.28
1.47,7.34
1.47,12.01
1.48,7.68
1.48,6.88
1.48,9.36
1.48,9.71
1.48,7.2
1.48,10.22
1.48,10.04
1.48,9.38
1.49,8.87
1.49,7.81
1.49,8.26
1.49,5.61
1.49,10.05
1.49,10.64
1.49,7.5
1.49,11.45
1.49,8.57
1.50,8.56
1.50,5.53
1.50,10.43
1.50,8.18
1.50,7.55
1.50,11.25
1.50,9.61
1.50,7.76
1.50,10.61
1.50,6.32
1.50,9.02
1.50,6.21
1.50,9.45
1.51,13.24
1.51,6.45
1.51,9.27
1.51,11.21
1.51,10.8
1.51,11.25
1.52,6.84
1.52,13.07
1.52,6.95
1.52,10.2
1.52,9.11
1.52,8.41
1.52,6.49
1.52,7.01
1.52,7.3
1.52,9.64
1.53,8.75
1.53,7.65
1.53,10.09
1.53,10.24
1.53,7.63
1.53,7.32
1.53,8.06
1.53,9.63
1.53,9.28
1.53,10.15
1.54,11.87
1.54,6.48
1.54,11.3
1.54,8.21
1.54,10.41
1.54,5.34
1.54,6.96
1.54,9.75
1.55,9.83
1.55,10.19
1.55,8.49
1.55,7.02
1.55,10.5
1.55,7.08
1.55,7.82
1.55,13.61
1.55,7.42
1.55,5.66
1.55,10.99
1.55,11.34
1.55,9.17
1.56,7.96
1.56,10.99
1.56,9.4
1.56,11.42
1.56,7.26
1.56,10.23
1.56,8.35
1.56,8.92
1.56,12.01
1.56,10.43
1.56,8.53
1.56,8.67
1.56,7.39
1.56,9.49
1.56,11.1
1.57,12.3
1.57,9.22
1.57,9.82
1.57,10.39
1.57,7.43
1.57,6.59
1.57,11.33
1.57,8.73
1.58,9.5
1.58,9.48
1.58,8.63
1.58,11.23
1.58,7.85
1.59,7.32
1.59,9.09
1.59,7.74
1.59,11.28
1.59,7.92
1.59,7.36
2.00,5.66
2.00,8.48
2.00,11.35
2.00,7.85
2.00,9.14
2.00,7.15
2.00,5.95
2.00,11.28
2.01,11.62
2.01,11.2
2.01,7.99
2.01,4.85
2.01,8.22
2.01,8.72
2.01,7.02
2.01,9.51
2.01,10.2
2.01,10.64
2.01,8.12
2.01,9.74
2.01,8.96
2.02,8.86
2.02,6.4
2.02,9.87
2.02,6.28
2.02,13.16
2.02,10.09
2.02,6.1
2.02,9.36
2.02,9.87
2.03,10.15
2.03,8.86
2.03,8.13
2.03,6.95
2.03,10.7
2.03,8.35
2.03,8.08
2.03,8.48
2.03,7.69
2.03,8.62
2.03,12.08
2.04,10.84
2.04,7.79
2.04,9.24
2.04,11.66
2.04,8.89
2.04,11.31
2.04,6.99
2.04,8.14
2.04,10.22
2.04,8.01
2.04,8.95
2.04,7.74
2.04,5.78
2.05,8.33
2.05,6.25
2.05,9.87
2.05,9.31
2.05,6.85
2.05,9.09
2.05,5.94
2.06,7.5
2.06,5.54
2.06,11.02
2.06,9.87
2.06,10.06
2.06,10.43
2.07,11.11
2.07,7.12
2.07,9.71
2.07,10.96
2.07,13.3
2.07,8.77
2.07,5.53
2.07,8.96
2.07,6.31
2.07,9.89
2.07,6.05
2.08,7.43
2.08,5.17
2.08,6.8
2.08,6.95
2.08,8.05
2.08,7.44
2.08,10.36
2.09,9.89
2.09,7.77
2.09,9.76
2.09,7.07
2.09,14.3
2.09,7.5
2.09,10.0
2.10,10.79
2.10,7.65
2.10,10.84
2.10,8.04
2.10,11.27
2.10,10.39
2.10,14.22
2.11,6.17
2.11,12.32
2.11,10.19
2.11,8.28
2.11,10.14
2.11,10.87
2.11,12.69
2.11,7.85
2.11,10.14
2.11,10.34
2.11,11.84
2.12,10.25
2.12,5.0
2.12,9.98
2.12,7.24
2.12,7.74
2.13,8.65
2.13,8.2
2.13,7.4
2.13,8.98
2.13,8.37
2.13,10.03
2.13,6.42
2.13,9.24
2.13,9.24
2.13,10.83
2.13,9.22
2.13,9.17
2.14,9.22
2.14,8.45
2.14,4.12
2.14,8.81
2.14,11.46
2.14,8.55
2.14,6.63
2.14,10.37
2.14,11.46
2.14,8.1
2.14,8.63
2.15,8.72
2.15,9.67
2.15,6.21
2.15,10.96
2.15,10.17
2.15,12.05
2.15,5.7
2.15,9.76
2.15,7.88
2.15,10.44
2.15,9.23
2.16,11.62
2.16,10.96
2.16,7.89
2.16,7.91
2.16,8.86
2.16,8.1
2.16,7.63
2.16,6.92
2.16,11.91
2.16,9.68
2.16,11.67
2.16,7.74
2.16,3.86
2.16,9.85
2.16,11.98
2.17,8.5
2.17,8.78
2.17,10.44
2.17,7.75
2.17,5.69
2.17,9.24
2.17,8.34
2.17,10.53
2.18,11.23
2.18,9.33
2.18,9.49
2.18,8.94
2.18,9.73
2.18,6.41
2.19,9.26
2.19,6.08
2.19,9.35
2.19,8.86
2.19,10.64
2.19,9.77
2.19,8.81
2.19,10.46
2.19,7.16
2.19,6.38
2.19,9.32
2.19,8.08
2.19,11.72
2.20,7.26
2.20,6.35
2.20,7.23
2.20,11.71
2.20,8.86
2.20,7.54
2.20,11.68
2.20,7.9
2.20,8.33
2.20,11.96
2.20,8.75
2.21,6.54
2.21,10.23
2.21,11.78
2.21,12.45
2.21,4.3
2.21,13.46
2.21,9.72
2.21,9.44
2.21,10.33
2.21,8.29
2.22,7.5
2.22,8.03
2.22,7.64
2.23,4.32
2.23,10.98
2.23,7.74
2.23,11.79
2.23,9.31
2.23,8.94
2.23,12.36
2.23,10.67
2.24,11.27
2.24,9.5
2.24,8.68
2.24,10.04
2.24,6.26
2.24,5.76
2.24,8.2
2.25,9.54
2.25,11.27
2.25,8.6
2.25,7.98
2.25,10.78
2.25,8.23
2.25,11.51
2.26,9.26
2.26,7.1
2.26,8.27
2.26,7.18
2.26,4.71
2.26,10.93
2.26,10.62
2.26,8.72
2.26,14.03
2.26,10.91
2.26,9.63
2.27,5.96
2.27,14.32
2.27,11.94
2.27,8.89
2.27,6.84
2.27,11.08
2.27,9.75
2.27,11.12
2.27,10.04
2.27,12.76
2.27,11.72
2.27,9.4
2.28,6.72
2.28,8.42
2.28,11.28
2.28,7.61
2.28,4.73
2.28,6.82
2.28,9.0
2.28,10.03
2.28,6.97
2.28,4.56
2.29,9.38
2.29,9.78
2.29,9.1
2.29,9.5
2.29,8.86
2.29,11.79
2.29,8.99
2.29,9.76
2.30,11.13
2.30,7.83
2.30,5.57
2.30,8.09
2.30,10.83
2.30,7.52
2.30,5.59
2.31,9.28
2.31,9.59
2.31,6.83
2.31,12.96
2.31,12.84
2.31,7.46
2.31,10.49
2.31,13.36
2.31,11.76
2.32,8.51
2.32,8.99
2.32,8.59
2.32,9.78
2.32,8.8
2.32,9.04
2.32,6.04
2.32,10.32
2.32,11.64
2.33,8.85
2.33,8.3
2.33,9.59
2.33,9.34
2.33,7.13
2.33,9.22
2.33,8.21
2.33,8.13
2.33,7.64
2.33,11.02
2.34,4.74
2.34,10.88
2.34,9.78
2.34,10.68
2.34,9.91
2.34,7.98
2.34,10.29
2.34,8.22
2.34,10.59
2.34,14.42
2.34,9.38
2.34,12.62
2.34,11.26
2.35,8.01
2.35,8.84
2.35,13.77
2.35,10.91
2.35,13.53
2.35,11.76
2.35,9.3
2.35,11.23
2.35,14.02
2.36,11.21
2.36,9.25
2.36,12.71
2.36,9.17
2.36,11.2
2.36,12.94
2.36,11.06
2.36,13.67
2.37,6.51
2.37,12.66
2.37,11.35
2.37,10.91
2.37,9.0
2.37,9.98
2.37,13.26
2.37,12.69
2.37,10.59
2.37,10.35
2.37,7.9
2.37,6.74
2.38,4.68
2.38,7.73
2.38,10.56
2.38,10.2
2.38,3.98
2.38,11.65
2.38,10.02
2.38,7.86
2.39,11.27
2.39,10.57
2.39,10.72
2.39,8.76
2.39,9.6
2.39,9.88
2.39,8.41
2.39,11.36
2.39,9.7
2.40,11.58
2.40,8.65
2.40,12.74
2.40,7.32
2.40,9.85
2.40,10.89
2.40,9.84
2.40,8.48
2.40,10.65
2.41,9.16
2.41,8.66
2.41,8.81
2.41,11.58
2.41,13.1
2.41,9.52
2.41,9.43
2.41,11.74
2.42,9.17
2.42,11.73
2.42,12.72
2.42,12.19
2.42,8.63
2.42,12.71
2.42,10.33
2.42,10.18
2.42,14.46
2.42,12.04
2.42,7.97
2.43,12.16
2.43,10.88
2.43,8.42
2.43,7.98
2.43,9.83
2.43,10.41
2.43,12.11
2.43,8.82
2.43,11.62
2.44,9.47
2.44,12.98
2.44,3.72
2.44,6.87
2.44,13.01
2.44,7.28
2.44,9.38
2.45,11.2
2.45,9.84
2.45,7.32
2.45,9.87
2.45,12.24
2.45,10.64
2.45,9.59
2.45,10.6
2.45,9.07
2.46,9.76
2.46,7.8
2.46,14.5
2.46,7.47
2.46,10.66
2.46,12.71
2.47,6.55
2.47,10.37
2.47,10.55
2.47,10.05
2.47,8.13
2.47,11.19
2.48,6.87
2.48,9.54
2.48,9.16
2.48,11.78
2.48,9.59
2.48,10.3
2.48,11.81
2.48,9.66
2.48,9.31
2.48,9.56
2.49,12.78
2.49,5.85
2.49,12.21
2.49,5.35
2.49,10.55
2.49,9.12
2.50,9.09
2.50,7.39
2.50,9.33
2.50,11.67
2.50,7.1
2.51,11.2
2.51,9.82
2.51,10.48
2.51,10.71
2.51,7.47
2.51,10.5
2.51,12.62
2.52,7.7
2.52,7.16
2.52,9.31
2.52,12.45
2.53,10.63
2.53,11.9
2.53,12.85
2.53,10.76
2.54,11.32
2.54,8.67
2.54,10.1
2.54,8.89
2.54,8.91
2.54,8.35
2.54,10.18
2.55,11.02
2.55,9.85
2.55,9.35
2.55,12.17
2.55,11.28
2.55,10.55
2.56,12.03
2.56,9.32
2.56,7.59
2.56,8.98
2.56,8.62
2.57,9.64
2.57,9.93
2.57,11.04
2.57,10.1
2.58,5.32
2.58,9.83
2.58,9.83
2.58,6.35
2.58,10.73
2.58,11.05
2.58,12.47
2.58,9.97
2.58,9.07
2.58,11.79
2.58,9.25
2.59,13.42
2.59,13.2
2.59,11.58
2.59,12.34
2.59,11.0
3.00,12.97
3.00,11.87
3.00,9.73
3.00,13.02
3.00,9.93
3.00,12.11
3.00,12.97
3.00,8.4
3.00,11.14
3.00,9.18
3.00,9.23
3.01,8.98
3.01,12.42
3.01,10.53
3.01,11.19
3.01,9.52
3.01,9.63
3.01,11.3
3.01,10.09
3.02,8.53
3.02,9.41
3.02,7.32
3.02,9.04
3.02,9.63
3.03,13.33
3.03,8.87
3.03,8.21
3.03,13.94
3.03,9.98
3.03,8.85
3.03,8.85
3.03,12.46
3.03,7.84
3.03,13.02
3.04,12.75
3.04,10.07
3.04,10.45
3.04,7.08
3.04,8.71
3.04,11.17
3.04,10.17
3.04,10.41
3.04,11.03
3.04,10.54
3.04,7.86
3.04,7.48
3.04,12.71
3.04,13.29
3.04,8.46
3.05,9.1
3.05,10.88
3.05,10.81
3.05,6.35
3.05,11.94
3.05,14.0
3.05,8.35
3.05,10.5
3.05,11.95
3.06,9.51
3.06,7.84
3.06,11.94
3.06,6.88
3.06,9.64
3.06,10.14
3.06,8.21
3.06,7.23
3.06,9.2
3.06,8.89
3.06,9.93
3.06,12.33
3.07,8.21
3.07,10.32
3.07,14.47
3.07,7.97
3.07,6.98
3.07,8.03
3.07,14.13
3.07,11.42
3.07,8.84
3.08,10.23
3.08,8.31
3.08,8.58
3.08,10.27
3.08,13.56
3.08,12.91
3.08,8.9
3.08,8.35
3.08,11.06
3.08,13.02
3.09,10.46
3.09,8.5
3.09,15.38
3.09,13.62
3.10,12.07
3.10,4.32
3.10,10.14
3.10,12.51
3.10,11.23
3.10,7.82
3.10,13.42
3.10,9.66
3.10,11.51
3.11,9.55
3.11,10.94
3.11,15.91
3.11,10.77
3.11,12.68
3.11,13.33
3.11,9.6
3.11,10.01
3.11,12.15
3.12,12.56
3.12,9.37
3.12,10.05
3.12,14.24
3.12,11.59
3.12,13.48
3.13,14.13
3.13,10.6
3.13,9.7
3.13,12.79
3.13,12.26
3.13,9.08
3.13,15.79
3.13,12.32
3.13,10.33
3.13,10.31
3.13,11.16
3.13,9.27
3.13,10.31
3.13,10.78
3.14,10.17
3.14,11.38
3.14,11.78
3.14,15.38
3.14,9.58
3.15,12.94
3.15,13.14
3.15,10.39
3.15,10.4
3.15,7.57
3.15,14.57
3.15,12.21
3.15,13.04
3.15,11.45
3.15,12.07
3.15,10.24
3.15,15.24
3.16,10.33
3.16,8.94
3.16,10.67
3.16,8.51
3.16,13.26
3.16,7.4
3.16,15.27
3.16,12.55
3.17,10.85
3.17,12.53
3.17,13.32
3.17,11.37
3.17,11.92
3.17,13.38
3.17,9.26
3.17,12.42
3.17,7.12
3.17,9.68
3.17,13.27
3.17,10.76
3.17,12.62
3.17,8.09
3.17,10.6
3.18,10.6
3.18,10.17
3.18,10.32
3.18,13.59
3.18,12.8
3.18,12.92
3.19,12.63
3.19,8.66
3.19,12.86
3.19,13.15
3.19,10.61
3.19,12.73
3.19,10.27
3.19,5.55
3.19,11.59
3.19,11.55
3.20,13.69
3.20,14.27
3.20,9.45
3.20,14.74
3.20,14.4
3.20,9.14
3.20,12.32
3.21,13.23
3.21,11.39
3.21,11.62
3.21,8.39
3.21,13.43
3.21,9.61
3.21,11.63
3.21,11.09
3.21,10.99
3.21,11.16
3.22,12.87
3.22,15.07
3.22,10.06
3.23,12.9
3.23,14.27
3.23,10.39
3.23,10.07
3.23,13.77
3.23,10.55
3.23,8.32
3.23,11.3
3.23,13.41
3.23,14.24
3.23,14.42
3.23,11.74
3.23,10.22
3.24,10.42
3.24,11.71
3.24,10.81
3.24,11.86
3.24,10.53
3.24,11.14
3.24,12.32
3.24,12.66
3.25,12.74
3.25,10.22
3.25,12.87
3.25,11.75
3.25,11.16
3.25,12.54
3.25,11.01
3.25,13.02
3.25,8.31
3.26,7.04
3.26,10.66
3.26,11.56
3.26,12.03
3.26,9.57
3.26,10.08
3.26,10.65
3.27,9.33
3.27,13.43
3.27,13.24
3.27,12.64
3.27,9.16
3.27,7.77
3.28,11.27
3.28,14.41
3.28,10.89
3.28,13.0
3.28,10.11
3.28,11.83
3.28,9.93
3.28,8.83
3.28,10.14
3.29,10.39
3.29,10.1
3.29,12.93
3.29,11.32
3.29,10.54
3.29,11.27
3.29,12.32
3.29,12.36
3.30,11.4
3.30,12.16
3.30,12.81
3.30,11.09
3.30,9.8
3.30,11.72
3.30,12.01
3.30,11.7
3.30,10.03
3.31,5.37
3.31,11.35
3.31,11.96
3.31,11.58
3.31,11.97
3.31,10.6
3.31,13.19
3.31,13.37
3.31,10.36
3.31,9.16
3.32,8.46
3.32,8.42
3.32,10.03
3.32,14.73
3.32,11.14
3.32,11.19
3.32,9.26
3.32,11.15
3.32,12.7
3.32,10.62
3.32,9.26
3.32,12.47
3.32,13.99
3.32,9.68
3.33,14.53
3.33,11.08
3.33,14.07
3.33,9.57
3.33,11.16
3.33,12.11
3.34,11.45
3.34,10.98
3.34,11.89
3.34,12.29
3.34,11.81
3.34,15.32
3.34,13.36
3.35,11.97
3.35,11.52
3.35,7.81
3.35,11.88
3.35,12.99
3.35,10.59
3.35,10.0
3.35,6.43
3.35,14.33
3.36,12.83
3.36,10.85
3.36,10.26
3.36,13.23
3.36,12.68
3.36,10.71
3.36,11.48
3.36,10.85
3.37,8.82
3.37,12.62
3.37,11.47
3.37,10.06
3.37,11.59
3.37,9.79
3.37,8.8
3.38,11.57
3.38,8.93
3.38,10.6
3.38,11.38
3.38,11.71
3.38,7.04
3.39,13.07
3.39,10.28
3.40,8.72
3.40,8.95
3.40,9.85
3.40,11.92
3.40,12.14
3.40,11.52
3.40,10.25
3.40,14.29
3.40,12.95
3.41,8.4
3.41,14.86
3.41,14.09
3.41,15.55
3.41,11.68
3.41,13.44
3.41,7.13
3.41,13.24
3.41,14.8
3.41,14.14
3.41,11.36
3.41,12.92
3.41,13.77
3.41,17.55
3.41,8.3
3.42,13.7
3.42,11.46
3.42,12.21
3.42,11.78
3.42,14.69
3.42,11.34
3.42,11.97
3.42,13.15
3.42,15.48
3.42,13.4
3.43,12.38
3.43,15.18
3.43,14.24
3.43,14.41
3.43,11.46
3.43,13.71
3.43,11.0
3.43,11.93
3.44,9.8
3.44,13.1
3.44,14.94
3.44,9.34
3.44,9.88
3.44,13.66
3.44,12.82
3.44,12.77
3.44,14.17
3.45,11.21
3.45,9.22
3.45,10.78
3.45,14.33
3.45,13.27
3.45,14.72
3.45,16.62
3.45,12.44
3.45,9.08
3.46,17.53
3.46,11.09
3.46,11.34
3.46,11.97
3.46,10.11
3.47,9.69
3.47,12.1
3.47,11.62
3.47,12.44
3.47,10.76
3.47,14.51
3.47,10.92
3.47,11.29
3.47,12.9
3.47,12.71
3.47,11.76
3.47,13.08
3.48,14.88
3.48,12.51
3.48,9.12
3.48,11.47
3.48,11.66
3.48,12.9
3.48,10.88
3.48,12.57
3.48,9.7
3.48,9.41
3.48,12.95
3.48,11.71
3.48,14.56
3.49,12.48
3.49,10.93
3.49,15.15
3.49,14.81
3.49,11.0
3.49,14.74
3.49,11.12
3.50,11.52
3.50,12.56
3.50,10.13
3.50,11.5
3.50,13.68
3.50,9.65
3.50,12.69
3.50,9.59
3.51,11.17
3.51,10.19
3.51,10.41
3.51,14.36
3.51,13.23
3.51,12.26
3.51,11.2
3.51,13.27
3.51,11.0
3.51,9.29
3.51,10.68
3.51,13.08
3.51,13.4
3.52,9.55
3.52,14.12
3.52,12.4
3.52,15.14
3.52,14.93
3.52,12.44
3.52,12.77
3.52,11.21
3.53,12.38
3.53,10.86
3.53,17.6
3.53,13.68
3.53,11.11
3.53,15.16
3.54,10.28
3.54,13.24
3.54,9.95
3.54,12.72
3.54,14.49
3.54,13.1
3.54,15.7
3.54,14.29
3.54,11.94
3.55,8.28
3.55,14.85
3.55,10.46
3.55,11.55
3.55,12.09
3.56,13.37
3.56,14.39
3.56,11.92
3.56,9.25
3.56,13.68
3.56,11.76
3.56,11.08
3.56,13.81
3.56,11.18
3.56,13.07
3.57,13.68
3.57,11.68
3.57,8.64
3.57,10.97
3.57,13.74
3.57,14.2
3.57,7.37
3.57,13.69
3.58,13.96
3.58,13.38
3.58,13.65
3.58,9.9
3.58,13.84
3.58,8.17
3.58,10.97
3.58,12.68
3.58,15.06
3.59,14.52
3.59,15.67
3.59,10.0
3.59,10.37
3.59,9.92
3.59,12.54
3.59,9.96
3.59,15.42
4.00,12.25
4.00,11.65
4.00,11.31
4.00,13.34
4.00,12.98
4.00,10.2
4.01,11.15
4.01,10.32
4.01,11.16
4.01,15.28
4.01,12.88
4.01,11.21
4.01,13.42
4.02,13.68
4.02,11.61
4.02,14.83
4.02,15.26
4.02,10.97
4.02,12.2
4.02,10.66
4.03,10.24
4.03,14.47
4.03,14.05
4.03,11.23
4.03,13.68
4.03,11.8
4.03,11.19
4.03,14.36
4.03,10.33
4.03,9.37
4.03,11.84
4.04,13.35
4.04,11.19
4.04,14.11
4.04,9.24
4.04,11.35
4.05,11.52
4.05,11.33
4.05,8.58
4.05,11.58
4.05,15.36
4.05,13.1
4.05,12.38
4.05,15.49
4.05,11.37
4.05,14.21
4.06,12.39
4.06,9.62
4.06,8.87
4.06,13.28
4.06,14.19
4.06,13.25
4.06,11.69
4.06,9.17
4.07,12.86
4.07,10.27
4.07,11.08
4.07,11.11
4.07,13.04
4.07,9.54
4.07,13.42
4.07,14.89
4.07,12.21
4.08,10.91
4.08,12.03
4.08,16.06
4.08,11.63
4.09,9.47
4.09,12.28
4.09,14.88
4.09,15.51
4.09,13.58
4.09,16.89
4.09,13.99
4.10,12.43
4.10,11.5
4.10,14.61
4.10,11.93
4.10,12.52
4.11,11.82
4.11,14.98
4.11,11.1
4.11,12.91
4.11,13.63
4.11,12.8
4.11,13.85
4.11,12.0
4.11,15.35
4.11,11.77
4.11,11.69
4.12,10.29
4.12,13.04
4.12,11.74
4.12,12.39
4.12,14.8
4.12,11.07
4.12,13.07
4.12,13.08
4.12,10.21
4.12,11.4
4.12,12.76
4.12,15.43
4.13,13.51
4.13,14.56
4.13,9.9
4.13,14.92
4.13,19.14
4.13,16.39
4.13,6.94
4.13,9.93
4.13,10.52
4.13,14.73
4.14,14.03
4.14,9.79
4.14,9.81
4.14,12.94
4.14,12.87
4.14,12.56
4.14,14.0
4.14,11.4
4.14,14.31
4.15,10.58
4.15,15.28
4.15,13.72
4.15,10.04
4.15,15.03
4.15,11.04
4.15,12.16
4.15,14.88
4.16,8.35
4.16,14.29
4.16,13.71
4.16,15.63
4.16,12.26
4.17,8.13
4.17,11.51
4.17,14.74
4.17,12.41
4.17,14.42
4.17,12.12
4.17,11.43
4.17,12.39
4.17,8.89
4.17,11.22
4.17,14.12
4.17,14.54
4.17,14.12
4.18,9.5
4.18,14.45
4.18,11.17
4.18,12.43
4.18,12.87
4.18,11.8
4.18,13.65
4.18,15.41
4.18,15.21
4.19,15.29
4.19,13.02
4.19,12.72
4.19,14.26
4.19,14.19
4.19,16.67
4.19,12.68
4.20,12.23
4.20,15.05
4.20,13.56
4.20,12.93
4.20,15.35
4.20,11.49
4.20,11.01
4.21,9.23
4.21,15.3
4.21,12.07
4.21,10.85
4.21,12.27
4.22,11.05
4.22,15.6
4.22,11.85
4.22,15.36
4.22,14.74
4.22,12.16
4.22,12.33
4.22,12.94
4.22,11.01
4.22,15.15
4.22,15.66
4.22,11.53
4.23,15.33
4.23,10.89
4.23,13.4
4.23,15.0
4.23,15.02
4.23,12.35
4.23,13.57
4.23,13.9
4.24,17.01
4.24,11.76
4.24,13.28
4.24,12.99
4.24,8.43
4.24,10.82
4.24,7.95
4.24,14.47
4.24,15.92
4.24,9.4
4.25,13.21
4.25,10.89
4.25,13.42
4.25,12.63
4.26,15.77
4.26,12.93
4.26,10.96
4.26,16.18
4.26,13.72
4.26,15.67
4.27,13.98
4.27,15.34
4.27,10.38
4.27,10.88
4.27,14.6
4.27,11.83
4.27,13.22
4.27,10.18
4.27,14.27
4.27,12.58
4.27,13.07
4.27,14.14
4.27,12.97
4.27,15.84
4.28,12.77
4.28,15.37
4.28,17.44
4.28,14.36
4.28,9.81
4.28,13.48
4.29,13.34
4.29,13.35
4.30,16.74
4.30,10.14
4.30,15.39
4.30,14.11
4.30,15.21
4.30,12.12
4.30,17.24
4.30,14.67
4.30,12.22
4.30,12.42
4.30,15.05
4.30,13.41
4.31,12.74
4.31,16.34
4.31,14.93
4.31,16.72
4.31,14.98
4.31,14.15
4.31,11.12
4.31,13.58
4.31,16.6
4.31,10.95
4.31,16.74
4.32,14.75
4.32,12.51
4.32,13.69
4.32,10.96
4.32,15.05
4.32,11.66
4.32,15.46
4.32,12.33
4.33,14.15
4.33,14.16
4.33,14.65
4.33,10.99
4.33,12.22
4.33,12.61
4.33,12.26
4.33,15.56
4.33,16.35
4.33,15.62
4.33,14.89
4.34,14.82
4.34,14.38
4.34,14.58
4.35,10.66
4.35,14.31
4.35,10.89
4.35,9.83
4.35,12.36
4.35,15.33
4.35,13.42
4.36,15.03
4.36,15.63
4.36,12.12
4.36,11.72
4.36,11.45
4.36,16.29
4.36,14.67
4.36,15.3
4.36,13.24
4.36,13.09
4.37,13.52
4.37,12.2
4.37,17.26
4.37,9.47
4.37,13.12
4.37,13.9
4.37,12.92
4.37,15.01
4.37,13.95
4.37,11.77
4.37,18.46
4.37,13.26
4.37,14.67
4.38,12.86
4.38,15.04
4.38,14.68
4.38,15.54
4.39,13.05
4.39,12.73
4.39,10.96
4.39,12.86
4.39,16.45
4.39,10.75
4.39,11.53
4.39,15.16
4.40,16.27
4.40,11.93
4.40,16.78
4.40,12.9
4.40,10.92
4.41,15.49
4.41,16.41
4.41,13.48
4.41,14.64
4.41,11.83
4.41,14.74
4.41,12.12
4.41,11.46
4.41,11.63
4.41,17.13
4.42,11.84
4.42,16.93
4.42,16.95
4.42,12.66
4.42,10.64
4.42,13.16
4.42,14.42
4.42,13.89
4.43,14.59
4.43,15.21
4.43,13.55
4.43,13.0
4.43,13.86
4.43,15.83
4.44,13.17
4.44,10.16
4.44,12.3
4.44,15.56
4.44,14.62
4.44,15.5
4.45,16.67
4.45,12.47
4.45,12.48
4.46,13.77
4.46,13.81
4.46,13.63
4.46,10.25
4.46,11.87
4.46,13.11
4.47,10.94
4.47,10.55
4.47,13.6
4.47,17.32
4.47,14.67
4.47,16.68
4.47,14.98
4.47,11.83
4.47,13.05
4.47,15.68
4.47,16.68
4.48,14.62
4.48,18.7
4.48,15.32
4.48,12.27
4.48,16.82
4.48,13.48
4.48,11.64
4.49,13.56
4.49,11.95
4.49,13.73
4.49,13.87
4.50,15.58
4.50,13.08
4.50,14.4
4.50,7.62
4.50,14.65
4.50,11.44
4.50,11.53
4.50,16.6
4.50,16.49
4.51,14.9
4.51,16.77
4.51,12.27
4.51,10.9
4.51,13.07
4.51,14.25
4.51,9.94
4.51,15.34
4.51,16.09
4.51,10.88
4.52,16.72
4.52,15.76
4.52,16.77
4.52,14.53
4.52,15.71
4.52,11.06
4.52,10.79
4.52,12.38
4.53,14.62
4.53,14.27
4.53,11.98
4.53,12.85
4.54,16.22
4.54,14.33
4.54,11.93
4.54,12.15
4.54,11.63
4.54,15.78
4.54,10.39
4.54,14.12
4.54,13.89
4.54,11.16
4.54,14.65
4.55,14.13
4.55,12.24
4.55,12.02
4.55,12.84
4.55,14.5
4.55,15.67
4.55,14.87
4.55,17.17
4.55,15.41
4.55,14.82
4.55,12.38
4.55,15.39
4.55,16.94
4.55,20.82
4.56,17.02
4.56,12.79
4.56,13.74
4.56,11.8
4.56,16.54
4.56,13.44
4.56,13.38
4.56,13.49
4.56,11.43
4.56,13.62
4.57,12.99
4.57,14.36
4.57,13.27
4.57,14.58
4.57,14.36
4.57,16.46
4.57,11.59
4.57,13.46
4.57,13.95
4.57,14.43
4.58,16.23
4.58,12.96
4.58,13.04
4.58,14.94
4.58,15.85
4.58,13.14
4.58,13.17
4.58,11.71
4.58,6.51
4.58,15.36
4.59,13.0
4.59,12.92
4.59,17.26
4.59,16.06
4.59,17.81
5.00,13.11
5.00,15.12
5.00,9.63
5.00,13.8
5.00,12.66
5.00,12.68
5.00,15.93
5.00,14.89
5.01,14.2
5.01,19.73
5.01,9.92
5.01,18.33
5.01,14.54
5.01,14.9
5.02,14.23
5.02,12.9
5.02,12.63
5.02,11.77
5.02,14.88
5.02,14.88
5.02,14.02
5.03,12.31
5.03,12.68
5.03,15.02
5.03,13.56
5.03,13.32
5.03,16.09
5.03,14.0
5.03,15.25
5.04,15.12
5.04,9.86
5.04,12.19
5.04,13.76
5.04,15.36
5.05,10.77
5.05,14.01
5.05,17.37
5.05,13.13
5.06,13.75
5.06,13.78
5.06,14.5
5.06,14.38
5.06,11.99
5.06,11.34
5.07,15.27
5.07,16.16
5.07,14.35
5.07,13.47
5.07,12.37
5.07,16.23
5.07,15.24
5.07,12.61
5.07,14.07
5.07,12.97
5.08,16.05
5.08,18.07
5.08,17.85
5.08,17.24
5.08,9.71
5.08,18.65
5.08,14.2
5.08,16.3
5.08,12.68
5.08,13.6
5.08,15.04
5.08,15.1
5.08,16.39
5.09,17.23
5.09,16.48
5.09,16.08
5.09,15.33
5.10,11.41
5.10,14.39
5.10,15.23
5.10,12.85
5.10,13.71
5.10,14.01
5.10,12.91
5.10,13.04
5.10,11.57
5.10,17.58
5.11,11.76
5.11,13.62
5.11,15.06
5.11,14.52
5.11,11.82
5.11,11.62
5.11,14.23
5.11,15.5
5.12,14.9
5.12,12.84
5.12,13.45
5.12,16.99
5.12,12.02
5.12,14.94
5.12,14.94
5.12,13.4
5.12,13.34
5.12,11.06
5.12,12.6
5.13,12.48
5.13,13.74
5.13,14.61
5.13,14.74
5.13,12.9
5.13,16.24
5.13,13.64
5.13,16.83
5.13,14.94
5.14,11.34
5.14,17.57
5.14,16.27
5.14,17.1
5.15,14.11
5.15,16.78
5.15,14.9
5.15,13.83
5.15,16.33
5.15,13.96
5.15,16.95
5.15,16.71
5.15,14.86
5.15,13.14
5.15,15.9
5.15,16.64
5.15,14.95
5.16,16.09
5.16,14.93
5.16,16.71
5.16,12.09
5.16,13.23
5.16,13.56
5.17,16.58
5.17,13.83
5.17,16.29
5.17,18.14
5.17,13.94
5.17,16.97
5.17,16.8
5.17,13.28
5.17,12.7
5.17,15.62
5.17,12.76
5.17,12.65
5.17,13.97
5.17,12.87
5.18,12.58
5.18,13.4
5.18,15.41
5.18,15.25
5.18,14.18
5.18,11.0
5.18,14.05
5.18,13.6
5.18,17.67
5.19,14.27
5.19,18.03
5.19,15.67
5.19,12.36
5.19,14.14
5.19,12.08
5.20,15.79
5.20,15.57
5.20,16.36
5.20,16.97
5.20,14.24
5.20,14.92
5.20,15.67
5.20,15.4
5.20,18.04
5.20,14.94
5.20,11.9
5.21,15.88
5.21,14.79
5.21,15.33
5.21,13.37
5.21,15.52
5.22,14.86
5.22,11.41
5.22,16.68
5.22,11.5
5.22,17.44
5.22,13.27
5.22,15.36
5.22,14.95
5.22,14.12
5.22,18.87
5.22,15.67
5.23,12.11
5.23,14.3
5.23,16.54
5.23,15.84
5.23,15.51
5.23,14.68
5.23,12.36
5.24,18.01
5.24,13.96
5.24,13.91
5.24,17.35
5.24,10.26
5.24,15.47
5.24,17.9
5.24,15.44
5.24,17.43
5.24,17.14
5.25,12.67
5.25,13.04
5.25,14.99
5.25,13.03
5.26,19.1
5.26,15.94
5.26,17.83
5.26,17.49
5.26,15.77
5.27,16.51
5.27,15.15
5.27,13.7
5.27,12.96
5.27,15.02
5.28,18.9
5.28,19.09
5.28,17.21
5.28,12.23
5.28,13.32
5.28,15.28
5.28,16.67
5.28,14.62
5.28,14.08
5.28,13.03
5.28,15.85
5.28,15.22
5.29,15.83
5.29,19.29
5.29,18.62
5.29,16.23
5.29,14.04
5.29,16.76
5.29,16.55
5.29,17.04
5.29,15.28
5.29,14.57
5.30,15.96
5.30,15.92
5.30,19.82
5.30,17.57
5.30,15.38
5.30,13.54
5.30,15.28
5.30,12.61
5.31,15.48
5.31,16.04
5.31,10.67
5.31,14.08
5.31,14.84
5.31,16.2
5.31,13.6
5.32,16.79
5.32,19.05
5.32,19.1
5.32,11.93
5.32,16.7
5.32,16.63
5.32,15.47
5.32,12.57
5.32,14.24
5.32,13.19
5.32,10.71
5.32,14.78
5.32,14.31
5.33,13.79
5.33,16.53
5.33,17.53
5.33,15.25
5.33,12.2
5.33,13.0
5.34,15.59
5.34,15.61
5.34,15.06
5.34,17.49
5.34,12.38
5.34,15.2
5.34,14.12
5.34,14.14
5.34,19.42
5.34,13.02
5.35,16.15
5.35,19.25
5.35,13.94
5.35,17.37
5.35,15.04
5.35,17.14
5.35,14.13
5.35,19.89
5.35,19.1
5.36,15.67
5.36,15.72
5.36,15.07
5.36,16.03
5.36,14.14
5.36,14.81
5.36,12.72
5.36,15.16
5.36,16.24
5.37,16.79
5.37,14.56
5.37,16.14
5.37,16.08
5.37,16.36
5.37,15.88
5.37,14.74
5.37,12.36
5.38,16.5
5.38,14.84
5.38,14.27
5.38,11.89
5.38,17.49
5.38,15.69
5.38,17.66
5.38,16.33
5.39,17.14
5.39,16.23
5.39,14.4
5.39,15.44
5.39,12.72
5.39,8.65
5.39,15.06
5.39,15.4
5.39,17.63
5.39,14.03
5.40,19.01
5.40,16.78
5.40,13.56
5.40,16.18
5.40,16.03
5.40,16.89
5.40,14.96
5.40,14.74
5.41,16.31
5.41,14.41
5.41,15.15
5.41,16.05
5.41,16.68
5.41,15.25
5.41,18.28
5.41,21.7
5.41,17.9
5.42,16.06
5.42,18.23
5.42,17.18
5.42,15.6
5.42,14.77
5.42,12.97
5.42,17.56
5.42,16.03
5.42,11.51
5.42,14.36
5.43,16.66
5.43,13.58
5.43,15.45
5.43,18.5
5.43,18.72
5.43,15.47
5.43,16.48
5.43,12.54
5.43,17.23
5.43,14.84
5.43,15.95
5.44,15.5
5.44,19.89
5.44,15.87
5.44,13.84
5.44,18.62
5.44,14.41
5.44,13.67
5.45,20.04
5.45,13.69
5.45,14.6
5.45,12.16
5.45,15.33
5.45,12.94
5.46,14.8
5.46,17.4
5.46,16.23
5.46,16.33
5.46,13.65
5.47,16.91
5.47,15.18
5.47,14.49
5.47,15.97
5.47,14.77
5.47,14.18
5.47,13.83
5.48,17.18
5.48,16.57
5.48,14.79
5.48,17.59
5.48,16.88
5.48,16.11
5.48,16.1
5.48,20.42
5.48,14.23
5.48,17.9
5.48,18.48
5.48,16.71
5.48,17.35
5.49,16.39
5.49,17.6
5.49,14.85
5.49,14.38
5.49,15.95
5.49,14.77
5.49,16.71
5.49,16.8
5.49,19.51
5.50,16.2
5.50,13.98
5.50,16.84
5.50,18.24
5.50,15.87
5.50,15.51
5.51,13.02
5.51,13.7
5.51,14.58
5.51,13.9
5.51,15.98
5.51,15.39
5.51,15.46
5.51,21.52
5.51,12.86
5.51,16.27
5.51,11.85
5.52,15.34
5.52,13.42
5.52,16.72
5.52,14.78
5.52,13.72
5.52,13.19
5.53,15.51
5.53,14.23
5.53,11.59
5.53,13.72
5.53,15.86
5.53,19.63
5.53,17.02
5.53,20.29
5.53,13.49
5.53,15.65
5.53,13.36
5.54,15.37
5.54,15.51
5.54,13.47
5.54,10.39
5.54,15.02
5.54,15.34
5.54,17.24
5.54,15.82
5.54,17.4
5.54,15.91
5.54,16.13
5.54,15.49
5.54,16.33
5.54,16.41
5.54,16.88
5.55,17.35
5.55,15.17
5.55,18.79
5.55,16.78
5.55,19.17
5.55,11.91
5.55,16.41
5.55,17.1
5.55,17.31
5.55,19.95
5.55,14.07
5.56,15.74
5.56,14.82
5.56,14.16
5.56,13.64
5.56,17.68
5.56,15.73
5.56,19.32
5.56,18.03
5.56,12.85
5.56,16.56
5.56,13.01
5.57,14.31
5.57,15.04
5.57,13.6
5.57,12.91
5.57,17.64
5.57,17.2
5.57,11.96
5.57,16.53
5.58,16.71
5.58,16.66
5.58,14.56
5.58,14.27
5.58,13.6
5.58,14.78
5.58,15.45
5.58,15.3
5.58,14.04
5.58,18.4
5.58,14.86
5.58,16.26
5.58,15.48
5.58,16.1
5.58,11.97
5.59,11.92
5.59,14.77
5.59,14.81
5.59,17.47
5.59,18.33
5.59,17.75
5.59,16.03
5.59,16.47
6.00,15.76
6.00,20.3
6.00,10.89
6.00,18.6
6.00,17.55
6.00,14.03
6.00,15.44
6.00,15.62
6.00,14.02
6.00,14.27
6.01,15.95
6.01,17.35
6.01,14.93
6.01,15.78
6.01,18.1
6.01,15.34
6.01,12.85
6.01,18.14
6.01,16.13
6.01,16.47
6.01,16.26
6.01,18.85
6.02,13.39
6.02,18.9
6.02,17.71
6.02,14.66
6.02,16.32
6.03,16.48
6.03,18.04
6.03,17.8
6.03,15.61
6.03,15.13
6.03,18.17
6.03,15.94
6.03,15.9
6.03,14.18
6.03,14.27
6.04,16.55
6.04,17.21
6.04,18.39
6.04,17.45
6.04,14.08
6.04,14.86
6.04,15.47
6.04,15.48
6.04,15.39
6.05,19.16
6.05,16.83
6.05,19.1
6.05,18.13
6.05,15.69
6.05,15.64
6.05,16.71
6.06,17.54
6.06,21.87
6.06,18.45
6.06,15.37
6.06,17.55
6.06,14.73
6.06,13.73
6.06,12.28
6.07,15.4
6.07,16.58
6.07,16.65
6.07,18.02
6.07,16.15
6.07,16.26
6.07,18.33
6.07,19.29
6.08,17.51
6.08,16.94
6.08,16.66
6.08,14.73
6.08,18.72
6.08,13.04
6.08,14.71
6.08,17.92
6.09,16.07
6.09,14.9
6.09,14.53
6.09,17.48
6.09,20.06
6.09,13.28
6.10,14.55
6.10,12.43
6.10,15.38
6.10,17.46
6.10,17.58
6.10,21.35
6.10,17.08
6.10,17.55
6.10,15.71
6.10,14.84
6.10,17.62
6.10,15.02
6.10,15.16
6.11,17.56
6.11,17.23
6.11,18.04
6.11,18.74
6.11,14.58
6.11,16.33
6.11,18.01
6.11,16.4
6.12,18.7
6.12,15.95
6.12,16.39
6.12,13.92
6.12,15.25
6.12,15.36
6.12,15.76
6.12,15.85
6.13,17.02
6.13,17.16
6.13,14.46
6.13,15.02
6.14,12.66
6.14,17.51
6.14,17.37
6.14,16.76
6.14,15.73
6.14,14.23
6.14,17.4
6.15,14.5
6.15,15.96
6.15,15.86
6.15,13.62
6.15,14.1
6.15,15.89
6.15,19.7
6.15,16.09
6.15,18.41
6.15,17.27
6.15,15.88
6.16,13.33
6.16,16.26
6.16,17.26
6.16,17.81
6.16,18.98
6.16,15.13
6.16,20.8
6.16,13.68
6.16,15.14
6.17,14.96
6.17,15.02
6.17,16.62
6.17,14.77
6.17,16.19
6.17,15.82
6.17,16.3
6.17,14.43
6.17,19.75
6.17,14.6
6.18,15.88
6.18,16.77
6.18,16.27
6.18,16.6
6.18,15.65
6.18,17.34
6.19,18.67
6.19,21.12
6.19,15.87
6.19,14.02
6.19,18.94
6.19,17.52
6.19,20.46
6.20,14.49
6.20,13.58
6.20,15.3
6.20,19.29
6.20,14.77
6.20,17.32
6.20,13.12
6.20,15.3
6.20,14.2
6.20,17.16
6.20,16.73
6.20,16.69
6.21,15.95
6.21,19.61
6.22,13.68
6.22,14.99
6.22,19.64
6.22,17.04
6.22,15.1
6.22,16.18
6.22,19.86
6.22,18.93
6.23,17.08
6.23,18.03
6.23,17.71
6.23,16.14
6.23,13.8
6.23,16.12
6.23,17.72
6.23,14.09
6.23,16.73
6.24,13.98
6.24,14.14
6.24,15.81
6.25,16.34
6.25,19.68
6.25,16.7
6.26,19.27
6.26,16.92
6.26,17.24
6.26,14.13
6.26,18.33
6.26,11.59
6.26,20.29
6.26,15.0
6.26,18.49
6.26,15.86
6.27,17.17
6.27,16.96
6.27,17.42
6.27,17.81
6.27,13.85
6.27,17.7
6.27,17.62
6.27,19.59
6.27,17.18
6.27,16.46
6.28,17.88
6.28,18.94
6.28,16.65
6.28,14.34
6.28,19.27
6.28,18.35
6.29,16.24
6.29,17.71
6.29,20.33
6.29,18.22
6.29,16.75
6.29,17.19
6.29,15.49
6.29,12.69
6.29,15.12
6.29,16.26
6.30,17.44
6.30,16.83
6.30,16.04
6.30,15.07
6.30,16.32
6.30,17.55
6.30,17.06
6.30,18.58
6.30,13.48
6.30,19.33
6.30,20.2
6.30,15.56
6.30,13.01
6.30,17.06
6.31,18.14
6.31,18.67
6.31,17.21
6.31,15.93
6.31,16.6
6.31,17.49
6.32,16.21
6.32,16.11
6.32,16.6
6.32,17.8
6.32,18.29
6.33,18.53
6.33,16.98
6.33,17.62
6.33,22.66
6.33,16.34
6.33,15.91
6.33,19.23
6.33,15.09
6.33,19.36
6.33,11.7
6.34,13.77
6.34,14.94
6.34,19.36
6.34,13.19
6.34,17.83
6.34,14.62
6.34,17.67
6.34,15.25
6.34,17.92
6.34,14.64
6.34,18.48
6.34,15.24
6.34,17.09
6.34,19.46
6.35,16.35
6.35,16.0
6.35,17.03
6.35,16.7
6.35,18.13
6.35,16.2
6.35,16.59
6.35,14.05
6.35,17.13
6.35,16.3
6.36,19.47
6.36,17.48
6.36,18.3
6.36,16.18
6.36,13.12
6.36,15.51
6.37,16.14
6.37,15.14
6.37,15.95
6.37,18.29
6.37,18.68
6.37,16.87
6.37,16.51
6.37,20.6
6.38,20.68
6.38,19.7
6.38,14.62
6.38,12.1
6.38,15.92
6.38,14.66
6.38,14.54
6.38,15.86
6.38,17.03
6.39,16.06
6.39,17.06
6.39,19.53
6.39,20.59
6.39,18.15
6.39,16.94
6.39,19.81
6.39,18.45
6.39,19.11
6.39,15.62
6.40,15.41
6.40,20.39
6.40,18.0
6.40,22.41
6.40,16.45
6.40,19.82
6.40,14.34
6.41,17.4
6.41,20.49
6.41,19.35
6.41,20.27
6.41,16.05
6.41,18.04
6.41,13.96
6.41,20.33
6.41,16.5
6.41,16.95
6.41,13.91
6.41,15.59
6.41,15.73
6.42,20.01
6.42,18.15
6.42,20.04
6.42,19.47
6.42,16.66
6.42,16.45
6.42,15.93
6.42,16.82
6.42,17.29
6.42,16.75
6.42,17.9
6.42,20.02
6.43,18.4
6.43,17.27
6.43,20.6
6.43,16.25
6.43,16.66
6.43,17.86
6.43,21.18
6.43,17.09
6.44,19.09
6.44,19.37
6.44,17.99
6.44,16.73
6.44,16.9
6.44,16.99
6.44,18.94
6.44,15.12
6.44,16.18
6.44,19.23
6.44,15.33
6.44,19.06
6.44,20.62
6.44,18.32
6.45,19.37
6.45,18.19
6.45,17.79
6.45,19.91
6.45,16.34
6.45,15.94
6.45,14.4
6.45,17.1
6.46,19.0
6.46,18.9
6.46,19.49
6.46,16.93
6.46,15.83
6.47,18.74
6.47,18.76
6.47,16.97
6.47,15.49
6.47,17.55
6.47,18.55
6.47,16.37
6.47,16.42
6.47,19.79
6.47,18.76
6.48,18.41
6.48,17.19
6.48,21.56
6.48,14.4
6.48,13.82
6.48,16.59
6.48,17.93
6.48,21.75
6.49,14.9
6.49,16.24
6.49,16.13
6.49,17.08
6.49,18.5
6.49,16.18
6.49,20.09
6.50,16.75
6.50,19.92
6.50,18.25
6.50,17.23
6.50,17.5
6.50,14.41
6.50,14.39
6.50,20.36
6.50,20.17
6.50,20.2
6.51,16.46
6.51,19.49
6.51,17.86
6.51,20.05
6.51,13.99
6.51,18.74
6.51,18.4
6.51,19.18
6.51,14.68
6.51,17.35
6.52,20.48
6.52,17.96
6.52,15.58
6.52,11.79
6.52,16.34
6.52,17.77
6.52,18.91
6.52,17.72
6.52,15.69
6.52,16.9
6.52,24.03
6.52,22.02
6.53,16.17
6.53,17.95
6.53,20.56
6.53,19.66
6.53,22.1
6.53,18.41
6.53,16.19
6.53,18.9
6.53,15.17
6.53,16.42
6.53,17.21
6.53,21.06
6.53,18.88
6.53,12.63
6.54,14.15
6.54,16.93
6.54,19.62
6.54,13.77
6.54,20.49
6.54,18.87
6.54,18.94
6.54,17.91
6.54,20.15
6.55,15.98
6.55,18.19
6.55,19.12
6.55,20.11
6.55,18.26
6.55,18.73
6.55,16.85
6.55,16.08
6.56,19.24
6.56,18.41
6.56,17.1
6.56,21.14
6.56,18.92
6.56,17.74
6.56,17.11
6.56,15.77
6.56,16.02
6.57,18.64
6.57,19.86
6.57,15.02
6.57,16.3
6.58,18.57
6.58,17.31
6.58,19.03
6.58,16.07
6.58,16.02
6.58,17.31
6.58,18.59
6.59,19.21
6.59,17.83
6.59,19.87
6.59,18.56
6.59,15.24
6.59,20.89
6.59,16.14
6.59,21.22
7.00,15.45
7.00,16.66
7.00,17.66
7.00,20.69
7.00,16.59
7.00,20.82
7.00,19.97
7.01,15.63
7.01,16.04
7.01,16.76
7.01,18.18
7.01,15.82
7.01,21.45
7.01,18.47
7.01,16.12
7.01,18.28
7.01,19.76
7.01,20.41
7.01,20.15
7.01,18.98
7.01,18.52
7.02,17.92
7.02,20.11
7.02,15.61
7.02,19.32
7.02,18.02
7.02,18.49
7.02,18.91
7.02,15.41
7.02,18.1
7.02,18.75
7.02,20.43
7.03,17.42
7.03,18.24
7.03,18.19
7.03,18.42
7.03,16.09
7.03,19.15
7.04,17.58
7.04,16.48
7.04,17.11
7.04,21.08
7.04,13.55
7.04,17.88
7.04,18.1
7.04,16.82
7.04,17.44
7.04,16.82
7.04,17.85
7.05,20.69
7.05,18.19
7.05,16.66
7.05,17.03
7.05,18.23
7.05,21.04
7.05,16.3
7.05,18.07
7.05,16.76
7.06,17.45
7.06,19.26
7.06,16.97
7.06,18.28
7.06,15.56
7.06,17.47
7.07,19.52
7.07,16.86
7.07,20.28
7.07,18.59
7.07,17.0
7.07,16.24
7.07,19.89
7.07,18.46
7.07,17.33
7.07,18.16
7.08,20.84
7.08,21.3
7.08,20.15
7.08,19.79
7.08,17.66
7.08,15.95
7.08,16.44
7.08,20.58
7.09,18.39
7.09,19.71
7.09,20.65
7.09,17.28
7.09,20.87
7.09,17.68
7.09,20.88
7.09,16.66
7.09,17.88
7.09,20.97
7.09,18.93
7.09,14.6
7.09,18.75
7.10,17.33
7.10,15.13
7.10,16.29
7.10,17.21
7.11,16.41
7.11,17.83
7.11,16.37
7.11,16.64
7.11,18.06
7.11,20.85
7.11,18.01
7.11,15.83
7.12,20.01
7.12,18.76
7.12,18.1
7.13,19.15
7.13,18.22
7.13,18.34
7.13,14.2
7.13,20.81
7.13,17.24
7.13,18.15
7.13,18.77
7.13,18.06
7.14,19.91
7.14,16.76
7.14,21.42
7.14,18.11
7.14,19.51
7.14,19.64
7.15,17.2
7.15,18.6
7.15,15.74
7.15,19.01
7.15,21.61
7.15,21.15
7.15,20.85
7.15,17.96
7.15,19.86
7.16,17.24
7.16,19.86
7.16,15.6
7.16,19.87
7.16,18.19
7.16,14.37
7.16,22.57
7.16,15.23
7.16,17.82
7.16,18.85
7.16,13.44
7.16,13.6
7.17,16.98
7.17,18.2
7.17,16.46
7.17,18.26
7.18,20.84
7.18,14.8
7.18,22.27
7.18,19.6
7.19,21.8
7.19,17.09
7.19,19.79
7.19,21.58
7.19,20.69
7.19,15.55
7.19,19.08
7.20,16.74
7.20,21.82
7.20,17.36
7.20,20.25
7.20,20.41
7.20,18.22
7.20,18.11
7.20,20.73
7.20,18.89
7.21,22.66
7.21,17.2
7.21,20.3
7.21,18.29
7.21,19.36
7.21,20.56
7.21,19.08
7.21,16.51
7.21,15.77
7.21,17.27
7.21,16.76
7.22,20.82
7.22,18.92
7.22,21.02
7.22,15.12
7.22,19.93
7.22,17.06
7.22,15.52
7.22,20.15
7.22,22.71
7.23,18.04
7.23,19.54
7.23,17.94
7.23,19.06
7.23,16.94
7.24,20.63
7.24,14.88
7.24,16.62
7.24,17.06
7.24,21.38
7.24,14.27
7.24,20.49
7.25,18.69
7.25,18.62
7.25,16.62
7.25,20.67
7.25,19.84
7.25,17.24
7.25,20.68
7.25,16.01
7.26,16.71
7.26,17.12
7.26,17.51
7.26,16.44
7.26,20.7
7.26,17.81
7.27,19.7
7.27,16.36
7.27,17.64
7.27,18.43
7.27,18.86
7.27,21.86
7.27,19.44
7.27,19.04
7.27,20.46
7.27,19.68
7.27,19.07
7.28,22.02
7.28,16.55
7.28,17.95
7.28,18.13
7.28,17.52
7.28,19.22
7.28,21.19
7.28,18.96
7.29,16.41
7.29,20.49
7.29,18.9
7.29,16.66
7.29,17.1
7.29,18.57
7.29,21.88
7.29,21.22
7.29,20.02
7.29,18.82
7.30,18.75
7.30,17.41
7.30,17.33
7.30,18.17
7.31,20.26
7.31,21.28
7.31,17.31
7.31,19.54
7.31,20.66
7.31,18.59
7.31,18.72
7.31,19.72
7.31,22.68
7.31,15.91
7.31,16.12
7.32,18.81
7.32,17.6
7.32,16.15
7.32,20.14
7.32,17.04
7.32,18.34
7.32,20.6
7.32,17.61
7.33,17.38
7.33,20.13
7.33,19.77
7.33,19.53
7.33,18.48
7.33,20.17
7.34,21.44
7.34,16.64
7.34,19.29
7.34,21.68
7.34,21.21
7.34,19.76
7.34,19.08
7.34,18.26
7.35,19.72
7.35,20.0
7.35,19.87
7.35,19.9
7.35,17.36
7.35,18.27
7.35,19.21
7.36,20.93
7.36,18.56
7.36,20.44
7.36,19.35
7.36,18.2
7.36,20.58
7.36,16.97
7.36,14.76
7.36,15.5
7.36,18.93
7.36,20.05
7.37,18.88
7.37,19.91
7.37,21.26
7.37,23.36
7.37,18.9
7.37,19.39
7.38,18.2
7.38,15.66
7.38,19.51
7.38,19.56
7.38,20.18
7.38,20.45
7.38,20.64
7.38,21.4
7.38,17.04
7.39,18.8
7.39,19.7
7.39,19.24
7.39,16.24
7.39,16.83
7.39,20.68
7.39,16.96
7.40,19.87
7.40,20.86
7.40,20.31
7.40,16.35
7.40,20.13
7.41,24.17
7.41,19.46
7.41,20.5
7.41,16.33
7.41,18.55
7.42,19.5
7.42,16.41
7.42,23.84
7.42,18.55
7.42,18.3
7.42,17.91
7.42,19.34
7.42,18.56
7.42,16.96
7.42,26.45
7.42,17.71
7.43,17.63
7.43,20.27
7.43,20.68
7.43,20.62
7.43,19.99
7.43,15.8
7.43,19.56
7.43,17.89
7.44,18.45
7.44,19.09
7.44,22.02
7.44,16.42
7.44,20.22
7.44,20.27
7.44,17.06
7.44,18.25
7.44,17.67
7.44,21.65
7.44,17.61
7.45,17.68
7.45,21.02
7.45,18.81
7.45,16.65
7.45,23.1
7.45,21.23
7.45,18.44
7.45,18.1
7.46,22.72
7.46,21.31
7.46,18.94
7.46,19.6
7.46,18.96
7.46,20.81
7.46,20.11
7.46,19.93
7.46,19.75
7.46,19.05
7.46,18.7
7.47,23.72
7.47,18.91
7.47,17.49
7.47,23.35
7.47,20.01
7.47,21.01
7.47,18.51
7.47,15.86
7.48,16.3
7.48,18.63
7.48,20.47
7.48,19.69
7.48,17.98
7.48,19.82
7.49,20.11
7.49,18.75
7.49,17.29
7.49,18.15
7.49,20.46
7.50,16.68
7.50,22.11
7.50,20.63
7.50,20.6
7.50,17.18
7.50,19.62
7.50,17.04
7.50,17.4
7.50,20.9
7.50,17.69
7.50,18.94
7.50,19.97
7.50,17.25
7.51,17.07
7.51,22.79
7.51,22.42
7.51,24.1
7.51,18.85
7.51,19.72
7.51,17.78
7.51,19.98
7.52,16.4
7.52,20.9
7.52,17.59
7.52,19.9
7.52,14.15
7.53,20.28
7.53,22.23
7.53,17.47
7.53,18.74
7.53,18.84
7.53,20.18
7.53,18.28
7.53,21.89
7.53,20.23
7.53,18.36
7.53,23.48
7.53,17.93
7.54,21.79
7.54,18.89
7.54,19.5
7.54,15.79
7.54,12.14
7.54,18.58
7.54,23.4
7.54,17.45
7.54,19.37
7.55,21.39
7.55,21.91
7.55,20.07
7.55,19.87
7.55,19.0
7.55,20.2
7.55,18.38
7.55,19.72
7.55,15.93
7.55,18.45
7.55,23.37
7.55,18.12
7.55,22.45
7.55,20.29
7.56,19.46
7.56,21.39
7.56,16.48
7.56,21.08
7.56,19.44
7.56,17.92
7.57,20.4
7.57,19.35
7.57,19.03
7.57,21.69
7.57,19.72
7.57,20.46
7.57,22.86
7.58,22.54
7.58,19.0
7.58,19.81
7.58,19.34
7.58,18.92
7.58,21.21
7.58,18.77
7.59,13.15
7.59,19.81
7.59,17.87
8.00,21.89
8.00,20.08
8.00,19.34
8.00,19.9
8.00,19.91
8.00,18.6
8.00,22.02
8.00,17.11
8.01,22.45
8.01,22.98
8.01,20.92
8.01,24.19
8.01,19.57
8.01,20.53
8.01,18.74
8.02,18.93
8.02,24.62
8.02,18.28
8.02,17.79
8.02,18.2
8.03,17.97
8.03,21.96
8.03,17.6
8.03,17.49
8.03,22.91
8.03,21.75
8.03,17.26
8.03,24.58
8.04,16.18
8.04,19.17
8.04,18.44
8.04,17.74
8.04,22.23
8.04,17.27
8.04,21.73
8.04,23.24
8.05,14.94
8.05,20.77
8.05,20.46
8.05,21.54
8.06,23.57
8.06,18.91
8.06,19.39
8.06,21.19
8.06,16.54
8.06,19.77
8.06,19.32
8.06,20.76
8.06,23.46
8.06,22.49
8.06,17.48
8.06,18.9
8.07,23.2
8.07,23.02
8.07,19.34
8.07,21.6
8.07,23.62
8.07,21.8
8.08,18.16
8.08,18.46
8.08,20.39
8.08,18.41
8.08,19.29
8.08,19.04
8.08,18.79
8.08,21.32
8.09,17.12
8.09,15.08
8.09,20.23
8.09,18.85
8.09,22.85
8.09,22.29
8.09,20.37
8.10,24.42
8.10,25.03
8.10,20.64
8.10,23.79
8.10,23.92
8.10,19.2
8.10,16.51
8.10,20.28
8.10,19.2
8.10,18.33
8.11,18.64
8.11,21.89
8.11,19.62
8.11,17.84
8.11,19.28
8.11,21.56
8.11,21.99
8.11,19.06
8.11,21.81
8.12,20.64
8.12,18.6
8.12,19.78
8.12,21.85
8.12,19.88
8.12,18.71
8.12,20.24
8.12,18.5
8.12,20.59
8.13,20.1
8.13,21.55
8.13,20.74
8.13,18.04
8.13,23.32
8.14,18.44
8.14,22.17
8.14,20.23
8.14,21.77
8.14,20.98
8.15,18.09
8.15,22.35
8.15,15.98
8.15,20.13
8.15,22.52
8.15,23.35
8.15,17.07
8.15,19.93
8.15,23.86
8.16,21.44
8.16,21.32
8.16,18.38
8.16,20.68
8.16,22.46
8.16,24.6
8.16,17.06
8.16,19.39
8.16,21.45
8.17,24.32
8.17,24.74
8.17,17.26
8.17,21.42
8.17,17.91
8.17,18.56
8.17,21.26
8.17,21.4
8.17,20.92
8.17,22.26
8.17,20.24
8.18,18.07
8.18,27.11
8.18,18.92
8.18,18.59
8.18,19.26
8.19,22.18
8.19,21.99
8.19,19.44
8.19,21.85
8.19,23.34
8.20,22.5
8.20,18.41
8.20,20.94
8.20,16.37
8.20,18.13
8.20,23.24
8.21,21.16
8.21,20.08
8.21,20.32
8.21,22.6
8.21,23.69
8.21,22.91
8.21,22.08
8.21,23.31
8.21,21.57
8.21,21.17
8.21,22.85
8.22,18.38
8.22,20.13
8.22,23.99
8.22,25.33
8.23,20.72
8.23,22.66
8.23,20.32
8.23,24.04
8.23,18.72
8.23,21.65
8.23,20.62
8.23,17.6
8.24,22.33
8.24,21.95
8.24,21.76
8.24,21.27
8.24,19.84
8.25,20.85
8.25,19.74
8.25,22.09
8.25,20.31
8.25,19.89
8.25,19.95
8.25,18.08
8.25,24.44
8.26,23.76
8.26,19.51
8.26,19.92
8.26,23.56
8.26,19.34
8.27,20.17
8.27,23.0
8.27,20.64
8.27,22.11
8.27,19.99
8.27,19.21
8.27,20.63
8.27,21.47
8.28,22.37
8.28,21.78
8.28,23.81
8.28,17.81
8.28,20.96
8.28,22.01
8.29,21.74
8.29,20.2
8.29,23.53
8.29,19.53
8.29,20.28
8.29,20.72
8.29,22.09
8.29,18.9
8.29,21.1
8.29,22.18
8.30,20.47
8.30,15.72
8.30,22.32
8.30,19.47
8.31,23.07
8.31,23.48
8.31,17.87
8.31,21.53
8.31,15.5
8.31,18.7
8.31,18.61
8.31,19.79
8.31,21.29
8.31,22.64
8.32,20.67
8.32,18.76
8.32,23.67
8.32,21.29
8.32,22.08
8.32,23.36
8.32,18.59
8.32,23.71
8.33,22.63
8.33,20.92
8.33,20.56
8.33,22.68
8.33,21.14
8.33,23.32
8.33,19.97
8.33,21.81
8.33,20.4
8.33,21.23
8.33,22.6
8.34,23.67
8.34,20.21
8.34,22.79
8.34,20.95
8.34,21.49
8.34,21.09
8.34,20.02
8.34,22.02
8.34,19.7
8.35,21.89
8.35,19.21
8.35,18.24
8.35,20.46
8.35,23.04
8.35,23.06
8.35,19.55
8.35,21.2
8.35,20.14
8.35,18.81
8.35,19.97
8.36,22.29
8.36,22.82
8.36,22.38
8.36,20.4
8.36,20.87
8.36,20.65
8.37,15.9
8.37,24.31
8.37,19.88
8.37,22.91
8.37,21.14
8.37,21.51
8.37,19.84
8.37,19.17
8.37,23.5
8.38,18.31
8.38,19.61
8.38,19.59
8.38,16.91
8.38,21.75
8.38,22.49
8.38,20.73
8.39,20.16
8.39,18.76
8.39,23.69
8.39,23.83
8.39,17.04
8.39,21.25
8.39,20.08
8.39,20.77
8.39,21.04
8.40,23.9
8.40,19.08
8.40,19.01
8.40,20.98
8.40,18.91
8.40,22.94
8.40,20.96
8.40,18.99
8.41,21.64
8.41,23.07
8.41,21.05
8.41,18.32
8.41,19.81
8.41,19.89
8.41,19.89
8.41,21.82
8.41,21.56
8.41,20.69
8.41,20.89
8.41,22.35
8.41,19.01
8.41,25.97
8.41,22.32
8.42,19.5
8.42,19.71
8.42,17.02
8.42,24.9
8.42,20.17
8.42,19.97
8.42,21.46
8.43,17.53
8.43,21.61
8.43,19.06
8.43,19.2
8.43,23.57
8.44,22.18
8.44,16.71
8.44,19.75
8.44,20.81
8.44,18.9
8.44,21.42
8.44,21.61
8.44,20.67
8.44,20.13
8.45,19.46
8.45,22.47
8.45,18.21
8.45,25.77
8.45,20.27
8.45,24.18
8.45,22.27
8.45,21.15
8.45,23.03
8.45,21.49
8.45,21.07
8.46,22.92
8.46,22.55
8.46,18.27
8.46,20.68
8.46,18.84
8.46,23.73
8.46,18.83
8.46,22.63
8.46,19.99
8.46,17.92
8.46,19.38
8.47,24.67
8.47,19.61
8.47,20.49
8.47,18.64
8.47,18.84
8.47,21.8
8.47,22.04
8.47,18.73
8.47,20.36
8.48,23.99
8.48,20.96
8.48,22.99
8.48,22.02
8.48,21.9
8.48,23.78
8.49,22.24
8.49,20.07
8.49,17.6
8.49,19.82
8.49,22.33
8.49,18.78
8.50,22.38
8.50,24.25
8.50,19.56
8.50,21.97
8.50,18.9
8.50,22.99
8.50,23.41
8.51,20.01
8.51,22.9
8.51,22.15
8.51,23.31
8.51,18.0
8.51,20.03
8.51,19.69
8.51,20.39
8.51,18.39
8.51,19.27
8.51,23.49
8.51,21.51
8.51,22.1
8.52,22.61
8.52,18.51
8.52,20.91
8.52,19.45
8.52,20.83
8.52,21.17
8.53,22.81
8.53,20.94
8.53,23.96
8.53,22.56
8.53,21.97
8.53,22.89
8.53,18.99
8.53,20.94
8.54,21.64
8.54,22.32
8.54,20.37
8.54,21.66
8.54,21.06
8.54,23.82
8.54,24.51
8.54,20.01
8.54,23.34
8.54,20.33
8.54,20.74
8.54,19.79
8.54,22.32
8.55,21.63
8.55,17.66
8.55,20.1
8.55,19.81
8.55,21.44
8.55,21.65
8.55,21.36
8.56,26.57
8.56,23.85
8.56,20.63
8.56,20.16
8.56,22.2
8.56,24.49
8.56,25.51
8.57,21.36
8.57,21.4
8.57,19.35
8.57,21.4
8.57,22.58
8.57,21.66
8.57,22.15
8.57,21.05
8.57,20.82
8.58,21.94
8.58,21.75
8.58,21.14
8.58,22.26
8.58,21.25
8.58,21.05
8.58,18.81
8.58,21.85
8.58,20.6
8.59,21.59
8.59,22.17
8.59,18.0
8.59,22.1
8.59,23.62
8.59,23.15
8.59,21.37
9.00,23.35
9.00,17.84
9.00,19.95
9.00,21.43
9.00,20.33
9.00,19.81
9.01,22.71
9.01,21.44
9.01,19.92
9.01,21.61
9.01,21.49
9.01,21.18
9.01,22.62
9.01,21.08
9.01,23.56
9.02,22.35
9.02,23.61
9.02,17.91
9.02,21.6
9.02,18.86
9.03,22.06
9.03,25.11
9.03,20.68
9.03,20.45
9.03,23.98
9.03,21.79
9.03,19.79
9.03,25.86
9.03,22.71
9.03,21.67
9.03,20.86
9.04,20.38
9.04,25.79
9.04,19.5
9.04,25.78
9.04,23.71
9.04,22.87
9.04,24.43
9.04,20.54
9.04,21.63
9.04,23.94
9.04,17.54
9.04,20.6
9.05,22.0
9.05,21.76
9.05,20.63
9.05,20.65
9.05,23.7
9.05,19.88
9.06,23.77
9.06,22.06
9.06,23.7
9.06,19.48
9.06,21.82
9.06,19.41
9.06,20.09
9.06,19.05
9.06,19.04
9.07,20.2
9.07,23.72
9.07,21.08
9.07,25.33
9.07,21.51
9.07,24.07
9.07,21.76
9.08,23.12
9.08,22.31
9.08,23.0
9.08,25.81
9.08,22.66
9.08,21.22
9.08,21.77
9.09,19.48
9.09,19.67
9.09,22.05
9.09,21.02
9.09,20.3
9.09,23.42
9.09,26.1
9.09,20.79
9.09,22.12
9.09,22.29
9.09,20.8
9.09,19.46
9.10,25.18
9.10,22.96
9.10,23.09
9.10,24.21
9.10,22.0
9.10,20.13
9.10,24.32
9.10,19.36
9.11,27.15
9.11,20.21
9.11,21.89
9.11,20.13
9.11,25.93
9.11,24.01
9.11,21.73
9.11,23.21
9.11,24.75
9.11,21.83
9.11,21.76
9.12,19.1
9.12,21.4
9.12,22.27
9.12,23.13
9.12,21.21
9.12,23.21
9.12,25.83
9.12,24.11
9.12,20.83
9.13,22.27
9.13,22.0
9.13,23.73
9.13,20.53
9.13,19.05
9.13,23.85
9.13,22.38
9.13,23.82
9.14,21.19
9.14,21.38
9.14,22.08
9.14,19.45
9.14,18.19
9.14,23.34
9.15,23.38
9.15,22.62
9.15,21.13
9.15,22.81
9.15,24.55
9.15,20.12
9.15,24.41
9.15,18.35
9.15,21.98
9.15,25.47
9.15,23.94
9.16,23.04
9.16,24.14
9.16,23.25
9.16,22.08
9.16,22.88
9.16,26.05
9.16,23.67
9.16,22.83
9.16,22.84
9.16,17.19
9.16,23.23
9.16,20.85
9.16,20.51
9.17,25.09
9.18,25.66
9.18,24.99
9.18,21.54
9.18,21.25
9.19,24.75
9.19,25.41
9.19,24.16
9.19,21.6
9.19,22.22
9.19,16.99
9.19,19.04
9.19,21.9
9.19,24.62
9.19,21.6
9.20,19.59
9.20,22.04
9.20,19.74
9.20,23.39
9.20,23.64
9.20,20.88
9.21,25.08
9.21,25.09
9.21,24.63
9.21,21.31
9.21,22.39
9.21,20.74
9.22,18.68
9.22,21.95
9.22,22.77
9.22,23.1
9.22,18.22
9.22,23.99
9.22,19.47
9.22,23.29
9.23,16.41
9.23,19.78
9.23,21.62
9.23,20.28
9.23,24.53
9.23,23.91
9.23,21.64
9.23,24.89
9.23,20.07
9.23,24.5
9.24,23.81
9.24,21.47
9.24,21.27
9.24,21.32
9.24,19.35
9.24,26.12
9.24,24.7
9.24,23.06
9.25,20.64
9.25,19.63
9.25,22.5
9.25,23.18
9.25,20.66
9.25,21.1
9.25,21.29
9.25,23.57
9.25,21.84
9.25,18.82
9.25,24.29
9.25,21.49
9.25,23.77
9.26,23.61
9.26,22.27
9.26,24.64
9.26,24.8
9.26,19.86
9.26,24.42
9.26,21.1
9.26,22.03
9.26,19.65
9.26,22.32
9.26,20.56
9.26,24.71
9.27,23.4
9.27,19.74
9.27,25.83
9.27,22.7
9.27,23.83
9.27,21.65
9.27,25.87
9.27,23.5
9.27,18.74
9.28,23.7
9.28,21.57
9.28,22.31
9.28,21.65
9.28,19.02
9.28,26.17
9.28,21.92
9.28,21.03
9.28,19.62
9.28,25.42
9.28,21.29
9.28,22.85
9.29,21.35
9.29,21.46
9.29,22.19
9.29,21.21
9.29,20.02
9.29,22.16
9.29,25.55
9.30,25.63
9.30,21.07
9.30,24.72
9.30,22.42
9.30,20.75
9.30,21.48
9.31,20.72
9.31,23.66
9.31,22.73
9.31,25.82
9.31,24.09
9.31,24.36
9.31,22.53
9.31,22.27
9.31,22.76
9.32,27.09
9.32,21.27
9.32,22.82
9.32,20.93
9.32,24.04
9.32,20.25
9.33,22.41
9.33,17.07
9.33,20.25
9.33,19.66
9.33,22.18
9.33,22.46
9.33,25.04
9.34,20.14
9.34,18.97
9.34,20.5
9.34,22.57
9.34,20.43
9.34,18.56
9.34,22.89
9.34,18.78
9.35,25.11
9.35,22.58
9.35,25.34
9.35,21.86
9.35,23.25
9.35,24.26
9.35,22.44
9.35,22.29
9.35,22.64
9.35,20.84
9.36,23.58
9.36,21.87
9.36,23.91
9.36,20.47
9.36,21.19
9.36,26.68
9.36,22.49
9.36,22.87
9.36,20.94
9.37,24.61
9.37,20.25
9.37,24.98
9.38,22.38
9.38,22.47
9.38,20.38
9.38,21.43
9.39,23.38
9.39,24.34
9.39,26.3
9.39,23.69
9.39,21.53
9.39,23.55
9.39,19.56
9.39,21.26
9.40,20.16
9.40,19.7
9.40,24.27
9.40,22.15
9.40,19.73
9.40,21.95
9.40,20.23
9.41,20.1
9.41,22.23
9.41,23.67
9.41,23.28
9.41,23.34
9.41,18.54
9.42,22.55
9.42,22.33
9.42,22.09
9.42,25.27
9.42,25.17
9.42,25.1
9.43,23.17
9.43,24.17
9.43,24.14
9.43,21.9
9.43,22.34
9.44,21.34
9.44,25.76
9.44,23.22
9.44,24.0
9.44,21.89
9.44,23.46
9.44,19.98
9.44,22.05
9.44,23.33
9.44,23.74
9.45,24.74
9.45,24.05
9.45,20.92
9.45,20.78
9.45,24.36
9.45,20.81
9.46,22.63
9.46,20.47
9.46,22.83
9.46,22.79
9.46,21.06
9.46,22.55
9.46,22.74
9.46,24.28
9.47,19.53
9.47,25.38
9.47,19.92
9.47,21.95
9.47,22.43
9.47,22.8
9.48,19.92
9.48,21.73
9.48,21.23
9.48,24.43
9.48,21.34
9.48,27.62
9.48,22.8
9.48,25.17
9.48,24.37
9.48,27.46
9.48,21.24
9.48,25.76
9.48,27.81
9.48,19.01
9.48,19.51
9.48,24.19
9.48,23.8
9.48,24.83
9.48,26.22
9.49,22.46
9.49,22.77
9.49,21.4
9.49,20.68
9.49,25.47
9.49,23.42
9.49,20.17
9.49,23.24
9.49,24.61
9.50,23.15
9.50,24.56
9.50,25.28
9.50,26.28
9.50,22.16
9.50,24.47
9.50,22.57
9.50,22.19
9.51,27.04
9.51,24.69
9.51,25.59
9.51,23.05
9.51,26.13
9.51,22.45
9.51,23.69
9.52,21.82
9.52,24.2
9.52,23.3
9.52,26.61
9.52,25.0
9.52,21.45
9.52,24.87
9.52,23.61
9.52,25.68
9.52,24.35
9.52,22.76
9.52,23.92
9.53,20.81
9.53,24.25
9.53,22.48
9.53,22.11
9.53,21.58
9.53,26.31
9.53,19.98
9.53,25.61
9.53,22.57
9.53,27.43
9.53,21.92
9.53,20.61
9.53,23.08
9.54,26.63
9.54,25.23
9.54,22.21
9.54,24.31
9.54,23.08
9.54,21.35
9.55,23.96
9.55,21.27
9.55,24.72
9.55,22.15
9.55,25.5
9.55,25.21
9.55,21.7
9.55,23.85
9.55,25.81
9.56,23.64
9.56,21.18
9.56,24.75
9.56,20.46
9.56,21.24
9.56,23.41
9.56,24.86
9.56,26.16
9.56,21.23
9.56,21.37
9.57,22.5
9.57,22.81
9.57,26.66
9.57,25.53
9.57,23.01
9.57,22.22
9.57,19.24
9.57,22.38
9.57,23.85
9.57,22.47
9.57,23.63
9.57,23.52
9.57,21.69
9.57,24.96
9.57,23.23
9.57,24.11
9.58,21.18
9.58,24.56
9.58,27.36
9.58,22.59
9.58,20.19
9.59,23.81
9.59,26.61
9.59,25.23
9.59,23.45
9.59,23.17
9.59,21.91
9.59,24.58
10.00,23.4
10.00,20.69
10.00,24.05
10.00,22.41
10.00,22.91
10.00,20.02
10.00,24.08
10.00,23.74
10.00,23.59
10.00,21.03
10.00,24.79
10.00,27.02
10.01,21.02
10.01,22.97
10.01,20.45
10.01,23.53
10.01,21.86
10.01,22.17
10.01,22.34
10.01,24.83
10.02,24.94
10.02,22.01
10.02,24.89
10.02,23.81
10.02,24.39
10.03,25.62
10.03,23.64
10.03,27.22
10.03,22.52
10.04,21.06
10.04,25.62
10.04,22.85
10.04,27.02
10.04,22.13
10.04,20.37
10.04,20.26
10.04,26.09
10.04,20.88
10.05,21.61
10.05,24.51
10.05,23.89
10.06,23.33
10.06,25.31
10.06,25.18
10.06,23.82
10.06,23.77
10.06,21.22
10.07,26.75
10.07,23.72
10.07,24.45
10.07,22.52
10.07,22.65
10.07,23.0
10.07,27.19
10.07,26.88
10.07,24.71
10.07,21.81
10.08,23.56
10.08,26.91
10.08,23.1
10.08,25.2
10.08,20.09
10.08,26.4
10.08,24.02
10.08,23.17
10.08,22.82
10.08,28.41
10.08,22.77
10.08,22.68
10.09,22.11
10.09,22.84
10.09,23.99
10.09,23.6
10.09,21.81
10.09,23.57
10.10,25.31
10.10,23.39
10.10,25.8
10.10,25.24
10.10,21.01
10.10,24.07
10.10,24.18
10.10,24.64
10.10,22.07
10.10,25.59
10.10,21.25
10.11,23.91
10.11,24.57
10.11,26.02
10.11,21.4
10.11,23.9
10.12,23.06
10.12,23.17
10.12,23.24
10.12,22.32
10.12,22.85
10.12,22.2
10.12,26.16
10.12,26.13
10.13,20.52
10.13,21.54
10.13,25.43
10.13,24.19
10.13,25.6
10.13,22.57
10.13,21.02
10.13,24.26
10.13,27.07
10.14,24.9
10.14,22.0
10.14,23.72
10.14,23.7
10.14,24.26
10.14,23.02
10.14,25.44
10.14,24.24
10.14,22.61
10.14,24.83
10.14,19.94
10.14,23.54
10.14,24.43
10.14,25.37
10.15,21.73
10.15,22.24
10.15,21.45
10.15,24.58
10.15,22.07
10.16,22.93
10.16,25.09
10.16,24.75
10.16,24.95
10.16,23.12
10.16,24.66
10.16,22.99
10.16,26.71
10.16,22.55
10.16,22.83
10.16,22.91
10.16,20.66
10.17,21.5
10.17,26.25
10.17,25.09
10.17,22.63
10.17,24.96
10.17,21.73
10.17,23.98
10.17,26.74
10.17,23.9
10.18,22.91
10.18,23.9
10.18,25.62
10.18,21.55
10.18,23.0
10.18,21.9
10.18,24.59
10.18,23.28
10.18,23.14
10.18,24.63
10.18,22.91
10.19,27.48
10.19,23.31
10.19,23.81
10.19,21.89
10.19,23.66
10.19,26.34
10.19,21.78
10.19,25.26
10.19,23.97
10.19,22.68
10.19,23.43
10.20,24.24
10.20,23.72
10.20,25.33
10.20,23.22
10.20,28.63
10.20,24.94
10.20,26.0
10.20,25.07
10.20,24.01
10.20,25.08
10.21,22.39
10.21,24.5
10.21,26.64
10.21,25.93
10.21,24.21
10.21,24.96
10.21,23.46
10.21,23.56
10.21,24.33
10.21,27.02
10.21,23.35
10.21,26.93
10.21,24.55
10.22,25.39
10.22,23.36
10.22,28.1
10.22,25.83
10.22,26.94
10.22,23.64
10.23,20.36
10.23,22.1
10.23,24.78
10.23,20.06
10.23,25.14
10.23,24.64
10.23,21.55
10.23,25.29
10.23,24.32
10.23,21.73
10.23,26.54
10.24,24.61
10.24,25.96
10.25,27.42
10.25,23.49
10.25,26.01
10.25,24.89
10.25,27.57
10.25,22.43
10.26,25.66
10.26,24.98
10.26,23.31
10.26,24.49
10.26,23.19
10.26,22.98
10.27,27.52
10.27,19.7
10.27,25.56
10.27,23.44
10.27,25.03
10.27,26.89
10.27,23.6
10.27,23.26
10.27,27.18
10.27,27.77
10.27,25.52
10.28,24.4
10.28,25.99
10.28,27.09
10.28,22.96
10.28,22.34
10.28,23.54
10.28,24.7
10.28,25.65
10.28,25.47
10.29,20.51
10.29,24.59
10.29,28.43
10.30,30.26
10.30,24.48
10.30,21.86
10.30,25.17
10.30,23.27
10.30,25.46
10.31,26.11
10.31,23.96
10.31,22.65
10.31,23.32
10.31,25.2
10.31,21.73
10.32,19.75
10.32,25.53
10.32,25.62
10.32,21.29
10.32,24.72
10.33,27.99
10.33,24.81
10.33,25.91
10.33,28.64
10.33,24.72
10.33,23.31
10.34,23.78
10.34,28.03
10.34,21.4
10.34,24.06
10.34,23.21
10.35,21.64
10.35,22.89
10.35,26.0
10.35,24.64
10.35,24.14
10.35,27.96
10.35,25.32
10.35,24.64
10.35,21.8
10.36,26.12
10.36,23.97
10.36,27.85
10.36,24.31
10.36,25.79
10.36,27.06
10.37,25.19
10.37,18.93
10.37,24.44
10.37,23.01
10.37,23.08
10.37,21.59
10.37,22.74
10.38,24.98
10.38,25.6
10.38,23.71
10.38,25.83
10.38,27.19
10.38,23.7
10.39,25.68
10.39,22.06
10.39,21.44
10.39,21.47
10.39,23.56
10.39,21.69
10.39,27.27
10.40,22.33
10.40,23.71
10.40,23.68
10.40,26.39
10.40,25.53
10.40,26.19
10.40,25.19
10.40,24.42
10.40,27.1
10.40,26.97
10.41,24.58
10.41,24.32
10.41,23.08
10.41,25.91
10.41,24.82
10.41,27.15
10.42,23.46
10.42,25.48
10.42,23.29
10.42,23.33
10.42,25.27
10.42,24.01
10.42,24.91
10.42,25.48
10.42,28.15
10.42,21.46
10.42,23.64
10.42,22.7
10.43,23.7
10.43,25.29
10.43,25.58
10.43,25.36
10.43,22.8
10.43,23.58
10.43,22.64
10.43,26.49
10.44,24.71
10.44,24.67
10.44,28.61
10.44,23.16
10.45,20.54
10.45,22.87
10.45,26.97
10.45,26.92
10.46,26.66
10.46,27.05
10.46,26.76
10.46,27.78
10.46,22.4
10.46,27.47
10.47,24.29
10.47,23.6
10.47,24.92
10.47,22.72
10.47,20.79
10.47,20.52
10.47,23.86
10.47,24.03
10.48,23.84
10.48,26.01
10.48,23.17
10.48,25.0
10.48,27.79
10.48,22.93
10.48,27.18
10.48,24.5
10.48,28.12
10.48,26.08
10.48,22.76
10.49,28.07
10.49,23.6
10.49,25.23
10.49,24.23
10.49,26.22
10.49,23.73
10.49,24.85
10.50,28.36
10.50,26.39
10.50,24.55
10.50,23.88
10.50,24.92
10.50,23.52
10.50,24.38
10.50,24.17
10.50,27.09
10.50,26.8
10.50,25.08
10.50,21.65
10.50,24.5
10.51,25.19
10.51,25.96
10.51,26.05
10.51,23.84
10.51,26.43
10.51,26.39
10.51,23.59
10.51,26.73
10.51,27.11
10.51,22.24
10.52,27.93
10.52,23.34
10.52,26.61
10.52,20.33
10.52,25.6
10.52,25.37
10.52,25.73
10.52,22.36
10.52,24.64
10.52,25.75
10.52,25.0
10.52,24.79
10.52,28.2
10.52,24.42
10.53,24.75
10.53,25.37
10.53,25.27
10.53,24.56
10.53,27.01
10.53,24.08
10.53,25.88
10.53,23.7
10.53,26.41
10.53,25.38
10.53,26.27
10.53,25.35
10.53,23.28
10.53,26.3
10.54,25.18
10.54,26.39
10.54,21.49
10.54,22.9
10.54,27.26
10.54,26.32
10.55,26.17
10.55,25.66
10.55,30.74
10.55,21.51
10.55,23.16
10.55,26.2
10.55,21.83
10.55,22.37
10.55,24.24
10.55,28.22
10.56,26.09
10.56,27.03
10.56,22.64
10.56,27.91
10.56,27.57
10.56,29.72
10.56,25.74
10.57,25.65
10.57,23.62
10.57,23.99
10.57,27.19
10.57,26.86
10.57,26.43
10.58,25.46
10.58,25.07
10.58,26.84
10.58,27.87
10.58,24.69
10.58,25.07
10.58,24.5
10.58,25.37
10.59,24.21
10.59,27.05
10.59,24.46
10.59,24.3
10.59,24.23
10.59,24.75
10.59,28.74
10.59,25.25
10.59,25.97
10.59,25.06
11.00,24.75
11.00,27.42
11.00,26.03
11.00,22.6
11.00,30.69
11.00,26.73
11.00,23.79
11.00,25.82
11.00,25.42
11.00,26.09
11.01,25.13
11.01,27.21
11.01,25.02
11.01,25.28
11.01,24.42
11.01,25.5
11.01,24.59
11.01,25.19
11.01,24.42
11.02,25.52
11.02,25.26
11.02,24.16
11.02,27.49
11.02,23.21
11.03,23.62
11.03,25.91
11.03,21.95
11.03,27.72
11.03,27.17
11.04,24.34
11.04,21.95
11.04,25.79
11.04,22.69
11.04,23.47
11.04,24.73
11.04,25.79
11.04,25.91
11.05,22.94
11.05,25.97
11.05,23.38
11.05,27.74
11.05,26.92
11.05,25.54
11.05,25.65
11.05,23.42
11.05,26.86
11.05,21.8
11.06,25.01
11.06,24.98
11.06,25.91
11.06,26.39
11.06,22.01
11.06,26.8
11.06,30.14
11.06,28.28
11.06,25.52
11.06,28.07
11.06,23.91
11.06,26.04
11.07,27.95
11.07,26.07
11.07,24.45
11.07,29.08
11.07,26.72
11.07,26.61
11.08,28.47
11.08,25.56
11.08,26.29
11.08,26.03
11.08,26.65
11.08,28.04
11.08,27.94
11.08,23.39
11.08,28.86
11.08,29.46
11.09,25.46
11.09,23.57
11.09,24.45
11.09,27.16
11.09,24.81
11.09,23.54
11.09,28.24
11.09,23.7
11.09,27.19
11.09,26.09
11.09,22.26
11.10,23.62
11.10,20.86
11.10,23.36
11.10,26.22
11.10,26.64
11.10,26.58
11.11,25.97
11.11,27.52
11.11,25.51
11.11,21.86
11.11,28.55
11.11,22.05
11.11,26.02
11.11,25.44
11.11,25.11
11.11,26.34
11.11,26.63
11.11,31.36
11.11,27.07
11.12,26.66
11.12,27.09
11.12,25.53
11.12,24.77
11.12,27.45
11.12,24.75
11.12,25.97
11.12,26.79
11.12,23.14
11.12,29.66
11.13,27.34
11.13,25.79
11.13,25.43
11.13,23.9
11.13,24.99
11.13,24.94
11.14,28.24
11.14,27.97
11.14,26.63
11.14,29.96
11.14,29.4
11.14,29.87
11.14,25.46
11.14,23.62
11.14,26.35
11.14,20.52
11.15,23.91
11.15,28.9
11.15,25.81
11.15,25.36
11.15,23.43
11.15,23.11
11.15,24.85
11.15,23.41
11.16,23.41
11.16,28.33
11.16,26.23
11.16,23.73
11.16,26.75
11.16,27.23
11.16,20.85
11.16,26.83
11.16,27.22
11.16,24.65
11.16,26.65
11.16,30.44
11.16,24.17
11.17,27.6
11.17,27.87
11.17,25.82
11.17,26.87
11.17,26.12
11.17,23.96
11.17,27.0
11.17,24.15
11.17,28.91
11.17,26.57
11.17,23.51
11.17,28.06
11.17,26.72
11.18,24.06
11.18,27.29
11.18,22.61
11.18,24.41
11.18,28.06
11.19,24.57
11.19,22.93
11.19,26.3
11.19,21.24
11.19,23.99
11.19,26.88
11.19,24.66
11.19,27.75
11.19,24.17
11.19,24.22
11.19,31.97
11.19,23.39
11.19,27.92
11.19,24.33
11.19,26.75
11.19,24.99
11.20,29.33
11.20,25.84
11.20,23.15
11.20,23.1
11.20,28.1
11.20,26.14
11.20,28.01
11.20,26.61
11.20,30.37
11.20,27.06
11.21,25.14
11.21,25.77
11.21,23.08
11.21,25.0
11.21,22.51
11.21,26.65
11.22,28.07
11.22,25.6
11.22,25.53
11.22,26.15
11.23,28.03
11.23,24.09
11.23,26.93
11.23,28.78
11.23,29.39
11.23,26.19
11.23,26.3
11.23,26.98
11.23,27.31
11.24,26.13
11.24,24.75
11.24,26.69
11.24,26.72
11.24,29.63
11.24,26.3
11.24,25.42
11.24,26.12
11.24,27.55
11.25,24.71
11.25,24.22
11.25,25.75
11.25,26.18
11.25,27.99
11.25,23.27
11.25,24.34
11.25,30.33
11.25,27.71
11.25,25.94
11.25,26.76
11.25,25.98
11.25,27.59
11.25,20.39
11.26,27.52
11.26,29.46
11.26,27.84
11.26,25.49
11.26,25.72
11.26,25.61
11.26,25.8
11.26,24.16
11.27,25.46
11.27,26.51
11.27,24.3
11.27,26.81
11.28,27.7
11.28,27.46
11.28,30.77
11.28,24.8
11.28,26.67
11.28,21.43
11.29,27.25
11.29,25.02
11.29,26.25
11.29,25.14
11.29,25.59
11.29,29.13
11.29,26.95
11.29,30.67
11.29,31.18
11.29,29.73
11.29,27.39
11.29,25.15
11.29,25.41
11.30,23.79
11.30,27.52
11.30,27.5
11.30,26.71
11.30,27.3
11.30,31.03
11.31,29.65
11.31,25.8
11.31,28.02
11.31,26.76
11.31,24.59
11.31,26.68
11.31,26.88
11.31,27.5
11.31,25.39
11.32,28.92
11.32,29.1
11.32,23.65
11.32,27.94
11.32,26.66
11.32,27.71
11.32,26.73
11.32,27.51
11.32,27.41
11.32,25.87
11.32,24.05
11.32,24.58
11.32,24.91
11.32,26.79
11.32,24.93
11.33,31.4
11.33,26.42
11.33,28.37
11.33,24.87
11.33,25.55
11.33,25.89
11.34,27.27
11.34,32.76
11.34,27.72
11.34,23.29
11.34,24.83
11.34,27.86
11.34,25.83
11.34,27.96
11.34,22.7
11.35,25.74
11.35,25.32
11.35,28.12
11.35,26.14
11.35,26.84
11.35,30.18
11.35,27.83
11.35,24.65
11.35,24.06
11.36,25.98
11.36,27.06
11.36,25.67
11.36,26.21
11.36,25.58
11.36,27.7
11.37,23.12
11.37,22.76
11.37,24.35
11.37,27.9
11.37,27.41
11.37,25.38
11.37,26.99
11.37,28.26
11.37,25.98
11.37,23.0
11.37,28.75
11.38,27.98
11.38,31.09
11.38,29.1
11.38,24.79
11.38,24.58
11.38,27.34
11.38,25.57
11.39,28.42
11.39,23.62
11.39,27.52
11.39,28.48
11.39,27.74
11.39,27.21
11.39,24.9
11.39,24.87
11.40,27.74
11.40,26.59
11.40,23.33
11.40,24.87
11.40,27.66
11.40,27.14
11.40,29.52
11.40,29.12
11.40,26.53
11.40,26.11
11.40,24.83
11.41,28.11
11.41,23.62
11.41,29.16
11.41,25.08
11.41,27.58
11.41,27.7
11.41,27.22
11.42,23.53
11.42,25.69
11.42,28.5
11.42,25.92
11.42,27.59
11.42,27.46
11.42,26.34
11.42,27.65
11.42,30.45
11.42,28.23
11.42,26.86
11.42,29.29
11.43,29.42
11.43,25.12
11.43,23.13
11.43,28.93
11.43,27.32
11.43,24.14
11.43,27.77
11.44,26.62
11.44,27.71
11.44,28.52
11.44,27.85
11.44,25.94
11.44,27.16
11.45,27.77
11.45,27.57
11.45,25.26
11.45,26.49
11.45,28.33
11.45,27.24
11.45,26.43
11.45,27.41
11.45,26.38
11.45,23.15
11.46,29.03
11.46,26.24
11.46,28.12
11.46,26.03
11.46,23.63
11.46,27.45
11.46,28.06
11.46,22.11
11.46,28.07
11.46,24.9
11.47,24.64
11.47,26.81
11.47,27.83
11.47,29.07
11.47,29.06
11.47,27.43
11.47,26.22
11.47,27.04
11.47,28.52
11.47,25.87
11.47,27.43
11.48,27.47
11.48,24.82
11.48,26.18
11.48,27.66
11.48,24.19
11.48,24.78
11.48,30.78
11.49,24.98
11.49,27.06
11.49,28.69
11.49,26.69
11.49,27.12
11.49,25.75
11.49,23.02
11.49,25.25
11.49,27.92
11.49,25.56
11.49,25.54
11.50,25.65
11.50,25.61
11.50,25.58
11.50,28.67
11.50,27.94
11.50,25.3
11.50,28.43
11.50,25.77
11.51,24.02
11.51,25.92
11.51,26.0
11.51,27.17
11.51,29.34
11.51,26.85
11.51,28.88
11.51,26.23
11.51,28.85
11.51,27.46
11.52,28.19
11.52,24.49
11.52,28.33
11.52,23.38
11.52,24.86
11.52,26.66
11.52,24.5
11.52,26.67
11.52,29.31
11.52,27.63
11.52,26.06
11.52,26.65
11.52,27.17
11.52,26.7
11.53,26.06
11.53,29.23
11.53,29.46
11.53,27.29
11.53,25.53
11.54,23.16
11.54,25.04
11.54,26.98
11.54,29.02
11.54,24.7
11.54,28.43
11.55,30.25
11.55,30.62
11.55,23.6
11.55,27.72
11.55,25.8
11.55,25.48
11.55,29.44
11.55,24.14
11.55,26.39
11.55,25.92
11.55,26.8
11.56,24.1
11.56,29.03
11.56,29.59
11.56,26.62
11.56,25.08
11.56,23.74
11.56,30.36
11.56,29.66
11.57,25.4
11.57,25.71
11.57,29.08
11.57,25.37
11.57,26.61
11.58,24.13
11.58,24.2
11.58,28.35
11.58,28.27
11.58,27.79
11.58,26.97
11.58,29.72
11.58,25.57
11.58,25.14
11.58,28.33
11.58,26.06
11.58,24.7
11.58,26.51
11.58,27.89
11.59,27.35
11.59,23.62
11.59,27.84
11.59,25.84
11.59,26.98
11.59,31.38
11.59,26.25
12.00,25.74
12.00,26.46
12.00,30.5
12.00,29.85
12.00,29.08
12.00,26.67
12.00,25.22
12.00,30.87
12.00,25.85
12.01,27.95
12.01,26.98
12.01,26.64
12.01,26.03
12.01,29.64
12.01,26.51
12.02,30.75
12.02,23.02
12.02,27.28
12.02,29.08
12.02,26.18
12.02,25.74
12.02,27.31
12.03,28.74
12.03,28.94
12.03,28.13
12.03,27.51
12.03,25.5
12.03,29.83
12.03,27.29
12.04,28.07
12.04,30.78
12.04,29.97
12.04,24.97
12.04,27.12
12.04,29.36
12.04,25.16
12.04,29.61
12.05,27.67
12.05,25.12
12.05,26.76
12.05,24.67
12.05,27.29
12.05,28.97
12.05,27.53
12.05,29.29
12.05,30.53
12.05,25.08
12.05,25.52
12.06,26.51
12.06,27.42
12.06,29.84
12.06,29.57
12.06,26.42
12.06,28.21
12.06,28.43
12.06,28.83
12.06,28.92
12.06,25.44
12.06,28.02
12.06,26.26
12.07,28.99
12.07,26.39
12.07,28.04
12.07,29.0
12.07,26.89
12.07,24.71
12.08,26.34
12.08,23.63
12.08,26.43
12.08,24.82
12.08,27.48
12.08,29.28
12.08,26.6
12.08,26.6
12.08,32.32
12.09,27.36
12.09,30.23
12.09,27.69
12.09,27.61
12.09,28.38
12.09,27.47
12.09,26.87
12.09,26.34
12.10,26.7
12.10,30.02
12.10,28.92
12.10,26.34
12.10,29.01
12.10,31.13
12.10,30.04
12.10,28.41
12.10,25.12
12.10,30.58
12.11,29.84
12.11,22.31
12.11,28.94
12.11,25.52
12.11,27.44
12.11,27.99
12.12,28.16
12.12,30.54
12.12,27.65
12.12,26.73
12.12,26.13
12.12,28.3
12.12,25.41
12.12,26.93
12.12,26.54
12.12,26.68
12.13,24.27
12.13,26.48
12.13,26.56
12.13,25.27
12.13,30.64
12.13,30.95
12.13,32.15
12.13,24.34
12.13,27.29
12.14,26.54
12.14,30.69
12.14,29.82
12.14,31.18
12.14,27.15
12.14,28.65
12.14,28.58
12.14,27.64
12.14,22.87
12.14,27.07
12.14,22.97
12.14,26.29
12.14,27.3
12.14,27.77
12.14,24.39
12.14,29.57
12.15,28.88
12.15,29.97
12.15,30.72
12.15,29.72
12.15,28.82
12.15,24.01
12.15,27.75
12.15,28.11
12.16,28.17
12.16,24.69
12.16,26.74
12.16,31.12
12.16,28.19
12.16,29.88
12.16,25.65
12.16,28.09
12.17,27.47
12.17,28.99
12.17,28.95
12.17,27.51
12.17,21.69
12.17,30.4
12.17,28.5
12.17,27.56
12.17,30.27
12.18,26.63
12.18,27.09
12.18,30.72
12.18,29.17
12.18,30.67
12.19,29.28
12.19,26.14
12.19,30.7
12.19,29.52
12.19,24.65
12.19,29.91
12.19,27.83
12.19,28.3
12.20,26.2
12.20,25.51
12.20,25.46
12.20,27.88
12.20,32.42
12.20,30.27
12.20,26.89
12.20,27.1
12.21,27.57
12.21,27.2
12.21,27.88
12.21,26.47
12.21,29.68
12.21,28.81
12.21,29.45
12.21,25.96
12.21,26.09
12.22,27.29
12.22,30.9
12.22,27.25
12.22,28.55
12.22,30.88
12.22,28.88
12.22,25.2
12.22,27.98
12.22,26.6
12.23,25.27
12.23,26.24
12.23,26.31
12.23,26.51
12.23,30.8
12.23,27.45
12.23,26.41
12.24,23.75
12.24,27.39
12.24,30.19
12.24,28.15
12.24,28.25
12.24,29.4
12.24,27.66
12.24,25.87
12.24,31.87
12.24,29.88
12.24,27.96
12.25,28.18
12.25,26.47
12.25,27.35
12.25,24.99
12.25,26.07
12.25,26.51
12.25,30.51
12.26,27.46
12.26,29.85
12.26,29.4
12.26,30.59
12.26,28.92
12.26,27.26
12.27,27.52
12.27,30.87
12.27,24.29
12.27,32.33
12.27,30.28
12.27,28.5
12.28,27.48
12.28,29.41
12.28,27.23
12.28,28.79
12.28,25.41
12.28,29.43
12.28,27.59
12.28,30.28
12.28,26.93
12.28,28.21
12.29,29.94
12.29,26.01
12.29,30.39
12.29,29.32
12.29,27.06
12.29,28.75
12.29,28.71
12.29,27.51
12.29,28.93
12.29,27.25
12.29,26.65
12.30,28.16
12.30,28.62
12.30,28.55
12.30,27.57
12.30,24.92
12.30,27.68
12.30,28.18
12.30,31.66
12.31,27.05
12.31,29.07
12.31,31.03
12.31,27.99
12.31,28.83
12.31,28.44
12.31,27.75
12.31,29.92
12.31,30.58
12.32,29.93
12.32,26.81
12.32,27.33
12.32,27.13
12.32,30.71
12.32,31.43
12.32,27.62
12.32,27.62
12.32,27.08
12.32,25.56
12.33,25.68
12.33,25.74
12.33,27.86
12.33,29.63
12.33,29.01
12.33,28.9
12.33,27.34
12.33,28.42
12.33,30.82
12.33,30.55
12.34,30.24
12.34,26.41
12.34,29.21
12.34,29.19
12.34,25.26
12.34,31.12
12.34,31.32
12.34,25.93
12.34,26.5
12.34,28.68
12.34,26.39
12.35,29.65
12.35,25.61
12.35,31.16
12.35,24.72
12.35,26.56
12.35,28.48
12.35,29.24
12.36,31.16
12.36,27.22
12.36,27.82
12.36,25.67
12.36,28.13
12.36,30.6
12.36,28.79
12.36,29.67
12.36,27.1
12.36,28.38
12.36,29.04
12.37,27.74
12.37,29.65
12.37,26.76
12.37,28.58
12.37,29.82
12.37,32.86
12.37,27.84
12.38,29.54
12.38,31.18
12.38,29.89
12.38,29.43
12.38,25.61
12.38,30.47
12.38,28.62
12.38,29.44
12.38,32.28
12.39,26.29
12.39,29.39
12.39,28.6
12.39,27.97
12.39,27.67
12.39,26.42
12.39,28.06
12.39,25.71
12.39,27.17
12.39,28.38
12.39,26.93
12.39,30.81
12.39,31.1
12.39,30.75
12.39,32.08
12.39,29.7
12.39,28.96
12.39,29.67
12.39,27.14
12.39,28.66
12.39,26.36
12.40,27.43
12.40,26.03
12.40,26.14
12.40,29.87
12.40,30.65
12.40,24.94
12.40,28.57
12.40,27.43
12.40,29.93
12.40,29.05
12.40,31.22
12.41,30.3
12.41,27.26
12.41,28.11
12.41,26.05
12.42,31.77
12.42,25.72
12.42,29.35
12.42,29.05
12.42,29.96
12.42,30.71
12.42,27.17
12.42,27.07
12.42,28.02
12.43,27.51
12.43,27.52
12.43,29.99
12.43,26.99
12.43,30.12
12.43,26.16
12.43,26.7
12.43,24.04
12.43,29.38
12.43,27.78
12.43,29.71
12.43,28.06
12.43,26.86
12.43,26.23
12.43,28.4
12.43,30.23
12.43,24.2
12.43,27.81
12.44,26.14
12.44,27.84
12.44,27.51
12.44,27.96
12.44,27.02
12.44,28.43
12.44,27.19
12.44,30.65
12.44,27.49
12.45,31.58
12.45,30.05
12.45,22.44
12.45,27.99
12.45,24.82
12.45,24.65
12.46,29.63
12.46,28.36
12.46,27.73
12.46,25.9
12.47,32.08
12.47,29.18
12.47,30.96
12.47,27.54
12.47,27.31
12.47,28.31
12.47,26.88
12.47,28.54
12.48,28.83
12.48,33.95
12.48,26.58
12.48,27.66
12.48,29.15
12.48,29.78
12.48,29.33
12.49,29.35
12.49,26.76
12.49,29.48
12.49,28.21
12.49,28.91
12.49,31.13
12.49,28.97
12.49,28.82
12.49,32.74
12.49,32.73
12.49,29.45
12.50,32.16
12.50,28.08
12.50,28.16
12.50,25.42
12.50,29.44
12.50,29.89
12.50,22.88
12.50,29.9
12.50,31.19
12.51,29.71
12.51,28.58
12.51,27.41
12.51,27.28
12.51,26.52
12.51,28.68
12.51,27.6
12.51,27.75
12.51,30.17
12.51,30.59
12.51,28.04
12.51,27.6
12.52,28.99
12.52,30.37
12.52,28.59
12.52,25.86
12.52,34.18
12.52,30.71
12.52,26.77
12.52,30.42
12.52,26.51
12.52,29.67
12.52,29.09
12.52,28.72
12.52,35.05
12.52,24.44
12.53,28.01
12.53,30.74
12.53,26.59
12.53,27.05
12.53,27.76
12.53,29.64
12.53,24.04
12.53,24.69
12.53,29.81
12.53,27.82
12.53,28.61
12.53,27.87
12.54,29.7
12.54,31.15
12.54,26.8
12.54,30.45
12.54,26.76
12.54,26.75
12.54,29.86
12.54,32.19
12.54,27.62
12.54,27.17
12.54,30.72
12.54,27.32
12.54,33.25
12.54,27.16
12.54,28.33
12.54,25.6
12.54,29.97
12.55,30.15
12.55,29.93
12.55,30.36
12.55,24.82
12.55,27.3
12.56,24.17
12.56,27.73
12.57,27.99
12.57,29.17
12.57,27.28
12.57,23.94
12.57,26.3
12.57,31.55
12.57,28.2
12.57,26.0
12.58,29.1
12.58,30.49
12.58,28.54
12.58,31.05
12.58,30.41
12.58,29.68
12.58,30.5
12.58,25.78
12.58,27.38
12.59,27.92
12.59,22.83
12.59,30.05
12.59,28.63
12.59,27.87
12.59,27.42
13.00,28.92
13.00,24.43
13.00,31.17
13.00,31.79
13.00,28.89
13.00,27.4
13.00,31.59
13.00,28.17
13.00,27.32
13.00,29.48
13.00,30.06
13.00,28.43
13.00,27.9
13.01,27.97
13.01,28.87
13.01,28.35
13.01,29.6
13.01,30.53
13.01,28.58
13.01,29.9
13.01,27.83
13.02,28.26
13.02,32.79
13.02,26.6
13.02,26.9
13.02,27.96
13.02,28.71
13.02,28.2
13.02,28.87
13.02,30.14
13.02,30.07
13.02,29.61
13.02,31.72
13.02,28.16
13.03,28.18
13.03,29.14
13.03,28.75
13.03,28.11
13.03,28.23
13.03,27.07
13.03,29.38
13.03,27.7
13.03,30.54
13.03,29.5
13.04,29.49
13.04,29.31
13.05,29.01
13.05,28.84
13.05,29.32
13.05,30.9
13.05,27.31
13.05,27.12
13.05,30.55
13.05,30.3
13.05,30.13
13.06,32.86
13.06,29.05
13.06,30.78
13.06,27.39
13.06,29.65
13.06,26.62
13.07,28.83
13.07,27.97
13.07,30.59
13.07,32.43
13.08,30.34
13.08,30.84
13.08,28.43
13.08,31.76
13.08,32.17
13.08,29.69
13.08,28.09
13.08,29.02
13.09,29.03
13.09,32.45
13.09,28.77
13.09,29.87
13.09,29.38
13.09,26.08
13.10,31.61
13.10,28.24
13.10,29.7
13.10,28.66
13.10,33.56
13.10,26.36
13.10,28.01
13.11,30.67
13.11,27.12
13.11,26.9
13.11,29.71
13.11,27.62
13.11,30.16
13.12,28.1
13.12,23.63
13.12,28.77
13.12,30.98
13.12,30.38
13.12,29.0
13.13,28.82
13.13,27.3
13.13,31.31
13.13,29.34
13.13,27.31
13.13,30.68
13.13,28.04
13.14,28.79
13.14,31.95
13.14,26.7
13.14,32.01
13.14,28.38
13.14,31.07
13.14,26.57
13.14,30.2
13.14,28.2
13.15,31.44
13.15,30.45
13.15,32.4
13.15,27.9
13.15,30.59
13.15,31.4
13.16,25.42
13.16,30.39
13.16,28.45
13.16,28.75
13.16,31.88
13.16,29.3
13.16,32.42
13.16,31.13
13.16,29.85
13.16,27.83
13.16,29.45
13.16,29.23
13.16,30.25
13.16,28.9
13.16,29.72
13.16,30.67
13.16,30.21
13.16,28.31
13.16,28.54
13.17,30.38
13.17,30.94
13.17,34.43
13.17,29.21
13.17,29.02
13.17,30.9
13.17,29.33
13.17,26.67
13.17,26.84
13.17,30.6
13.18,29.6
13.18,25.76
13.18,31.75
13.18,27.58
13.18,28.5
13.18,31.9
13.18,30.05
13.18,30.91
13.19,27.67
13.19,33.28
13.19,31.09
13.19,28.19
13.19,28.34
13.19,28.77
13.19,25.97
13.19,28.98
13.19,27.78
13.19,29.21
13.19,27.38
13.19,28.06
13.19,27.46
13.20,26.44
13.20,25.99
13.20,29.05
13.20,32.78
13.20,29.48
13.20,30.54
13.20,29.99
13.20,30.06
13.20,30.4
13.20,28.18
13.21,27.78
13.21,27.99
13.21,30.69
13.21,32.1
13.21,26.92
13.21,30.25
13.21,34.67
13.21,32.26
13.21,26.4
13.22,25.65
13.22,32.25
13.22,32.18
13.22,30.27
13.22,27.51
13.22,29.64
13.22,29.4
13.22,30.72
13.22,30.11
13.23,28.24
13.23,25.6
13.23,28.57
13.23,30.48
13.23,29.94
13.23,29.6
13.24,32.76
13.24,31.76
13.24,30.05
13.24,28.0
13.24,30.3
13.24,30.88
13.24,30.43
13.25,27.69
13.25,32.01
13.25,29.08
13.25,30.2
13.25,31.47
13.25,28.16
13.25,26.08
13.25,30.27
13.25,29.68
13.25,29.78
13.25,27.14
13.26,33.81
13.26,29.1
13.26,27.56
13.26,32.64
13.26,27.42
13.26,28.3
13.27,32.03
13.27,31.57
13.27,29.78
13.27,31.99
13.27,32.62
13.28,29.54
13.28,30.94
13.28,32.84
13.28,32.12
13.28,33.62
13.28,28.73
13.28,31.88
13.29,31.27
13.29,28.92
13.29,30.02
13.29,29.4
13.29,29.95
13.30,26.31
13.30,28.37
13.30,30.85
13.30,28.04
13.30,30.84
13.30,34.72
13.30,32.96
13.30,33.05
13.30,27.8
13.30,30.44
13.30,29.43
13.30,30.17
13.31,28.44
13.31,28.75
13.31,32.88
13.31,30.92
13.31,28.02
13.31,31.07
13.31,29.81
13.32,28.3
13.32,29.34
13.32,27.4
13.32,27.86
13.32,32.22
13.32,28.6
13.33,33.82
13.33,33.16
13.33,28.18
13.33,27.35
13.33,33.03
13.33,29.86
13.33,25.05
13.33,33.38
13.33,23.64
13.33,34.43
13.33,29.75
13.34,34.57
13.34,29.95
13.34,32.78
13.34,30.12
13.34,23.22
13.34,27.62
13.34,32.54
13.34,31.54
13.34,29.62
13.34,29.3
13.34,31.24
13.35,25.86
13.35,27.78
13.35,29.21
13.35,28.17
13.35,33.68
13.35,31.46
13.35,30.5
13.35,31.76
13.36,32.27
13.36,30.46
13.36,31.93
13.36,33.46
13.36,28.35
13.36,31.47
13.36,26.75
13.36,33.26
13.36,32.65
13.37,27.11
13.37,31.25
13.37,27.47
13.37,30.12
13.37,32.19
13.38,28.38
13.38,32.44
13.38,31.32
13.38,28.86
13.38,28.01
13.38,30.24
13.39,29.47
13.39,31.0
13.39,33.43
13.39,32.27
13.40,29.6
13.40,31.3
13.40,30.63
13.40,28.24
13.40,31.15
13.40,27.53
13.41,26.64
13.41,28.65
13.41,33.81
13.41,30.94
13.41,34.71
13.41,32.12
13.41,27.62
13.41,27.18
13.41,30.27
13.41,29.82
13.41,32.36
13.41,32.17
13.41,36.76
13.41,30.78
13.42,24.91
13.42,28.2
13.42,32.04
13.42,30.97
13.43,29.88
13.43,30.98
13.43,28.96
13.43,31.41
13.43,31.52
13.43,32.05
13.43,29.29
13.43,31.9
13.43,32.65
13.43,30.23
13.44,29.36
13.44,31.23
13.44,30.55
13.44,30.84
13.44,31.49
13.44,31.59
13.44,28.34
13.44,32.39
13.44,30.28
13.45,27.63
13.45,28.71
13.45,35.62
13.45,32.97
13.45,31.3
13.45,30.11
13.45,30.93
13.45,36.38
13.45,29.94
13.45,32.25
13.45,31.35
13.45,30.13
13.45,31.09
13.46,27.94
13.46,29.66
13.46,31.07
13.46,30.12
13.46,30.75
13.46,30.76
13.46,30.66
13.47,30.21
13.47,31.54
13.47,29.0
13.47,29.11
13.47,30.02
13.47,32.64
13.47,31.19
13.48,30.67
13.48,31.06
13.48,28.82
13.48,28.8
13.48,24.38
13.48,29.1
13.48,30.96
13.48,31.07
13.48,32.32
13.48,30.84
13.48,28.73
13.49,28.2
13.49,31.6
13.49,32.98
13.49,31.39
13.49,26.54
13.50,29.81
13.50,28.36
13.50,34.98
13.50,29.76
13.50,29.17
13.50,27.51
13.50,30.52
13.50,28.73
13.50,27.64
13.51,31.57
13.51,30.06
13.51,31.55
13.51,29.71
13.51,30.65
13.51,29.38
13.51,28.08
13.51,31.54
13.51,29.36
13.51,29.75
13.52,28.32
13.52,27.24
13.52,30.34
13.52,30.46
13.52,27.3
13.52,33.24
13.52,30.68
13.52,32.72
13.52,32.34
13.53,28.96
13.53,27.86
13.53,30.56
13.53,32.23
13.53,32.44
13.53,31.24
13.53,32.32
13.54,31.34
13.54,31.79
13.54,32.98
13.54,29.94
13.54,30.84
13.54,33.23
13.54,30.11
13.54,31.31
13.54,32.86
13.55,29.18
13.55,30.29
13.55,30.78
13.55,31.66
13.55,26.5
13.55,31.1
13.55,28.42
13.56,30.52
13.56,32.42
13.56,33.6
13.56,33.01
13.56,31.59
13.56,32.37
13.56,32.49
13.56,32.86
13.56,31.66
13.56,30.33
13.56,31.3
13.56,33.09
13.56,30.72
13.56,29.31
13.56,28.6
13.56,29.3
13.57,31.66
13.57,32.65
13.57,33.44
13.57,31.49
13.57,32.47
13.57,30.78
13.57,31.71
13.57,29.28
13.57,32.26
13.57,34.81
13.58,31.43
13.58,30.9
13.58,29.71
13.58,29.06
13.58,33.1
13.58,28.88
13.58,27.87
13.58,30.19
13.58,31.56
13.58,33.09
13.59,29.63
13.59,31.25
13.59,28.1
13.59,29.04
13.59,30.65
13.59,31.49
13.59,27.35
14.00,31.11
14.00,31.16
14.00,31.13
14.00,31.54
14.00,28.6
14.00,32.94
14.00,27.08
14.00,32.51
14.00,33.91
14.00,32.02
14.00,30.99
14.01,31.65
14.01,32.62
14.01,33.55
14.01,29.77
14.01,32.33
14.01,30.03
14.01,29.63
14.01,30.24
14.01,34.04
14.01,30.58
14.01,32.23
14.01,26.81
14.01,25.23
14.02,32.22
14.02,31.24
14.02,32.0
14.02,28.51
14.02,31.32
14.02,29.81
14.02,29.98
14.02,31.51
14.02,29.28
14.03,31.45
14.03,28.4
14.03,31.43
14.03,30.49
14.03,31.3
14.03,32.48
14.04,30.29
14.04,29.66
14.04,31.54
14.04,33.0
14.04,31.1
14.04,30.01
14.04,30.59
14.05,30.01
14.05,31.09
14.05,30.81
14.05,30.72
14.05,28.02
14.05,29.81
14.05,29.41
14.05,29.18
14.05,28.55
14.06,29.33
14.06,32.2
14.06,31.24
14.06,30.49
14.06,31.7
14.07,32.58
14.07,28.89
14.07,31.2
14.07,30.46
14.07,34.18
14.07,31.63
14.07,28.3
14.07,31.71
14.07,31.9
14.07,29.17
14.08,29.88
14.08,32.09
14.08,29.45
14.09,28.74
14.09,33.33
14.09,33.54
14.09,31.14
14.09,32.21
14.09,30.38
14.09,29.84
14.09,28.91
14.09,31.89
14.09,31.32
14.09,30.47
14.10,33.43
14.10,34.23
14.10,35.3
14.10,33.8
14.10,28.54
14.10,28.58
14.10,31.55
14.10,34.26
14.11,30.51
14.11,30.92
14.11,26.94
14.11,29.76
14.11,29.86
14.11,29.5
14.11,32.19
14.12,31.04
14.12,32.91
14.12,32.62
14.12,31.17
14.12,30.85
14.12,27.49
14.12,36.82
14.12,33.0
14.12,29.3
14.13,30.5
14.13,31.99
14.13,36.72
14.13,31.36
14.13,32.95
14.13,33.24
14.13,29.12
14.13,32.96
14.14,29.25
14.14,31.41
14.14,32.02
14.14,32.26
14.14,32.19
14.14,29.88
14.14,34.71
14.14,31.59
14.14,34.8
14.14,31.46
14.14,30.53
14.14,29.02
14.14,27.16
14.14,33.65
14.14,31.18
14.15,29.85
14.15,35.86
14.15,31.63
14.15,33.31
14.15,32.57
14.15,33.98
14.16,31.84
14.16,31.18
14.16,26.68
14.16,30.75
14.16,34.7
14.16,33.57
14.16,26.86
14.16,33.23
14.16,32.5
14.16,27.93
14.17,30.84
14.17,31.48
14.17,29.52
14.17,28.94
14.17,33.71
14.17,31.91
14.18,32.77
14.18,31.2
14.18,32.0
14.18,31.68
14.18,29.18
14.18,32.07
14.18,32.37
14.19,32.99
14.19,35.43
14.19,36.64
14.19,31.28
14.20,30.69
14.20,29.2
14.20,29.99
14.20,31.1
14.20,34.93
14.20,31.27
14.20,33.49
14.20,29.81
14.20,28.68
14.20,31.83
14.21,31.52
14.21,30.98
14.21,29.89
14.21,31.63
14.21,32.65
14.21,33.88
14.21,31.41
14.21,32.54
14.21,32.79
14.21,34.38
14.22,31.31
14.22,33.47
14.22,30.37
14.22,30.77
14.22,32.9
14.22,28.89
14.22,24.92
14.23,30.07
14.23,31.33
14.23,29.63
14.23,35.77
14.23,32.39
14.23,33.2
14.23,31.44
14.24,33.01
14.24,27.49
14.24,31.89
14.24,35.31
14.24,30.26
14.24,31.17
14.24,31.63
14.24,30.92
14.24,31.93
14.24,31.93
14.24,31.56
14.24,31.92
14.24,30.55
14.25,29.03
14.25,27.12
14.25,30.07
14.25,36.8
14.25,32.46
14.25,31.13
14.25,31.34
14.25,31.76
14.25,31.13
14.25,28.52
14.25,29.97
14.26,34.01
14.26,34.12
14.26,33.26
14.26,33.95
14.26,30.14
14.27,31.97
14.27,34.45
14.27,31.4
14.27,29.79
14.27,31.77
14.27,30.55
14.27,31.81
14.27,30.53
14.27,32.72
14.28,34.87
14.28,32.41
14.28,31.81
14.29,35.03
14.29,29.5
14.29,28.8
14.29,30.23
14.29,29.52
14.29,29.55
14.30,32.49
14.30,31.62
14.30,31.83
14.30,28.65
14.30,32.22
14.31,35.01
14.31,30.33
14.31,29.68
14.31,31.75
14.31,31.8
14.31,33.3
14.31,28.45
14.31,26.98
14.31,31.72
14.31,31.61
14.32,29.94
14.32,34.49
14.32,34.06
14.32,34.85
14.32,32.35
14.32,30.94
14.32,34.95
14.32,30.93
14.33,33.88
14.33,31.29
14.33,32.77
14.33,32.03
14.33,31.86
14.33,33.97
14.33,31.89
14.33,30.11
14.33,28.36
14.33,32.45
14.33,34.37
14.33,35.87
14.33,33.06
14.34,34.35
14.34,34.67
14.34,33.35
14.34,32.91
14.34,34.15
14.34,30.12
14.34,31.57
14.35,33.13
14.35,31.61
14.35,32.34
14.35,29.18
14.35,33.87
14.35,35.09
14.35,32.41
14.35,32.65
14.35,28.28
14.35,30.78
14.36,32.89
14.36,33.4
14.36,34.39
14.36,31.87
14.36,32.0
14.36,29.63
14.36,33.36
14.36,32.82
14.36,30.28
14.37,35.06
14.37,31.56
14.37,33.32
14.37,35.03
14.37,28.44
14.37,28.9
14.37,33.9
14.37,33.06
14.38,32.77
14.38,28.82
14.38,31.92
14.38,29.01
14.39,29.61
14.39,31.82
14.39,29.32
14.39,33.19
14.39,25.23
14.39,35.18
14.39,30.88
14.39,31.04
14.39,32.43
14.39,33.43
14.39,36.61
14.39,31.85
14.40,32.53
14.40,27.84
14.40,33.79
14.40,32.97
14.40,28.45
14.40,32.46
14.40,31.21
14.40,34.2
14.40,33.45
14.40,30.37
14.40,29.42
14.40,32.16
14.40,29.36
14.41,31.31
14.41,30.84
14.41,33.06
14.42,33.29
14.42,30.08
14.42,31.64
14.42,32.27
14.42,31.4
14.42,29.97
14.42,28.82
14.42,33.38
14.43,33.25
14.43,28.85
14.43,29.31
14.43,28.31
14.43,33.56
14.43,31.07
14.43,31.61
14.43,31.76
14.43,31.88
14.43,31.97
14.43,32.2
14.44,33.98
14.44,32.0
14.44,31.84
14.44,29.9
14.44,34.37
14.44,35.3
14.44,27.9
14.44,33.95
14.44,27.87
14.44,34.1
14.44,33.54
14.45,31.17
14.45,29.79
14.45,36.72
14.45,32.95
14.45,32.18
14.45,29.61
14.45,30.87
14.46,33.72
14.46,30.82
14.46,32.06
14.46,34.76
14.46,33.15
14.46,34.12
14.46,30.78
14.46,30.97
14.46,33.24
14.47,27.82
14.47,31.67
14.47,32.39
14.47,34.5
14.47,30.71
14.47,32.23
14.47,33.92
14.47,30.22
14.48,31.36
14.48,28.14
14.48,33.62
14.48,29.69
14.48,27.12
14.48,30.42
14.48,32.16
14.48,33.0
14.48,31.42
14.49,35.37
14.49,33.58
14.49,29.72
14.49,33.33
14.49,33.15
14.49,30.92
14.50,35.43
14.50,32.58
14.50,31.1
14.50,33.55
14.50,34.21
14.50,35.54
14.50,34.9
14.50,32.72
14.50,34.82
14.50,33.2
14.50,33.02
14.50,31.34
14.50,30.51
14.51,32.77
14.51,32.2
14.51,35.1
14.51,28.06
14.51,34.81
14.51,33.98
14.51,32.59
14.51,30.66
14.51,30.61
14.51,32.8
14.51,32.39
14.52,33.4
14.52,33.26
14.52,33.44
14.52,29.34
14.52,33.81
14.52,32.5
14.52,33.05
14.52,31.93
14.52,30.08
14.52,34.53
14.53,33.71
14.53,34.58
14.53,35.11
14.53,30.83
14.53,32.55
14.53,33.74
14.53,31.47
14.54,32.85
14.54,34.63
14.54,36.82
14.54,33.59
14.54,37.11
14.54,30.14
14.54,34.78
14.54,33.14
14.55,33.36
14.55,29.8
14.55,31.95
14.55,35.34
14.55,29.68
14.55,30.39
14.55,31.25
14.55,31.94
14.55,33.81
14.56,30.96
14.56,31.85
14.56,30.64
14.56,28.41
14.56,32.13
14.56,33.51
14.56,32.61
14.56,30.86
14.56,34.25
14.56,31.81
14.57,34.8
14.57,32.06
14.57,35.81
14.57,29.59
14.57,34.22
14.57,30.64
14.57,36.34
14.58,30.96
14.58,28.79
14.58,32.22
14.58,30.76
14.58,33.22
14.58,31.51
14.58,31.57
14.58,29.98
14.59,37.61
14.59,29.25
14.59,33.66
14.59,33.04
14.59,30.93
15.00,30.15
15.00,30.24
15.00,32.06
15.00,31.57
15.00,35.06
15.00,32.7
15.00,33.32
15.00,33.45
15.01,32.6
15.01,28.73
15.01,30.1
15.01,35.18
15.01,32.37
15.01,34.01
15.01,27.14
15.02,34.84
15.02,34.65
15.02,31.13
15.02,28.18
15.02,32.12
15.02,34.57
15.02,33.6
15.02,32.16
15.02,32.96
15.03,33.88
15.03,28.99
15.03,28.66
15.03,31.21
15.03,33.3
15.03,33.04
15.04,34.23
15.04,32.26
15.04,35.1
15.04,34.7
15.04,32.83
15.04,34.45
15.04,33.9
15.04,28.8
15.04,28.38
15.04,34.37
15.04,32.04
15.04,32.9
15.04,34.9
15.04,36.51
15.05,35.63
15.05,30.77
15.05,32.4
15.05,32.58
15.05,31.44
15.05,31.27
15.06,33.44
15.06,34.07
15.06,30.37
15.06,36.69
15.06,28.75
15.06,31.99
15.07,30.16
15.07,31.34
15.07,31.46
15.07,31.17
15.07,33.16
15.07,33.95
15.07,33.78
15.07,30.16
15.07,33.64
15.07,37.09
15.07,35.64
15.07,29.47
15.07,35.35
15.07,36.11
15.08,38.03
15.08,31.0
15.08,34.69
15.08,34.35
15.08,36.09
15.08,32.67
15.08,31.89
15.08,27.07
15.08,27.61
15.08,35.31
15.08,34.46
15.08,32.1
15.08,34.31
15.09,33.15
15.09,32.78
15.09,32.0
15.09,30.48
15.09,31.98
15.09,32.52
15.09,35.13
15.09,32.17
15.09,31.9
15.09,32.26
15.09,33.4
15.09,37.63
15.10,30.72
15.10,35.09
15.10,35.05
15.10,32.47
15.10,33.47
15.10,33.78
15.10,35.23
15.11,32.32
15.11,34.2
15.11,33.92
15.11,34.71
15.11,30.21
15.11,33.2
15.11,30.34
15.11,33.47
15.12,38.47
15.12,34.13
15.12,34.75
15.12,31.99
15.12,29.22
15.12,31.45
15.12,30.26
15.12,31.52
15.12,32.93
15.13,34.01
15.13,31.34
15.13,33.03
15.13,32.76
15.14,35.51
15.14,31.23
15.14,32.65
15.14,32.79
15.14,34.07
15.15,34.4
15.15,33.94
15.15,33.28
15.15,33.75
15.15,29.69
15.15,33.95
15.16,34.9
15.16,31.74
15.16,32.62
15.16,33.85
15.16,33.28
15.16,36.31
15.16,32.82
15.16,35.89
15.16,36.0
15.17,35.28
15.17,32.98
15.17,37.78
15.17,34.14
15.17,34.85
15.17,33.83
15.18,33.42
15.18,31.69
15.18,33.74
15.18,33.55
15.18,34.26
15.18,31.84
15.18,31.46
15.18,33.05
15.18,35.51
15.18,34.94
15.19,37.67
15.19,31.78
15.19,31.65
15.19,34.41
15.19,35.08
15.19,31.59
15.19,33.46
15.19,34.87
15.19,33.03
15.20,33.71
15.20,31.84
15.20,34.25
15.20,33.39
15.20,32.8
15.20,35.11
15.20,37.35
15.21,30.64
15.22,34.08
15.22,32.28
15.22,35.99
15.22,30.35
15.22,30.19
15.22,33.34
15.22,35.9
15.22,33.77
15.23,30.89
15.23,34.36
15.23,36.67
15.23,31.53
15.23,32.32
15.23,33.1
15.23,30.98
15.23,31.27
15.23,31.71
15.24,34.98
15.24,35.97
15.24,34.39
15.24,31.47
15.24,32.2
15.25,35.49
15.25,35.27
15.25,35.42
15.25,34.05
15.25,35.94
15.25,35.78
15.25,31.6
15.25,35.85
15.25,34.1
15.25,33.66
15.25,36.32
15.26,35.79
15.26,33.83
15.26,32.5
15.27,31.38
15.27,31.42
15.27,33.95
15.27,37.47
15.27,30.95
15.27,31.53
15.28,36.4
15.28,35.39
15.28,32.16
15.28,34.91
15.28,32.77
15.28,31.41
15.28,32.17
15.29,34.14
15.29,33.96
15.29,33.37
15.29,32.1
15.29,32.85
15.29,31.37
15.29,34.2
15.29,31.01
15.30,33.74
15.30,35.6
15.30,34.91
15.30,32.27
15.30,32.6
15.31,32.7
15.31,36.2
15.31,34.51
15.31,32.38
15.31,35.88
15.32,32.02
15.32,35.48
15.32,29.14
15.32,33.88
15.32,34.46
15.32,32.37
15.32,32.8
15.32,36.74
15.33,34.45
15.33,35.03
15.33,33.05
15.33,29.6
15.33,31.27
15.33,34.54
15.33,33.1
15.33,37.06
15.33,32.31
15.33,32.69
15.34,32.86
15.34,31.3
15.34,33.49
15.34,35.47
15.34,35.26
15.34,32.43
15.34,33.63
15.34,33.89
15.34,34.02
15.34,35.02
15.34,36.18
15.34,32.45
15.34,36.75
15.34,32.85
15.35,32.98
15.35,31.68
15.35,36.17
15.36,31.75
15.36,34.63
15.36,35.3
15.36,34.09
15.36,34.51
15.36,32.62
15.36,32.94
15.37,35.14
15.37,29.92
15.37,33.97
15.37,35.98
15.37,36.08
15.38,37.22
15.38,32.33
15.38,33.7
15.38,31.33
15.38,35.14
15.38,33.85
15.38,38.1
15.38,34.28
15.38,30.63
15.38,32.23
15.38,35.43
15.38,33.75
15.38,31.58
15.38,33.03
15.38,35.28
15.38,35.77
15.38,33.5
15.39,33.17
15.39,33.55
15.39,34.97
15.39,34.09
15.39,37.47
15.39,34.27
15.39,36.85
15.39,34.9
15.39,34.58
15.39,37.2
15.39,34.24
15.39,35.16
15.39,33.43
15.40,34.42
15.40,32.55
15.40,36.67
15.40,37.74
15.40,34.06
15.40,33.93
15.40,34.0
15.40,35.62
15.40,29.02
15.40,36.47
15.41,34.15
15.41,32.91
15.41,32.47
15.41,33.25
15.41,31.66
15.41,34.23
15.41,32.18
15.41,37.36
15.41,34.27
15.42,32.89
15.42,33.9
15.42,34.75
15.42,35.59
15.42,33.64
15.42,34.8
15.42,34.11
15.42,34.83
15.42,35.82
15.43,34.86
15.43,35.42
15.43,33.58
15.43,32.34
15.43,31.87
15.43,35.55
15.43,32.42
15.43,36.99
15.43,32.9
15.43,32.17
15.43,32.93
15.43,34.89
15.44,35.06
15.44,31.25
15.44,33.55
15.44,34.4
15.44,32.95
15.44,34.9
15.44,33.42
15.44,34.44
15.45,30.8
15.45,34.57
15.45,31.64
15.45,33.04
15.46,38.63
15.46,34.07
15.46,30.88
15.46,33.89
15.46,31.56
15.46,34.19
15.46,36.31
15.46,33.78
15.46,31.22
15.46,29.93
15.47,30.88
15.47,31.94
15.47,31.82
15.47,32.78
15.47,35.47
15.47,33.28
15.47,33.23
15.47,32.94
15.47,36.13
15.47,34.31
15.47,37.57
15.47,36.26
15.48,37.61
15.48,35.74
15.48,36.7
15.48,34.54
15.48,34.17
15.48,34.15
15.48,34.49
15.48,31.36
15.48,35.85
15.48,36.26
15.48,34.84
15.49,30.65
15.49,32.93
15.49,35.3
15.49,33.95
15.49,36.3
15.50,29.84
15.50,35.61
15.50,33.03
15.50,32.58
15.50,33.29
15.51,34.85
15.51,34.39
15.51,33.2
15.51,36.57
15.51,34.61
15.51,39.55
15.51,35.79
15.51,35.58
15.52,31.56
15.52,34.9
15.52,34.5
15.52,32.17
15.52,30.85
15.52,34.75
15.52,34.46
15.52,34.92
15.52,31.69
15.52,32.94
15.53,35.96
15.53,32.32
15.53,34.04
15.53,34.96
15.53,31.58
15.54,35.27
15.54,36.63
15.54,33.97
15.54,32.44
15.54,32.62
15.54,36.2
15.54,32.32
15.54,33.0
15.54,31.05
15.54,35.41
15.55,35.75
15.55,33.04
15.55,32.23
15.55,36.99
15.55,35.42
15.55,34.05
15.55,33.27
15.55,34.42
15.56,36.09
15.56,35.35
15.56,38.5
15.56,34.23
15.56,32.79
15.56,33.3
15.56,34.32
15.56,31.28
15.56,31.85
15.56,35.75
15.57,34.58
15.57,38.15
15.57,34.38
15.57,35.87
15.57,35.4
15.57,34.88
15.57,32.85
15.57,32.47
15.57,34.32
15.57,35.77
15.57,32.15
15.57,32.13
15.57,33.56
15.58,36.01
15.58,32.83
15.58,32.67
15.58,31.95
15.58,34.92
15.58,33.06
15.58,35.72
15.58,34.12
15.58,35.54
15.58,35.33
15.58,33.29
15.59,35.59
15.59,33.54
15.59,34.11
15.59,35.38
15.59,36.38
15.59,34.05
15.59,35.0
15.59,34.61
15.59,32.7
15.59,34.38
16.00,36.24
16.00,33.46
16.00,35.03
16.00,36.27
16.00,33.26
16.00,31.09
16.00,36.0
16.01,34.82
16.01,35.95
16.01,33.79
16.01,35.57
16.01,35.89
16.01,33.63
16.01,35.45
16.01,34.44
16.01,38.35
16.01,36.63
16.01,35.26
16.01,32.9
16.02,32.05
16.02,34.63
16.02,31.8
16.02,31.08
16.02,37.3
16.02,35.99
16.02,32.38
16.02,32.54
16.02,31.16
16.03,37.01
16.03,35.69
16.03,34.84
16.04,33.93
16.04,33.95
16.04,34.15
16.04,32.89
16.04,34.54
16.04,32.57
16.04,29.72
16.04,36.39
16.04,37.98
16.04,35.3
16.05,35.2
16.05,35.92
16.05,35.95
16.05,33.04
16.05,29.76
16.05,33.56
16.05,34.22
16.05,38.04
16.05,32.78
16.05,36.1
16.06,35.37
16.06,36.64
16.06,29.85
16.06,34.77
16.06,32.54
16.06,33.31
16.06,36.16
16.06,34.22
16.06,33.74
16.06,38.44
16.06,34.09
16.07,32.86
16.07,31.62
16.07,34.78
16.07,36.32
16.08,36.09
16.08,33.08
16.08,30.95
16.08,34.17
16.08,31.8
16.08,33.51
16.08,34.95
16.08,38.59
16.08,32.68
16.09,34.71
16.09,35.29
16.09,32.41
16.09,37.14
16.09,35.63
16.09,36.09
16.09,36.17
16.10,35.88
16.10,38.45
16.10,35.59
16.10,34.14
16.10,33.8
16.10,36.45
16.11,34.87
16.11,34.63
16.11,37.71
16.11,31.66
16.12,36.96
16.12,36.75
16.12,36.15
16.12,39.11
16.12,33.97
16.13,32.91
16.13,39.16
16.13,34.42
16.13,35.27
16.13,31.53
16.14,39.51
16.14,33.94
16.14,35.28
16.14,36.08
16.14,30.05
16.15,35.98
16.15,35.73
16.15,37.42
16.15,30.05
16.15,32.87
16.15,36.41
16.15,34.76
16.15,34.31
16.16,37.03
16.16,34.35
16.16,29.76
16.16,35.56
16.16,37.33
16.16,35.39
16.16,36.82
16.16,33.96
16.16,36.22
16.16,35.9
16.16,38.08
16.17,37.3
16.17,34.34
16.17,40.45
16.17,33.51
16.17,34.58
16.17,33.08
16.17,34.8
16.17,35.3
16.18,35.58
16.18,33.95
16.18,33.65
16.18,34.84
16.18,35.51
16.18,31.76
16.18,38.42
16.19,39.85
16.19,40.74
16.19,36.62
16.19,36.18
16.19,34.48
16.19,31.22
16.19,34.58
16.19,37.11
16.19,32.38
16.19,35.4
16.20,38.98
16.20,32.22
16.20,35.25
16.21,35.12
16.21,34.01
16.21,37.39
16.21,34.53
16.21,33.48
16.21,34.98
16.22,36.96
16.22,36.18
16.22,37.52
16.22,34.27
16.22,36.16
16.22,35.1
16.22,37.11
16.23,37.65
16.23,35.05
16.23,33.78
16.23,37.05
16.23,35.91
16.23,34.43
16.23,36.82
16.24,36.91
16.24,34.74
16.24,32.94
16.24,38.73
16.24,39.08
16.24,35.38
16.24,35.24
16.24,36.16
16.25,33.97
16.25,37.81
16.25,36.11
16.25,38.16
16.25,36.23
16.25,37.73
16.25,36.52
16.25,35.74
16.25,34.43
16.25,33.34
16.25,38.2
16.25,32.39
16.25,35.18
16.25,35.63
16.25,37.79
16.25,36.96
16.25,33.07
16.25,36.97
16.26,34.88
16.26,37.36
16.26,30.85
16.26,34.65
16.26,40.62
16.26,35.01
16.26,37.04
16.27,33.5
16.27,32.7
16.27,34.39
16.27,34.3
16.27,35.05
16.27,36.86
16.27,35.98
16.28,33.53
16.28,37.46
16.28,34.98
16.28,35.31
16.28,31.56
16.28,34.81
16.28,37.08
16.29,38.01
16.29,37.24
16.29,34.3
16.29,38.87
16.29,33.02
16.30,35.84
16.30,35.41
16.30,31.76
16.30,35.3
16.30,35.08
16.30,35.22
16.30,39.45
16.30,30.96
16.30,35.21
16.30,37.84
16.31,39.05
16.31,35.92
16.31,35.41
16.31,35.33
16.31,37.94
16.31,35.18
16.31,35.31
16.31,33.06
16.31,34.01
16.31,38.23
16.31,37.98
16.32,35.79
16.32,38.26
16.32,35.11
16.32,36.61
16.32,38.96
16.32,36.19
16.33,33.52
16.33,33.78
16.33,35.54
16.33,33.03
16.33,33.5
16.33,37.48
16.33,33.04
16.33,35.64
16.33,36.77
16.33,36.63
16.33,34.79
16.34,34.91
16.34,34.12
16.34,35.36
16.34,39.71
16.34,38.14
16.34,35.45
16.34,33.11
16.34,32.01
16.34,36.71
16.34,33.5
16.34,35.03
16.34,37.19
16.34,38.93
16.35,33.96
16.35,35.98
16.35,34.68
16.35,33.78
16.35,36.51
16.35,39.3
16.35,36.97
16.35,32.98
16.36,33.32
16.36,40.63
16.36,35.32
16.36,36.05
16.36,34.44
16.36,34.15
16.36,38.27
16.36,37.01
16.37,35.87
16.37,30.63
16.37,36.46
16.38,35.19
16.38,35.48
16.38,32.11
16.38,35.18
16.38,36.44
16.38,33.94
16.38,36.38
16.39,37.37
16.39,37.09
16.39,35.94
16.39,31.88
16.39,34.4
16.39,34.24
16.39,38.19
16.39,36.61
16.39,37.46
16.40,35.42
16.40,34.52
16.40,33.32
16.40,33.86
16.40,38.07
16.40,35.34
16.40,39.65
16.40,36.8
16.41,33.95
16.41,35.45
16.41,34.74
16.41,39.45
16.41,34.99
16.41,36.42
16.41,37.81
16.41,38.38
16.41,34.07
16.41,33.33
16.41,34.85
16.41,33.45
16.41,36.69
16.42,33.8
16.42,37.1
16.42,34.92
16.42,39.53
16.42,36.89
16.42,33.31
16.42,33.06
16.42,35.26
16.42,36.92
16.42,36.76
16.42,38.99
16.42,34.51
16.42,37.12
16.43,39.45
16.43,41.43
16.43,34.43
16.43,34.52
16.43,34.59
16.43,36.89
16.43,39.94
16.43,38.08
16.43,34.85
16.43,36.79
16.43,36.98
16.43,34.62
16.43,35.9
16.43,34.32
16.44,36.7
16.44,35.15
16.44,37.56
16.44,34.91
16.44,34.37
16.44,34.32
16.44,40.94
16.45,35.7
16.45,36.78
16.45,36.98
16.45,36.02
16.45,37.57
16.45,37.79
16.45,36.08
16.45,38.14
16.46,39.58
16.46,35.68
16.46,39.49
16.46,33.41
16.46,35.88
16.46,34.57
16.47,33.17
16.47,34.18
16.47,40.46
16.47,38.07
16.47,36.87
16.47,33.43
16.48,33.53
16.48,37.09
16.48,37.89
16.48,36.71
16.48,35.79
16.48,41.09
16.48,35.95
16.48,35.51
16.48,37.9
16.48,38.27
16.48,38.0
16.48,36.5
16.48,38.87
16.48,37.19
16.49,36.46
16.49,39.5
16.49,33.15
16.49,37.97
16.49,38.89
16.49,36.08
16.49,36.31
16.49,35.77
16.50,35.82
16.50,34.24
16.50,37.08
16.50,32.83
16.50,34.53
16.50,37.44
16.51,33.87
16.51,36.48
16.51,38.3
16.51,34.63
16.51,34.89
16.51,36.94
16.51,34.89
16.51,35.3
16.52,34.42
16.52,37.15
16.52,37.65
16.52,34.2
16.52,36.27
16.52,37.58
16.52,34.95
16.52,38.32
16.52,37.17
16.53,34.29
16.53,35.7
16.53,35.48
16.53,34.05
16.53,39.24
16.53,36.64
16.53,38.15
16.53,35.29
16.54,32.93
16.54,38.58
16.54,36.47
16.54,35.57
16.54,35.99
16.54,38.93
16.54,41.76
16.54,31.35
16.54,37.0
16.54,37.62
16.54,38.85
16.54,34.28
16.54,35.5
16.54,38.15
16.55,31.25
16.55,36.29
16.55,35.43
16.55,36.35
16.55,37.06
16.55,36.01
16.55,34.73
16.55,35.33
16.56,33.87
16.56,33.79
16.56,33.62
16.56,37.43
16.56,34.25
16.56,35.0
16.57,36.11
16.57,36.37
16.57,35.0
16.57,40.28
16.58,33.2
16.58,36.94
16.58,37.8
16.58,37.53
16.58,39.08
16.58,35.94
16.58,36.71
16.58,37.22
16.58,35.69
16.58,37.71
16.58,37.76
16.59,37.56
16.59,36.6
16.59,36.4
16.59,34.61
16.59,32.61
17.00,35.28
17.00,38.6
17.00,39.47
17.00,36.08
17.00,37.83
17.00,38.97
17.00,31.9
17.00,34.81
17.00,38.08
17.00,38.65
17.01,35.63
17.01,36.51
17.01,36.55
17.01,32.1
17.01,35.7
17.01,37.74
17.01,36.03
17.01,35.37
17.01,33.71
17.01,34.51
17.01,35.67
17.01,38.0
17.02,39.37
17.02,36.98
17.02,38.53
17.02,40.04
17.02,38.12
17.02,34.97
17.02,36.29
17.03,39.5
17.03,38.13
17.03,38.06
17.03,35.21
17.03,34.05
17.03,37.1
17.03,36.45
17.03,33.9
17.03,38.77
17.03,36.5
17.04,36.69
17.04,34.63
17.04,33.75
17.04,37.08
17.04,38.48
17.04,34.62
17.04,36.92
17.04,39.16
17.04,36.43
17.05,37.75
17.05,36.08
17.05,37.01
17.05,36.79
17.05,35.6
17.05,35.45
17.05,32.41
17.05,35.95
17.05,37.66
17.06,37.0
17.06,35.24
17.06,38.5
17.06,39.26
17.06,32.66
17.07,32.6
17.07,35.69
17.07,34.64
17.07,33.29
17.07,37.88
17.07,38.64
17.07,34.1
17.07,43.02
17.07,37.75
17.07,43.3
17.07,35.17
17.07,36.18
17.08,33.68
17.08,41.42
17.08,37.25
17.08,33.24
17.08,35.31
17.08,38.16
17.08,36.43
17.08,38.43
17.08,36.8
17.08,32.98
17.08,34.25
17.09,37.22
17.09,38.21
17.09,38.22
17.09,35.81
17.09,36.0
17.09,36.04
17.10,39.48
17.10,40.75
17.10,38.41
17.10,36.57
17.10,34.47
17.10,37.37
17.11,38.55
17.11,36.08
17.11,39.38
17.11,38.4
17.12,41.56
17.12,36.57
17.12,37.21
17.13,37.61
17.13,37.63
17.13,39.75
17.13,37.03
17.13,40.1
17.13,33.58
17.13,34.07
17.13,37.66
17.14,34.9
17.14,39.59
17.14,35.68
17.14,37.24
17.14,40.67
17.15,34.9
17.15,36.71
17.15,33.96
17.15,37.25
17.15,38.92
17.15,38.23
17.15,35.92
17.15,35.91
17.15,41.44
17.15,36.33
17.15,34.6
17.16,36.35
17.16,36.14
17.16,40.82
17.16,37.32
17.16,34.96
17.16,39.46
17.17,35.82
17.17,33.38
17.17,36.85
17.17,37.25
17.17,36.14
17.17,39.08
17.18,36.7
17.18,32.07
17.18,35.5
17.18,41.4
17.18,39.14
17.18,38.41
17.18,31.12
17.18,35.73
17.18,36.74
17.18,37.15
17.18,40.49
17.18,37.79
17.18,38.35
17.19,34.45
17.19,37.42
17.19,38.45
17.19,36.84
17.19,39.1
17.20,32.7
17.20,38.16
17.20,35.55
17.20,38.96
17.20,38.27
17.20,39.24
17.20,38.51
17.20,36.15
17.21,34.21
17.21,37.91
17.21,38.1
17.21,37.47
17.21,34.91
17.21,37.46
17.21,32.54
17.21,37.98
17.21,36.08
17.21,37.33
17.22,36.26
17.22,37.41
17.22,36.54
17.22,36.25
17.22,33.33
17.22,38.38
17.22,36.64
17.23,36.96
17.23,36.77
17.23,39.09
17.23,39.44
17.23,40.32
17.23,33.23
17.23,38.43
17.24,35.65
17.24,37.25
17.24,36.5
17.24,37.14
17.24,35.87
17.24,38.56
17.24,38.26
17.24,40.98
17.24,36.04
17.24,41.87
17.25,41.74
17.25,35.73
17.25,35.97
17.25,37.92
17.25,38.48
17.25,39.02
17.25,39.72
17.25,37.93
17.25,36.94
17.25,36.27
17.25,35.82
17.25,41.43
17.25,35.79
17.26,37.35
17.26,42.09
17.26,32.97
17.26,38.27
17.26,34.88
17.26,37.12
17.26,36.35
17.26,36.5
17.27,34.07
17.27,38.06
17.27,36.43
17.28,35.77
17.28,40.13
17.28,36.51
17.28,38.69
17.28,35.13
17.28,37.95
17.28,35.95
17.28,36.18
17.28,34.26
17.28,34.67
17.29,37.85
17.29,35.3
17.29,35.73
17.29,36.39
17.29,40.56
17.29,34.23
17.29,40.66
17.29,36.61
17.29,41.07
17.29,39.25
17.29,36.42
17.30,36.22
17.30,35.34
17.30,37.62
17.30,34.75
17.30,37.94
17.30,35.69
17.31,35.29
17.31,35.7
17.31,37.44
17.31,32.44
17.31,33.46
17.31,38.1
17.31,36.94
17.31,39.37
17.32,37.41
17.32,38.97
17.32,35.18
17.33,35.71
17.33,36.59
17.33,37.34
17.33,35.48
17.33,37.79
17.33,33.74
17.33,34.63
17.33,35.6
17.33,37.57
17.33,39.57
17.33,37.41
17.33,39.03
17.33,38.58
17.33,35.39
17.34,36.94
17.34,36.43
17.34,38.47
17.34,39.47
17.34,37.37
17.34,36.5
17.34,35.21
17.34,35.49
17.34,37.26
17.35,34.97
17.35,40.65
17.35,37.16
17.35,36.57
17.35,36.54
17.35,35.97
17.35,38.04
17.35,37.56
17.35,39.66
17.36,39.22
17.36,39.26
17.36,36.36
17.36,36.13
17.36,38.88
17.36,37.57
17.36,37.99
17.36,36.97
17.36,34.29
17.36,38.31
17.36,38.2
17.36,42.11
17.37,38.37
17.37,41.22
17.38,36.17
17.38,38.51
17.38,35.38
17.38,36.61
17.38,35.79
17.38,41.63
17.38,35.16
17.38,39.36
17.38,36.32
17.39,33.57
17.39,33.22
17.39,41.55
17.39,38.07
17.39,41.18
17.39,39.45
17.39,38.55
17.39,39.07
17.39,36.25
17.39,38.44
17.39,40.67
17.39,39.01
17.39,35.57
17.40,38.6
17.40,37.68
17.40,41.13
17.40,38.35
17.40,42.82
17.40,39.46
17.40,38.49
17.41,39.04
17.41,32.48
17.41,37.16
17.41,39.29
17.41,37.49
17.41,38.5
17.41,37.31
17.41,37.46
17.41,37.28
17.41,36.55
17.41,35.89
17.41,40.78
17.42,35.6
17.42,35.5
17.42,37.57
17.42,36.33
17.42,35.28
17.42,37.02
17.42,35.23
17.42,38.09
17.43,38.55
17.43,40.43
17.43,40.52
17.43,40.97
17.43,35.25
17.43,37.4
17.44,38.32
17.44,36.01
17.44,40.2
17.44,40.69
17.44,38.99
17.44,35.03
17.44,38.83
17.45,36.79
17.46,36.6
17.46,37.29
17.46,40.08
17.46,36.58
17.46,39.39
17.47,36.85
17.47,39.33
17.47,37.27
17.47,38.57
17.47,39.93
17.47,34.11
17.47,34.3
17.47,37.07
17.47,40.54
17.47,35.23
17.47,39.25
17.48,37.69
17.48,39.45
17.48,38.77
17.48,38.56
17.48,36.78
17.48,41.89
17.48,40.43
17.49,37.26
17.49,39.79
17.49,39.82
17.49,35.69
17.49,36.41
17.49,40.86
17.50,37.24
17.50,35.81
17.50,36.06
17.50,36.37
17.50,38.69
17.50,38.89
17.50,37.14
17.51,36.01
17.51,38.45
17.51,41.38
17.51,38.06
17.51,39.45
17.51,37.54
17.51,37.55
17.51,36.91
17.51,35.5
17.51,38.68
17.51,39.41
17.51,39.5
17.52,37.29
17.52,37.37
17.52,38.0
17.53,39.96
17.53,36.05
17.53,39.16
17.53,38.26
17.53,36.22
17.53,36.96
17.53,37.27
17.53,40.08
17.53,40.49
17.53,39.16
17.53,40.8
17.54,40.35
17.54,37.98
17.54,40.93
17.54,36.93
17.54,40.05
17.54,37.71
17.54,39.04
17.54,37.89
17.54,36.07
17.54,35.02
17.54,36.48
17.54,38.35
17.54,38.61
17.55,38.85
17.55,34.89
17.55,40.2
17.55,41.4
17.55,35.72
17.56,38.65
17.56,39.33
17.56,38.6
17.56,38.16
17.56,37.27
17.56,39.58
17.56,39.05
17.56,38.96
17.56,35.98
17.56,42.55
17.56,36.53
17.56,40.82
17.57,40.47
17.57,37.83
17.57,41.23
17.57,36.06
17.57,39.48
17.57,37.74
17.58,39.96
17.58,37.89
17.58,39.65
17.58,38.3
17.58,35.63
17.58,38.39
17.58,36.44
17.58,37.33
17.59,38.76
17.59,36.87
17.59,35.51
17.59,37.01
17.59,37.06
17.59,38.48
17.59,41.18
17.59,38.48
17.59,35.78
17.59,41.21
17.59,37.07
17.59,36.51
17.59,35.28
18.00,39.75
18.00,43.41
18.00,37.02
18.00,40.42
18.00,38.18
18.00,34.27
18.00,36.67
18.00,39.05
18.00,35.54
18.00,38.92
18.00,39.5
18.01,37.45
18.01,41.36
18.01,37.04
18.01,40.24
18.01,39.98
18.01,44.0
18.02,38.51
18.02,36.02
18.02,36.97
18.02,38.05
18.02,39.79
18.02,40.42
18.02,38.27
18.02,41.5
18.02,40.2
18.03,38.74
18.03,42.3
18.03,37.62
18.03,39.61
18.03,40.63
18.03,36.55
18.03,37.77
18.03,39.26
18.03,39.11
18.03,40.9
18.03,35.9
18.04,38.16
18.04,40.88
18.04,41.7
18.04,40.57
18.04,39.98
18.04,39.86
18.04,38.91
18.04,36.43
18.04,36.34
18.04,39.77
18.04,40.45
18.05,38.11
18.05,36.31
18.05,40.54
18.05,35.53
18.05,37.06
18.05,38.68
18.06,37.08
18.06,38.48
18.06,40.66
18.06,37.89
18.06,41.36
18.06,37.13
18.06,36.35
18.06,37.45
18.07,42.0
18.07,38.31
18.07,38.67
18.07,37.65
18.07,41.38
18.07,36.75
18.07,36.3
18.07,36.98
18.07,40.48
18.08,39.14
18.08,37.24
18.08,39.93
18.08,39.61
18.08,38.65
18.08,33.49
18.09,39.01
18.09,37.64
18.09,40.17
18.09,36.7
18.09,38.7
18.09,41.1
18.09,38.11
18.10,38.31
18.10,37.56
18.10,39.91
18.10,36.39
18.10,38.43
18.10,37.95
18.10,38.21
18.11,39.84
18.11,39.51
18.11,37.94
18.11,39.12
18.11,38.97
18.11,38.71
18.11,35.19
18.11,38.29
18.11,42.96
18.11,40.09
18.12,37.37
18.12,41.09
18.12,38.9
18.12,39.29
18.12,35.11
18.12,36.94
18.12,36.9
18.12,36.63
18.12,38.47
18.12,38.81
18.13,37.94
18.13,39.29
18.13,39.75
18.13,36.68
18.13,39.24
18.13,37.53
18.13,37.83
18.13,39.39
18.13,34.92
18.14,38.62
18.14,41.65
18.14,37.68
18.14,35.95
18.14,42.34
18.14,38.55
18.14,39.41
18.14,37.5
18.14,34.29
18.14,39.77
18.14,41.36
18.14,36.6
18.14,37.85
18.14,39.01
18.15,42.17
18.15,37.6
18.15,38.4
18.15,41.75
18.15,39.26
18.15,40.58
18.15,40.83
18.16,40.41
18.16,39.58
18.16,38.53
18.16,33.96
18.16,39.56
18.16,40.58
18.16,37.23
18.16,35.93
18.16,36.71
18.16,39.79
18.16,38.25
18.17,38.69
18.17,36.91
18.17,40.62
18.17,38.53
18.17,37.6
18.17,39.9
18.17,37.87
18.17,38.44
18.17,40.84
18.17,38.65
18.18,38.04
18.18,40.87
18.18,39.45
18.18,38.6
18.18,36.79
18.18,40.17
18.18,39.1
18.18,37.39
18.19,39.12
18.19,39.47
18.19,32.74
18.19,39.46
18.19,36.52
18.19,41.45
18.19,39.84
18.20,42.4
18.20,37.12
18.20,38.63
18.20,39.93
18.20,36.36
18.20,40.69
18.20,42.08
18.20,35.97
18.20,40.18
18.20,38.99
18.20,36.73
18.20,38.96
18.21,37.5
18.21,39.65
18.21,35.71
18.21,41.79
18.21,38.81
18.21,33.9
18.21,40.1
18.21,40.49
18.21,39.03
18.21,40.61
18.21,39.03
18.21,38.97
18.21,38.37
18.22,40.63
18.22,38.33
18.22,35.8
18.22,41.57
18.22,43.8
18.22,42.35
18.22,41.16
18.22,38.44
18.22,38.26
18.23,40.49
18.23,42.25
18.23,39.63
18.23,35.96
18.23,40.18
18.23,39.16
18.23,39.13
18.23,38.65
18.24,39.02
18.24,40.08
18.24,39.04
18.24,38.11
18.24,41.2
18.24,39.36
18.24,36.24
18.24,40.6
18.24,38.06
18.24,40.83
18.25,40.16
18.25,37.28
18.25,41.6
18.25,38.94
18.25,38.89
18.25,35.57
18.25,35.57
18.25,40.02
18.25,40.89
18.25,37.56
18.26,36.09
18.26,40.25
18.26,37.48
18.26,41.22
18.26,41.24
18.26,40.9
18.26,36.66
18.27,39.06
18.27,38.49
18.27,43.26
18.27,37.06
18.27,43.04
18.27,39.24
18.27,38.9
18.27,38.74
18.27,41.98
18.28,42.74
18.28,40.59
18.28,35.48
18.28,41.21
18.28,38.45
18.28,37.27
18.28,38.2
18.28,40.8
18.28,37.75
18.28,39.21
18.28,38.52
18.28,40.31
18.29,38.97
18.29,41.32
18.29,40.87
18.29,40.34
18.29,42.64
18.29,40.97
18.29,37.96
18.30,37.27
18.30,36.58
18.30,35.18
18.30,42.98
18.30,39.25
18.30,37.16
18.30,37.86
18.30,41.13
18.30,40.25
18.31,41.16
18.31,37.05
18.31,39.66
18.31,40.93
18.31,36.57
18.32,39.73
18.32,34.54
18.32,42.15
18.32,37.81
18.32,40.73
18.33,37.39
18.33,38.83
18.33,39.22
18.33,39.14
18.33,41.21
18.33,39.2
18.33,39.78
18.33,37.13
18.33,40.82
18.34,39.27
18.34,40.17
18.34,38.91
18.34,40.01
18.34,41.07
18.34,38.09
18.34,41.04
18.34,39.79
18.34,39.63
18.34,35.18
18.34,40.94
18.34,36.71
18.34,40.74
18.35,39.91
18.35,41.33
18.35,43.01
18.35,39.61
18.35,39.23
18.35,41.11
18.35,39.28
18.36,39.85
18.36,39.82
18.36,42.25
18.36,37.2
18.36,41.8
18.36,40.23
18.37,40.26
18.37,39.53
18.37,39.55
18.37,39.16
18.38,39.43
18.38,39.86
18.38,40.7
18.38,39.92
18.38,38.47
18.38,35.14
18.38,41.21
18.38,37.46
18.38,39.4
18.38,39.14
18.38,42.02
18.38,40.52
18.38,38.07
18.39,43.2
18.39,38.59
18.39,40.87
18.39,38.71
18.39,39.01
18.40,42.01
18.40,38.23
18.40,37.02
18.40,41.19
18.40,42.43
18.40,38.85
18.40,40.03
18.40,40.94
18.40,42.07
18.40,38.65
18.40,40.44
18.40,38.74
18.40,39.29
18.41,37.14
18.41,38.61
18.41,40.63
18.41,39.76
18.41,43.16
18.41,39.47
18.41,39.61
18.41,39.24
18.41,38.05
18.42,35.21
18.42,39.43
18.42,34.17
18.42,40.53
18.42,42.48
18.42,38.35
18.42,41.49
18.42,37.02
18.42,36.77
18.43,39.59
18.43,42.52
18.43,38.88
18.43,41.51
18.43,40.44
18.43,39.56
18.43,37.16
18.44,38.55
18.44,37.29
18.44,37.82
18.44,40.02
18.44,42.02
18.44,38.96
18.44,40.68
18.45,39.3
18.45,41.46
18.45,40.48
18.45,41.49
18.45,41.35
18.45,39.65
18.46,38.93
18.46,37.5
18.46,39.02
18.46,36.66
18.46,39.46
18.46,41.48
18.46,39.48
18.46,39.41
18.46,40.5
18.47,39.62
18.47,40.6
18.47,38.73
18.47,39.31
18.47,39.96
18.47,38.15
18.47,40.76
18.47,40.01
18.48,37.38
18.48,41.8
18.48,37.68
18.48,34.41
18.48,39.87
18.49,40.66
18.49,41.82
18.49,39.42
18.49,40.66
18.49,38.67
18.50,42.58
18.50,39.2
18.50,40.32
18.50,39.6
18.50,39.07
18.50,38.6
18.50,40.8
18.50,40.01
18.50,37.77
18.50,42.52
18.50,37.42
18.50,39.18
18.50,39.34
18.51,37.54
18.51,43.14
18.51,40.99
18.51,40.7
18.51,37.45
18.52,37.59
18.52,41.52
18.52,40.09
18.52,39.82
18.52,39.51
18.52,40.41
18.52,39.19
18.52,40.86
18.52,39.07
18.52,36.68
18.53,39.72
18.53,38.87
18.53,38.52
18.53,40.71
18.53,44.05
18.53,40.49
18.53,37.61
18.53,42.18
18.53,42.12
18.54,41.55
18.54,43.74
18.54,40.27
18.54,40.4
18.54,40.15
18.54,38.68
18.54,38.86
18.54,41.67
18.54,39.37
18.54,39.51
18.54,40.64
18.55,40.63
18.55,38.68
18.55,40.42
18.55,38.24
18.55,39.81
18.55,37.72
18.55,39.47
18.55,38.11
18.56,42.82
18.56,41.9
18.56,37.4
18.56,38.55
18.56,37.7
18.56,37.2
18.56,40.95
18.56,42.98
18.56,41.46
18.56,39.12
18.57,40.54
18.57,36.92
18.57,39.09
18.57,40.44
18.57,41.91
18.57,37.3
18.58,43.17
18.58,38.85
18.58,40.24
18.58,42.53
18.59,44.96
18.59,42.36
18.59,41.13
18.59,42.28
18.59,40.08
18.59,42.88
18.59,39.39
18.59,38.38
18.59,39.02
18.59,41.48
18.59,41.06
18.59,40.15
18.59,40.33
18.59,39.82
18.59,40.34
19.00,38.86
19.00,39.26
19.00,37.92
19.00,41.12
19.00,38.54
19.00,39.99
19.00,36.89
19.00,41.02
19.01,38.97
19.01,40.97
19.01,39.82
19.01,39.67
19.01,41.42
19.01,40.74
19.01,40.0
19.01,39.01
19.01,37.74
19.01,37.41
19.01,43.09
19.01,39.82
19.01,43.04
19.02,40.14
19.02,39.11
19.03,41.58
19.03,41.38
19.03,40.03
19.03,40.27
19.03,40.39
19.03,35.93
19.03,42.18
19.03,37.88
19.03,40.27
19.03,41.51
19.03,38.54
19.03,39.68
19.03,37.3
19.03,40.63
19.04,38.17
19.04,44.87
19.04,41.01
19.04,39.32
19.04,40.24
19.04,39.53
19.04,41.86
19.04,38.24
19.05,40.92
19.05,37.24
19.05,37.69
19.05,39.98
19.05,43.35
19.06,38.56
19.06,39.18
19.06,40.05
19.06,39.04
19.06,36.81
19.06,41.21
19.06,39.65
19.07,42.33
19.07,40.53
19.07,37.89
19.07,42.68
19.07,40.45
19.07,41.55
19.07,42.41
19.08,38.56
19.08,46.51
19.08,41.41
19.08,37.53
19.08,40.77
19.08,42.04
19.08,39.18
19.09,42.58
19.09,40.92
19.09,42.7
19.09,36.6
19.09,41.88
19.09,38.96
19.10,39.2
19.10,40.28
19.10,39.13
19.10,37.54
19.10,36.63
19.11,41.77
19.11,45.05
19.11,43.69
19.11,43.23
19.11,38.93
19.11,41.76
19.11,38.58
19.11,42.5
19.11,41.53
19.11,40.28
19.11,44.42
19.12,39.55
19.12,42.79
19.12,41.03
19.12,42.56
19.12,41.82
19.12,42.3
19.12,37.28
19.12,40.87
19.12,42.15
19.13,41.22
19.13,45.14
19.13,44.36
19.13,43.74
19.13,43.07
19.13,40.76
19.14,39.87
19.14,39.39
19.14,43.0
19.14,41.85
19.14,41.54
19.14,37.82
19.14,37.52
19.14,45.29
19.14,39.32
19.14,43.23
19.14,44.5
19.15,35.66
19.15,41.09
19.15,42.25
19.15,38.03
19.15,35.94
19.15,40.28
19.15,41.5
19.16,43.07
19.16,40.62
19.16,40.48
19.16,45.75
19.16,41.6
19.16,41.97
19.17,40.27
19.17,41.84
19.17,40.3
19.17,38.71
19.17,38.88
19.17,43.17
19.17,40.24
19.17,41.23
19.17,40.75
19.17,37.31
19.17,36.72
19.17,43.79
19.17,38.2
19.17,38.45
19.17,40.11
19.18,42.13
19.18,40.68
19.18,44.77
19.18,43.72
19.18,41.47
19.18,41.59
19.18,40.51
19.18,42.42
19.18,39.31
19.19,40.01
19.19,39.74
19.19,41.57
19.19,41.37
19.19,40.84
19.19,42.98
19.19,38.69
19.19,39.13
19.19,39.22
19.19,40.11
19.20,39.79
19.20,42.61
19.20,44.33
19.20,43.27
19.20,41.37
19.20,43.78
19.20,42.74
19.21,42.89
19.21,41.47
19.21,37.13
19.21,40.07
19.21,40.04
19.21,38.55
19.21,41.24
19.21,39.84
19.21,43.6
19.21,38.07
19.21,41.15
19.21,40.42
19.22,39.73
19.22,37.05
19.22,39.61
19.22,43.35
19.22,40.99
19.22,42.37
19.22,37.93
19.23,43.87
19.23,44.46
19.23,40.73
19.23,41.63
19.23,39.09
19.23,40.67
19.23,41.35
19.23,40.45
19.23,41.83
19.23,41.85
19.24,42.79
19.24,41.65
19.24,42.59
19.24,43.6
19.24,39.09
19.24,44.42
19.24,39.82
19.24,39.72
19.25,42.61
19.25,41.94
19.25,44.28
19.25,40.52
19.25,43.28
19.25,43.85
19.25,38.43
19.25,42.51
19.26,37.05
19.26,40.56
19.26,41.37
19.26,42.91
19.26,42.46
19.26,42.76
19.26,47.14
19.26,41.05
19.26,40.13
19.26,40.72
19.27,37.9
19.27,42.1
19.27,41.16
19.27,40.33
19.27,46.34
19.27,41.74
19.27,46.11
19.28,40.75
19.28,41.33
19.28,40.08
19.28,40.98
19.28,43.69
19.28,42.47
19.28,41.83
19.28,41.77
19.28,40.91
19.28,40.39
19.28,38.33
19.29,40.83
19.29,42.35
19.30,39.82
19.30,41.35
19.30,35.91
19.30,42.46
19.30,39.93
19.30,44.13
19.30,40.9
19.30,37.32
19.30,40.81
19.31,42.38
19.31,42.79
19.31,40.25
19.31,39.07
19.31,39.46
19.31,43.01
19.31,40.23
19.31,40.85
19.31,46.3
19.32,40.87
19.32,36.91
19.32,39.65
19.32,38.8
19.32,40.27
19.32,42.92
19.32,40.43
19.33,40.89
19.33,39.34
19.33,42.07
19.33,43.59
19.33,43.43
19.33,36.54
19.33,42.97
19.34,42.64
19.34,38.77
19.34,37.34
19.34,38.68
19.34,41.71
19.34,40.57
19.34,40.99
19.35,38.63
19.35,39.91
19.35,45.02
19.35,38.06
19.35,43.76
19.35,40.79
19.35,39.24
19.35,42.36
19.35,45.08
19.35,42.17
19.36,42.6
19.36,41.1
19.36,42.74
19.36,42.17
19.36,40.18
19.36,43.58
19.36,41.93
19.37,39.42
19.37,39.51
19.37,45.83
19.37,45.24
19.37,42.1
19.37,42.42
19.38,41.67
19.38,41.33
19.38,42.12
19.38,42.39
19.38,41.95
19.38,44.94
19.38,40.94
19.38,43.33
19.39,46.06
19.39,42.75
19.39,34.87
19.39,43.15
19.39,40.22
19.39,40.77
19.39,37.4
19.39,42.2
19.39,42.75
19.39,43.79
19.39,39.56
19.39,39.03
19.39,35.61
19.39,40.68
19.39,40.94
19.40,42.18
19.40,39.65
19.40,40.05
19.40,40.52
19.40,40.21
19.40,40.85
19.41,45.19
19.41,40.57
19.41,40.37
19.41,39.31
19.41,44.65
19.41,42.54
19.41,44.46
19.41,41.03
19.41,43.85
19.41,40.75
19.41,39.24
19.42,41.69
19.42,41.95
19.42,45.1
19.42,40.44
19.42,44.02
19.42,38.05
19.43,40.65
19.43,41.81
19.43,41.22
19.43,41.57
19.43,40.62
19.43,41.68
19.43,43.59
19.43,40.85
19.43,37.98
19.44,40.52
19.44,40.31
19.44,43.53
19.44,43.95
19.44,42.94
19.44,40.98
19.44,41.1
19.44,43.81
19.44,42.54
19.44,44.13
19.44,46.74
19.44,42.51
19.45,45.04
19.45,42.52
19.45,45.33
19.45,43.37
19.45,42.22
19.45,44.04
19.45,38.72
19.46,38.87
19.46,38.14
19.46,44.57
19.46,42.14
19.46,41.38
19.47,41.1
19.47,44.41
19.47,45.68
19.47,42.81
19.47,40.58
19.47,42.02
19.47,40.26
19.47,40.17
19.47,42.44
19.48,43.65
19.48,40.56
19.48,40.18
19.48,43.23
19.48,37.66
19.48,39.61
19.48,44.7
19.48,39.07
19.49,41.13
19.49,44.24
19.49,40.43
19.49,39.11
19.49,42.15
19.49,42.25
19.49,40.85
19.49,41.71
19.49,42.2
19.49,46.63
19.50,40.11
19.50,42.97
19.50,39.94
19.50,40.69
19.50,39.94
19.50,41.11
19.50,39.46
19.51,42.13
19.51,46.1
19.51,36.85
19.51,44.79
19.51,44.97
19.51,40.25
19.51,35.24
19.51,44.19
19.51,43.91
19.51,43.56
19.51,41.17
19.51,39.98
19.51,42.12
19.51,38.31
19.52,40.62
19.52,40.0
19.52,42.89
19.52,43.73
19.52,41.09
19.52,41.13
19.52,43.47
19.53,42.28
19.53,41.16
19.53,43.27
19.53,39.74
19.54,41.16
19.54,40.36
19.54,41.91
19.54,40.38
19.54,44.0
19.54,43.71
19.54,39.27
19.54,41.13
19.55,40.08
19.55,40.16
19.55,39.68
19.55,41.01
19.55,42.29
19.55,38.68
19.55,40.97
19.55,41.57
19.55,44.67
19.55,43.94
19.55,38.04
19.55,47.31
19.56,39.94
19.56,43.62
19.56,41.2
19.56,40.66
19.56,40.83
19.56,41.01
19.56,41.13
19.56,40.48
19.56,43.19
19.56,43.54
19.57,41.42
19.57,41.6
19.57,44.39
19.57,42.75
19.57,40.55
19.57,37.72
19.57,42.35
19.57,43.54
19.58,45.78
19.58,43.37
19.58,41.21
19.58,43.13
19.58,42.8
19.58,41.56
19.58,41.82
19.59,45.9
19.59,44.62
19.59,39.71
20.00,43.44
20.00,41.15
20.00,37.37
20.00,40.32
20.00,42.92
20.00,42.77
20.00,40.94
20.00,42.8
20.01,42.03
20.01,40.65
20.01,41.67
20.01,44.29
20.01,44.32
20.01,42.42
20.01,44.37
20.01,41.36
20.01,40.55
20.01,41.7
20.02,44.69
20.02,39.54
20.02,42.97
20.02,42.6
20.02,38.7
20.02,40.99
20.02,42.38
20.02,42.62
20.02,38.59
20.02,40.84
20.02,40.75
20.02,43.43
20.02,39.34
20.03,46.11
20.03,41.6
20.03,43.9
20.03,43.66
20.03,42.61
20.04,43.09
20.04,43.35
20.04,40.62
20.04,45.16
20.04,42.96
20.04,43.27
20.05,39.96
20.05,43.64
20.05,40.57
20.05,38.71
20.05,37.41
20.06,42.37
20.06,41.0
20.06,42.36
20.06,41.54
20.06,43.52
20.06,41.11
20.07,41.19
20.07,46.95
20.07,43.15
20.07,42.66
20.07,41.89
20.07,39.08
20.07,42.19
20.08,36.5
20.08,43.15
20.08,41.44
20.08,43.07
20.08,44.74
20.08,42.6
20.08,41.39
20.08,43.68
20.08,42.67
20.08,40.68
20.09,43.84
20.09,42.58
20.09,41.49
20.09,43.78
20.09,36.9
20.10,40.88
20.10,41.42
20.10,41.96
20.10,42.67
20.10,41.08
20.11,40.82
20.11,40.85
20.11,43.99
20.11,42.02
20.11,41.25
20.11,39.86
20.11,43.28
20.11,39.77
20.12,44.29
20.12,42.1
20.12,42.25
20.12,40.26
20.12,45.01
20.12,44.86
20.12,42.9
20.12,41.72
20.12,40.18
20.13,45.99
20.13,42.75
20.13,42.54
20.13,43.84
20.13,41.24
20.13,38.88
20.13,38.46
20.13,42.67
20.13,39.17
20.14,40.43
20.14,44.35
20.14,43.41
20.14,40.71
20.14,47.79
20.14,43.53
20.14,39.97
20.14,42.62
20.14,47.56
20.14,45.27
20.14,44.31
20.14,40.99
20.14,47.96
20.14,43.32
20.15,43.51
20.15,38.8
20.15,40.71
20.15,40.17
20.15,43.72
20.15,42.98
20.15,46.94
20.15,39.52
20.16,44.5
20.16,39.67
20.16,40.43
20.16,41.28
20.16,44.36
20.16,40.58
20.16,44.15
20.17,42.52
20.17,41.67
20.17,42.93
20.17,44.64
20.17,43.32
20.17,40.2
20.18,39.94
20.18,44.92
20.18,38.62
20.18,44.99
20.18,44.29
20.18,44.17
20.18,38.35
20.18,40.82
20.18,43.1
20.18,43.66
20.18,42.86
20.18,41.01
20.19,43.04
20.19,44.12
20.19,45.56
20.19,40.23
20.19,46.48
20.19,42.94
20.19,44.37
20.19,43.35
20.19,39.48
20.19,42.21
20.19,40.89
20.19,42.09
20.20,39.39
20.20,43.44
20.20,44.71
20.20,43.38
20.20,41.01
20.20,42.51
20.20,42.76
20.20,41.63
20.20,39.66
20.20,41.88
20.20,40.88
20.21,41.14
20.21,43.21
20.21,45.42
20.21,38.3
20.21,41.06
20.21,41.51
20.21,42.56
20.21,41.55
20.21,43.74
20.21,43.11
20.21,44.67
20.21,44.56
20.21,40.44
20.21,44.35
20.21,43.09
20.21,40.69
20.22,42.88
20.22,45.03
20.22,41.35
20.22,43.83
20.22,42.16
20.22,44.87
20.23,42.7
20.23,41.98
20.23,38.32
20.23,42.25
20.23,44.94
20.23,44.24
20.23,43.54
20.23,42.14
20.23,42.48
20.23,42.42
20.23,46.55
20.24,41.46
20.24,43.68
20.24,42.01
20.24,41.31
20.24,43.67
20.24,44.28
20.24,44.64
20.24,42.01
20.25,43.56
20.25,42.56
20.25,41.26
20.25,44.73
20.25,46.59
20.25,40.78
20.25,44.02
20.25,41.4
20.26,43.75
20.26,40.65
20.26,43.5
20.26,44.85
20.26,41.62
20.27,40.24
20.27,44.69
20.27,43.97
20.27,42.76
20.27,44.84
20.27,40.88
20.27,40.03
20.27,42.95
20.27,42.35
20.27,42.38
20.27,41.34
20.27,40.09
20.28,42.88
20.28,43.6
20.28,42.94
20.28,39.57
20.28,45.49
20.28,42.6
20.28,37.09
20.28,45.42
20.28,45.05
20.28,42.07
20.28,41.4
20.28,39.32
20.28,41.77
20.28,44.21
20.29,41.23
20.29,42.5
20.29,42.85
20.29,44.73
20.29,42.04
20.29,45.84
20.29,42.27
20.29,40.51
20.29,40.14
20.30,43.79
20.30,41.18
20.30,42.59
20.30,39.23
20.30,42.18
20.30,43.51
20.30,43.76
20.31,42.58
20.31,42.71
20.31,44.25
20.31,45.82
20.31,39.91
20.31,41.19
20.31,40.48
20.31,41.33
20.32,42.94
20.32,44.2
20.32,42.35
20.32,43.46
20.32,44.61
20.32,40.41
20.32,42.15
20.32,44.3
20.32,43.12
20.32,41.64
20.33,43.54
20.33,46.3
20.33,39.22
20.33,38.94
20.33,37.81
20.33,43.74
20.34,44.37
20.34,41.53
20.34,46.76
20.34,43.72
20.34,41.73
20.34,41.96
20.34,45.18
20.35,44.16
20.35,45.44
20.35,47.77
20.35,41.93
20.35,40.19
20.35,44.27
20.35,43.2
20.35,41.48
20.36,44.06
20.36,44.04
20.36,43.33
20.36,42.81
20.36,46.57
20.36,44.91
20.37,47.37
20.37,44.77
20.37,40.54
20.37,42.37
20.37,45.76
20.37,42.53
20.37,42.81
20.37,45.44
20.38,47.41
20.38,44.47
20.38,43.62
20.38,44.47
20.38,39.74
20.38,41.22
20.38,44.6
20.38,40.92
20.38,42.12
20.39,41.15
20.39,47.31
20.39,43.58
20.39,40.83
20.39,40.35
20.39,43.09
20.39,41.72
20.39,42.11
20.40,43.48
20.40,45.69
20.40,42.9
20.40,44.99
20.40,42.25
20.40,41.67
20.40,43.0
20.40,41.21
20.41,43.89
20.41,41.06
20.41,45.17
20.41,42.67
20.41,45.25
20.42,43.66
20.42,44.56
20.42,45.28
20.42,42.71
20.42,45.36
20.42,43.83
20.42,41.34
20.42,47.11
20.42,45.25
20.42,44.82
20.42,45.09
20.43,43.83
20.43,41.8
20.43,43.32
20.43,49.27
20.43,43.12
20.43,44.94
20.44,43.29
20.44,42.96
20.44,44.25
20.44,43.72
20.44,41.06
20.44,44.8
20.44,45.48
20.44,43.09
20.44,41.79
20.44,45.28
20.45,44.97
20.45,43.16
20.45,46.88
20.45,44.75
20.45,42.26
20.46,44.32
20.46,44.78
20.46,43.39
20.46,46.09
20.46,43.57
20.46,45.74
20.46,40.4
20.46,45.46
20.47,42.92
20.47,44.44
20.47,39.58
20.47,43.16
20.47,42.88
20.48,42.81
20.48,41.82
20.48,45.48
20.48,44.71
20.48,43.67
20.48,44.64
20.48,41.34
20.48,41.01
20.48,45.7
20.48,40.15
20.48,46.55
20.48,44.75
20.48,45.23
20.49,44.82
20.49,41.76
20.49,45.14
20.49,41.73
20.49,47.35
20.49,44.79
20.49,43.51
20.49,44.46
20.49,43.71
20.49,44.38
20.49,40.93
20.49,43.29
20.49,44.07
20.49,45.02
20.49,41.2
20.49,43.22
20.50,42.74
20.50,44.29
20.50,43.06
20.50,42.26
20.50,43.2
20.50,43.1
20.50,44.45
20.50,43.63
20.50,46.02
20.50,42.88
20.50,44.04
20.50,44.82
20.50,39.96
20.50,44.71
20.50,44.79
20.50,44.64
20.51,44.08
20.51,44.79
20.51,43.84
20.51,40.28
20.51,43.38
20.51,43.45
20.52,43.07
20.52,42.45
20.52,44.52
20.52,43.79
20.52,46.25
20.52,46.9
20.52,43.14
20.52,45.47
20.52,40.94
20.53,43.47
20.53,44.97
20.53,41.39
20.53,43.87
20.53,42.05
20.53,47.71
20.53,43.62
20.53,44.27
20.53,42.11
20.53,40.21
20.53,45.15
20.54,43.06
20.54,44.36
20.54,44.43
20.54,42.85
20.54,44.66
20.54,46.71
20.54,41.7
20.54,43.99
20.54,44.63
20.54,45.72
20.55,45.22
20.55,41.93
20.55,45.97
20.55,44.65
20.55,42.99
20.55,42.92
20.55,45.62
20.55,44.09
20.55,42.4
20.55,43.25
20.55,41.71
20.55,41.68
20.55,45.02
20.56,45.18
20.56,48.23
20.56,41.38
20.56,46.52
20.56,44.76
20.56,40.33
20.57,38.31
20.57,47.09
20.57,39.7
20.57,43.91
20.57,43.46
20.57,41.01
20.57,47.2
20.57,45.45
20.57,42.49
20.57,43.24
20.58,44.29
20.58,48.61
20.58,42.16
20.58,46.4
20.58,46.73
20.58,40.3
20.58,46.26
20.58,41.62
20.59,41.02
20.59,44.28
20.59,43.81
20.59,44.28
20.59,45.96
21.00,43.84
21.00,44.17
21.00,48.41
21.00,44.13
21.00,42.83
21.00,41.61
21.00,47.48
21.00,45.57
21.00,46.09
21.00,46.0
21.00,42.76
21.00,47.02
21.00,40.7
21.01,44.63
21.01,43.23
21.01,45.96
21.01,43.1
21.01,47.77
21.01,44.87
21.01,43.31
21.01,43.38
21.02,44.87
21.02,42.0
21.02,44.44
21.02,45.51
21.02,42.61
21.02,47.54
21.03,41.41
21.03,42.49
21.03,42.07
21.03,43.15
21.03,45.61
21.03,43.38
21.04,45.28
21.04,43.89
21.04,44.01
21.04,40.58
21.04,44.26
21.04,47.16
21.04,41.44
21.04,46.57
21.04,46.97
21.05,44.35
21.05,43.02
21.05,46.43
21.05,45.66
21.05,47.53
21.05,45.2
21.05,43.53
21.06,46.31
21.06,44.86
21.06,40.94
21.06,44.58
21.06,46.18
21.06,44.49
21.06,43.88
21.06,44.48
21.07,41.99
21.07,44.84
21.07,45.49
21.07,48.72
21.07,45.39
21.07,41.4
21.07,41.83
21.08,43.21
21.08,43.36
21.08,45.85
21.08,46.23
21.08,42.7
21.08,40.92
21.08,43.0
21.09,41.62
21.09,45.95
21.09,47.02
21.09,42.13
21.10,45.42
21.10,43.71
21.10,42.7
21.10,46.41
21.10,44.86
21.10,44.93
21.10,43.61
21.10,46.21
21.10,45.31
21.11,44.59
21.11,45.77
21.11,41.8
21.11,43.55
21.11,44.8
21.11,42.61
21.11,47.5
21.11,45.52
21.11,42.81
21.11,45.34
21.11,45.11
21.12,41.16
21.12,45.41
21.12,43.59
21.12,44.39
21.12,42.16
21.12,43.98
21.13,47.79
21.13,44.46
21.13,45.61
21.13,42.7
21.13,45.76
21.13,43.61
21.13,45.73
21.13,43.21
21.13,46.77
21.14,43.85
21.14,45.13
21.14,46.04
21.14,43.03
21.14,44.63
21.14,42.78
21.14,41.31
21.14,44.99
21.14,41.6
21.14,45.31
21.14,44.86
21.15,43.21
21.15,41.44
21.15,48.34
21.15,47.14
21.15,44.78
21.15,44.73
21.15,44.72
21.15,46.84
21.16,41.74
21.16,45.23
21.16,45.3
21.16,47.89
21.16,46.42
21.17,39.92
21.17,45.0
21.17,44.89
21.17,44.71
21.17,44.85
21.17,46.84
21.17,44.21
21.18,45.94
21.18,46.76
21.18,43.15
21.18,44.37
21.18,48.25
21.19,45.88
21.19,42.25
21.19,43.19
21.19,47.73
21.19,44.77
21.19,46.42
21.19,41.38
21.19,45.54
21.19,43.35
21.19,44.3
21.20,42.97
21.20,42.64
21.20,40.86
21.20,43.48
21.20,44.83
21.20,45.62
21.20,44.71
21.21,40.59
21.21,42.42
21.21,44.97
21.21,45.85
21.21,47.03
21.21,40.74
21.21,44.23
21.22,42.88
21.22,43.32
21.22,43.76
21.22,45.82
21.22,48.67
21.22,44.51
21.22,42.42
21.23,43.64
21.23,42.57
21.23,44.83
21.23,43.54
21.23,38.84
21.23,44.99
21.23,43.82
21.23,42.91
21.24,45.88
21.24,45.78
21.24,45.17
21.24,44.22
21.24,45.85
21.24,42.88
21.25,44.84
21.25,44.2
21.25,45.4
21.25,46.7
21.25,40.36
21.25,44.19
21.25,44.41
21.25,50.29
21.26,45.26
21.26,45.96
21.26,44.32
21.26,46.18
21.26,41.03
21.26,44.22
21.26,46.07
21.26,44.5
21.27,42.03
21.27,47.51
21.27,45.57
21.27,46.21
21.27,46.92
21.27,45.66
21.27,43.81
21.27,43.06
21.27,48.46
21.27,44.38
21.27,46.36
21.28,46.52
21.28,47.23
21.28,44.86
21.28,48.13
21.28,43.32
21.28,45.27
21.28,43.15
21.28,41.52
21.29,44.84
21.29,45.81
21.29,40.58
21.29,43.81
21.29,45.8
21.29,44.74
21.29,45.19
21.30,46.83
21.30,46.72
21.30,44.41
21.30,43.73
21.30,46.0
21.30,42.72
21.30,42.48
21.30,41.77
21.30,47.45
21.31,42.67
21.31,43.58
21.31,46.11
21.31,45.07
21.31,45.55
21.31,43.66
21.31,49.4
21.31,44.65
21.31,46.44
21.31,43.12
21.32,45.25
21.32,43.96
21.32,46.99
21.32,45.97
21.32,46.6
21.32,45.93
21.32,46.04
21.32,42.86
21.32,45.48
21.33,42.25
21.33,43.24
21.33,46.06
21.33,49.14
21.33,42.45
21.33,46.73
21.33,43.12
21.33,42.4
21.34,46.38
21.34,45.74
21.34,42.36
21.34,44.63
21.34,42.17
21.34,43.06
21.34,44.58
21.34,44.2
21.34,46.15
21.35,46.56
21.35,43.67
21.35,45.42
21.35,43.22
21.35,42.39
21.35,39.82
21.35,47.92
21.35,44.74
21.36,43.9
21.36,46.11
21.36,44.24
21.36,45.39
21.36,45.89
21.36,41.41
21.36,43.85
21.36,44.83
21.36,47.93
21.36,47.62
21.37,47.01
21.37,42.04
21.37,43.4
21.37,44.1
21.37,42.15
21.37,46.41
21.37,48.4
21.38,44.91
21.38,41.18
21.38,44.53
21.38,44.36
21.38,44.03
21.38,44.38
21.38,47.62
21.38,45.06
21.38,41.9
21.38,42.24
21.38,49.02
21.38,43.26
21.38,43.22
21.39,47.36
21.39,45.03
21.39,46.85
21.39,50.04
21.39,41.12
21.39,42.71
21.39,45.71
21.40,43.66
21.40,43.44
21.40,42.95
21.40,46.16
21.40,45.75
21.40,41.45
21.40,41.72
21.40,44.1
21.40,46.91
21.40,45.19
21.40,46.12
21.40,40.69
21.40,43.75
21.41,44.62
21.41,45.78
21.41,44.75
21.41,48.51
21.41,44.51
21.41,43.83
21.41,46.43
21.42,45.59
21.42,46.05
21.42,43.34
21.42,43.17
21.42,45.85
21.42,47.88
21.42,42.89
21.42,46.05
21.42,46.99
21.43,45.3
21.43,43.88
21.43,43.83
21.44,46.2
21.44,45.43
21.44,43.81
21.44,44.37
21.44,46.9
21.44,47.14
21.44,42.09
21.45,44.48
21.45,43.34
21.45,44.31
21.45,43.39
21.45,45.06
21.45,44.01
21.45,47.28
21.45,46.82
21.46,47.32
21.46,44.84
21.46,44.31
21.46,44.8
21.46,41.64
21.46,44.55
21.46,46.82
21.47,48.09
21.47,43.56
21.47,47.95
21.47,46.27
21.47,49.63
21.47,47.4
21.47,45.6
21.47,42.68
21.47,44.01
21.48,46.97
21.48,48.49
21.48,41.1
21.48,43.2
21.48,42.67
21.48,46.28
21.48,44.56
21.48,43.88
21.48,43.82
21.49,45.14
21.49,46.19
21.49,45.16
21.49,42.97
21.49,45.95
21.49,42.51
21.49,46.36
21.49,46.13
21.49,44.59
21.49,45.37
21.49,45.9
21.50,47.35
21.50,41.86
21.50,41.92
21.50,42.89
21.50,44.81
21.50,43.89
21.50,46.65
21.50,48.3
21.50,43.96
21.50,44.64
21.51,44.24
21.51,41.49
21.51,46.47
21.51,48.02
21.51,46.2
21.51,43.7
21.52,48.48
21.52,47.43
21.52,46.92
21.53,50.06
21.53,50.54
21.53,47.11
21.53,46.3
21.53,45.84
21.53,45.13
21.53,48.42
21.53,46.72
21.53,43.37
21.53,45.36
21.53,45.45
21.53,43.99
21.53,45.37
21.53,45.31
21.54,46.35
21.54,45.11
21.54,43.7
21.54,42.01
21.54,45.75
21.54,45.25
21.54,47.31
21.54,43.99
21.54,46.06
21.54,46.34
21.54,46.87
21.54,44.17
21.55,46.35
21.55,44.11
21.55,47.95
21.55,44.93
21.55,46.49
21.55,47.23
21.55,47.11
21.55,50.17
21.55,43.29
21.55,47.56
21.56,46.51
21.56,45.36
21.56,44.89
21.56,47.82
21.56,46.22
21.56,45.37
21.56,46.05
21.56,43.88
21.57,48.07
21.57,46.17
21.57,44.64
21.57,44.53
21.58,45.94
21.58,46.51
21.58,43.5
21.58,47.11
21.58,46.21
21.58,44.38
21.59,46.51
21.59,42.27
21.59,45.75
21.59,46.99
21.59,46.29
22.00,43.77
22.00,49.59
22.00,44.81
22.00,46.73
22.00,44.33
22.00,45.06
22.00,44.35
22.01,46.71
22.01,40.12
22.01,47.31
22.01,44.21
22.01,43.73
22.01,44.36
22.01,47.14
22.02,48.88
22.02,45.62
22.02,47.05
22.02,46.77
22.02,44.22
22.02,45.93
22.02,47.4
22.02,45.63
22.02,45.87
22.02,44.32
22.02,44.99
22.03,48.32
22.03,45.94
22.03,45.0
22.03,44.97
22.03,43.34
22.03,45.23
22.04,47.81
22.04,45.07
22.04,47.12
22.04,48.23
22.04,49.51
22.04,45.43
22.04,47.4
22.04,45.27
22.04,45.44
22.05,42.13
22.05,45.24
22.05,48.77
22.05,45.37
22.05,45.48
22.05,44.72
22.06,45.62
22.06,48.73
22.06,46.43
22.06,49.03
22.06,46.13
22.06,45.4
22.06,45.03
22.06,47.82
22.07,45.6
22.07,50.31
22.07,48.26
22.07,47.25
22.07,47.72
22.07,44.77
22.08,48.45
22.08,49.43
22.08,43.98
22.08,45.4
22.08,45.5
22.08,47.2
22.08,47.09
22.08,47.65
22.08,45.76
22.08,45.23
22.08,43.5
22.08,45.84
22.08,43.73
22.08,44.56
22.08,46.39
22.08,42.98
22.09,43.91
22.09,46.04
22.09,47.51
22.09,47.91
22.09,48.41
22.10,43.58
22.10,49.29
22.10,48.51
22.10,43.7
22.10,45.78
22.10,43.58
22.10,48.28
22.10,45.22
22.10,45.1
22.10,45.76
22.10,46.01
22.10,49.21
22.10,45.86
22.10,42.03
22.11,48.67
22.11,43.83
22.11,42.12
22.11,48.96
22.11,46.51
22.11,43.53
22.11,45.67
22.11,43.81
22.12,46.15
22.12,43.83
22.12,48.0
22.12,44.24
22.12,46.94
22.12,44.05
22.12,45.36
22.12,45.03
22.12,50.33
22.12,44.32
22.12,45.74
22.12,43.81
22.13,46.13
22.13,44.5
22.13,49.23
22.13,47.6
22.13,46.53
22.13,48.5
22.13,46.25
22.14,46.89
22.14,45.6
22.14,46.39
22.14,46.64
22.14,46.24
22.15,47.88
22.15,47.66
22.15,45.47
22.15,44.76
22.15,44.81
22.15,42.37
22.15,44.45
22.15,46.12
22.15,43.96
22.16,47.31
22.16,45.36
22.16,45.72
22.16,47.28
22.16,49.07
22.16,45.07
22.16,44.31
22.16,45.33
22.17,46.13
22.17,45.68
22.17,45.24
22.17,45.21
22.17,44.89
22.17,44.66
22.18,42.35
22.18,44.05
22.18,42.26
22.18,42.02
22.18,43.92
22.18,44.28
22.18,46.36
22.18,49.24
22.18,42.18
22.18,48.55
22.18,46.95
22.18,48.26
22.18,48.16
22.18,45.44
22.19,46.28
22.19,49.05
22.19,47.37
22.19,45.58
22.19,46.99
22.19,47.43
22.20,50.02
22.20,46.79
22.20,50.18
22.20,44.22
22.20,43.68
22.20,45.36
22.21,46.59
22.21,47.59
22.21,46.24
22.21,44.94
22.21,45.69
22.22,47.7
22.22,42.66
22.22,44.55
22.22,48.63
22.22,46.03
22.22,44.76
22.22,44.96
22.22,48.04
22.22,45.86
22.22,48.69
22.22,41.56
22.23,47.65
22.23,50.92
22.23,44.84
22.23,43.27
22.23,48.56
22.23,48.15
22.24,47.25
22.24,48.03
22.24,47.06
22.24,45.04
22.24,45.46
22.24,44.56
22.25,47.4
22.25,45.45
22.25,47.48
22.25,45.29
22.25,43.11
22.25,46.63
22.25,41.92
22.25,45.6
22.26,44.39
22.26,42.94
22.26,45.95
22.26,48.54
22.26,47.17
22.26,51.79
22.26,51.12
22.26,48.22
22.26,48.19
22.26,47.13
22.26,47.23
22.27,46.69
22.27,48.16
22.27,50.76
22.27,43.33
22.28,48.76
22.28,45.19
22.28,47.74
22.28,45.13
22.28,44.24
22.29,45.44
22.29,47.68
22.29,43.26
22.29,48.37
22.29,47.5
22.29,48.06
22.29,48.19
22.29,41.97
22.29,45.0
22.29,48.8
22.29,45.78
22.29,48.31
22.29,46.53
22.30,43.21
22.30,50.08
22.30,50.88
22.30,45.04
22.30,47.75
22.30,44.24
22.30,48.71
22.31,47.36
22.31,44.05
22.31,47.96
22.31,44.95
22.31,45.9
22.31,46.07
22.31,45.27
22.31,46.59
22.32,50.11
22.32,47.67
22.32,47.97
22.32,43.59
22.32,47.5
22.32,46.39
22.33,44.33
22.33,45.12
22.33,48.27
22.33,46.87
22.33,44.18
22.33,49.17
22.33,49.31
22.33,45.37
22.33,45.76
22.33,41.4
22.33,46.69
22.34,47.2
22.34,47.77
22.34,47.19
22.34,46.25
22.34,49.61
22.34,45.73
22.34,47.83
22.34,48.09
22.34,44.9
22.34,45.85
22.34,47.62
22.35,46.11
22.35,48.05
22.35,46.34
22.35,47.71
22.35,47.59
22.35,46.15
22.35,48.42
22.35,52.1
22.35,45.68
22.35,45.38
22.35,46.22
22.35,45.31
22.36,44.51
22.36,46.14
22.36,46.87
22.36,48.84
22.36,48.21
22.36,50.55
22.36,47.79
22.36,44.73
22.36,47.63
22.36,47.07
22.36,43.39
22.36,46.93
22.37,51.48
22.37,47.71
22.37,48.64
22.37,47.01
22.37,47.0
22.37,46.0
22.37,46.31
22.37,46.99
22.38,44.93
22.38,46.12
22.38,46.83
22.38,49.95
22.38,46.38
22.39,48.96
22.39,46.78
22.39,44.72
22.39,47.84
22.39,44.65
22.39,50.12
22.39,47.67
22.39,41.1
22.40,45.21
22.40,51.24
22.40,47.94
22.41,46.96
22.41,43.98
22.41,44.0
22.41,46.43
22.41,45.15
22.41,48.74
22.41,45.43
22.41,47.03
22.41,47.21
22.41,44.99
22.42,45.46
22.42,48.28
22.42,45.81
22.42,43.42
22.42,48.64
22.42,45.96
22.43,42.77
22.43,41.35
22.43,47.64
22.43,45.99
22.43,45.29
22.43,43.83
22.43,49.6
22.43,47.37
22.43,47.92
22.43,47.7
22.43,48.49
22.43,46.01
22.43,46.69
22.44,45.61
22.44,46.64
22.44,46.99
22.44,46.91
22.44,47.55
22.44,44.65
22.44,48.13
22.44,44.68
22.44,48.58
22.44,44.57
22.44,49.51
22.44,46.1
22.44,47.56
22.45,48.46
22.45,46.07
22.45,46.9
22.45,47.02
22.45,42.71
22.45,48.72
22.45,45.51
22.45,47.23
22.45,45.61
22.45,45.89
22.46,46.93
22.46,48.38
22.46,46.76
22.46,48.81
22.46,49.06
22.47,45.81
22.47,47.79
22.47,42.28
22.47,49.01
22.47,46.72
22.47,49.23
22.47,48.15
22.47,45.51
22.47,46.01
22.47,47.55
22.48,43.02
22.48,48.35
22.48,47.66
22.48,48.06
22.48,50.38
22.48,48.49
22.48,47.64
22.48,46.24
22.48,47.93
22.48,46.05
22.48,47.48
22.49,46.07
22.49,46.04
22.49,48.65
22.49,47.66
22.49,48.15
22.49,46.5
22.49,46.55
22.49,51.37
22.49,50.72
22.50,45.26
22.50,46.99
22.50,48.71
22.50,44.05
22.50,47.93
22.50,50.17
22.51,44.68
22.51,47.77
22.51,44.53
22.51,45.73
22.51,48.52
22.51,46.73
22.51,44.91
22.51,45.8
22.51,48.33
22.52,48.2
22.52,53.11
22.52,48.28
22.52,47.79
22.52,46.86
22.53,46.52
22.53,48.09
22.53,43.17
22.53,43.91
22.53,47.43
22.54,46.69
22.54,46.3
22.54,48.11
22.54,48.68
22.54,49.97
22.54,43.6
22.54,49.15
22.54,45.24
22.54,47.64
22.54,45.41
22.54,47.58
22.54,42.74
22.54,48.38
22.55,49.07
22.55,48.74
22.55,49.13
22.55,46.8
22.56,48.12
22.56,53.49
22.56,48.42
22.56,47.5
22.56,48.7
22.56,46.79
22.56,47.38
22.56,46.29
22.56,46.15
22.56,45.7
22.56,46.41
22.57,45.52
22.57,44.97
22.57,45.84
22.57,47.81
22.57,50.68
22.57,46.57
22.57,48.71
22.57,49.28
22.57,47.15
22.57,46.93
22.57,51.07
22.58,47.93
22.58,48.7
22.58,47.6
22.58,48.19
22.58,43.62
22.58,45.71
22.58,42.62
22.58,47.38
22.58,47.77
22.59,48.28
22.59,47.78
22.59,45.58
22.59,49.04
22.59,49.99
22.59,45.09
23.00,45.06
23.00,45.38
23.00,48.62
23.00,46.41
23.00,46.71
23.00,47.58
23.00,49.08
23.00,46.51
23.00,48.42
23.00,48.9
23.00,47.73
23.01,48.03
23.01,46.23
23.01,45.02
23.01,48.72
23.01,46.35
23.01,51.03
23.01,47.16
23.01,46.2
23.01,42.68
23.02,46.82
23.02,47.05
23.02,46.13
23.02,48.38
23.02,43.79
23.02,44.39
23.02,45.12
23.02,44.87
23.02,49.17
23.02,45.84
23.03,43.74
23.03,49.64
23.03,49.73
23.03,50.22
23.03,44.48
23.03,43.76
23.04,46.21
23.04,46.39
23.04,48.23
23.04,50.32
23.04,48.7
23.04,47.34
23.04,52.84
23.05,45.72
23.05,49.25
23.05,49.53
23.05,48.05
23.05,46.94
23.05,46.41
23.05,46.98
23.05,45.16
23.05,48.09
23.06,48.21
23.06,46.48
23.06,48.6
23.06,50.0
23.07,46.14
23.07,51.14
23.07,47.8
23.07,50.46
23.07,50.86
23.07,49.06
23.07,45.06
23.07,46.57
23.07,45.51
23.07,49.01
23.07,46.28
23.08,44.94
23.08,46.7
23.08,46.83
23.08,46.73
23.08,44.62
23.08,49.63
23.09,48.17
23.09,46.02
23.09,46.38
23.09,49.27
23.09,47.04
23.09,46.46
23.10,49.28
23.10,49.05
23.10,52.53
23.11,48.06
23.11,46.86
23.11,51.07
23.11,45.79
23.11,50.73
23.11,47.84
23.12,50.0
23.12,46.83
23.12,48.79
23.12,50.67
23.12,47.78
23.12,48.83
23.12,49.25
23.12,49.54
23.12,45.95
23.13,47.93
23.13,46.18
23.13,47.46
23.13,44.79
23.13,45.17
23.13,48.62
23.13,47.46
23.14,46.7
23.14,50.64
23.14,47.82
23.14,48.34
23.14,47.36
23.14,46.07
23.14,52.19
23.14,50.63
23.14,45.09
23.14,46.6
23.15,47.3
23.15,47.67
23.15,48.41
23.15,44.29
23.15,46.51
23.15,48.38
23.15,51.47
23.15,52.11
23.15,48.04
23.15,50.46
23.15,47.52
23.15,45.57
23.15,50.35
23.15,48.67
23.16,47.41
23.16,47.01
23.16,48.74
23.16,43.63
23.16,54.47
23.16,46.15
23.17,48.94
23.17,46.82
23.17,48.14
23.17,51.32
23.17,47.71
23.17,48.34
23.17,48.15
23.17,47.53
23.18,47.13
23.18,48.56
23.18,45.46
23.18,45.55
23.18,44.5
23.19,44.36
23.19,48.42
23.19,47.12
23.19,48.45
23.19,47.71
23.19,46.76
23.19,49.1
23.19,50.21
23.19,46.35
23.19,47.98
23.19,51.62
23.20,46.64
23.20,49.69
23.21,48.8
23.21,48.27
23.21,46.15
23.21,46.5
23.21,47.52
23.21,48.84
23.22,48.67
23.22,51.2
23.22,48.66
23.22,46.95
23.22,48.98
23.22,48.6
23.23,49.16
23.23,48.94
23.23,47.5
23.23,50.19
23.23,45.62
23.23,49.06
23.23,50.47
23.23,44.92
23.23,48.73
23.24,49.79
23.24,50.57
23.24,48.56
23.24,48.8
23.24,50.57
23.25,50.76
23.25,46.94
23.25,47.44
23.25,49.58
23.25,47.26
23.25,48.24
23.25,47.19
23.25,53.04
23.26,47.79
23.26,52.51
23.26,44.92
23.26,45.3
23.26,50.15
23.26,48.14
23.26,48.17
23.26,46.84
23.26,50.68
23.27,49.01
23.27,46.2
23.27,49.86
23.27,49.44
23.27,48.06
23.27,47.09
23.27,51.57
23.28,52.18
23.28,48.88
23.28,48.12
23.28,48.41
23.28,49.58
23.28,46.62
23.28,47.21
23.28,48.01
23.28,46.39
23.28,50.38
23.29,45.92
23.29,46.06
23.29,48.24
23.29,49.23
23.29,50.04
23.29,50.94
23.30,49.88
23.30,50.01
23.30,49.1
23.30,45.43
23.30,47.65
23.30,49.61
23.31,49.88
23.31,51.13
23.31,47.54
23.31,49.55
23.31,48.08
23.31,50.4
23.31,46.28
23.31,47.97
23.32,48.75
23.32,48.2
23.32,48.29
23.32,49.42
23.32,50.74
23.32,47.39
23.32,49.73
23.32,45.54
23.32,49.87
23.32,48.47
23.32,49.03
23.32,51.82
23.32,51.43
23.32,49.66
23.33,48.75
23.33,50.69
23.33,49.49
23.33,50.88
23.33,45.94
23.33,47.53
23.33,53.24
23.33,48.67
23.33,49.42
23.33,48.91
23.34,46.66
23.34,48.77
23.34,49.43
23.34,46.54
23.34,46.93
23.34,48.59
23.35,43.99
23.35,49.12
23.35,47.41
23.35,47.14
23.35,51.75
23.35,44.54
23.35,47.23
23.35,53.01
23.36,50.0
23.36,51.54
23.36,47.41
23.36,50.61
23.36,48.72
23.36,49.85
23.37,49.31
23.37,49.51
23.37,47.1
23.37,47.68
23.37,49.97
23.37,49.02
23.37,48.39
23.37,46.16
23.38,48.37
23.38,47.77
23.38,50.08
23.38,51.27
23.38,49.07
23.38,49.73
23.38,45.78
23.38,50.45
23.39,47.06
23.39,50.15
23.39,49.18
23.39,50.72
23.39,52.38
23.39,50.97
23.39,48.1
23.39,49.68
23.39,48.1
23.39,45.64
23.40,48.85
23.40,47.47
23.40,49.25
23.40,50.81
23.40,49.19
23.40,45.46
23.40,51.24
23.40,46.98
23.40,47.82
23.41,49.34
23.41,48.61
23.41,48.55
23.41,48.94
23.41,53.5
23.41,46.75
23.41,47.68
23.41,49.94
23.41,51.32
23.42,47.87
23.42,51.09
23.42,45.63
23.42,47.55
23.42,53.41
23.42,50.38
23.42,48.07
23.42,48.55
23.43,45.27
23.43,51.15
23.43,47.5
23.44,48.94
23.44,49.26
23.44,49.06
23.44,46.58
23.44,46.22
23.44,52.34
23.44,50.3
23.44,46.17
23.44,49.27
23.45,49.78
23.45,49.14
23.45,49.05
23.45,49.87
23.45,49.21
23.45,47.83
23.45,50.03
23.46,52.5
23.46,46.99
23.46,53.03
23.46,47.27
23.46,49.87
23.46,49.47
23.47,47.4
23.47,49.2
23.47,46.93
23.48,50.71
23.48,45.72
23.48,53.1
23.48,51.26
23.48,49.92
23.48,48.98
23.48,49.32
23.49,52.02
23.49,49.87
23.49,46.05
23.49,50.86
23.49,47.07
23.49,46.79
23.49,49.26
23.49,43.72
23.50,47.91
23.50,47.59
23.50,46.88
23.50,48.27
23.50,51.55
23.50,48.25
23.50,48.02
23.51,47.35
23.51,53.47
23.51,47.26
23.51,45.24
23.51,50.38
23.51,52.09
23.51,47.82
23.52,48.5
23.52,49.4
23.52,49.81
23.52,50.16
23.52,52.34
23.52,49.63
23.52,48.63
23.53,47.51
23.53,49.38
23.53,47.84
23.53,51.18
23.53,47.77
23.53,51.26
23.53,49.52
23.53,48.93
23.53,49.07
23.53,46.3
23.54,50.5
23.54,47.38
23.54,48.57
23.54,48.56
23.54,46.19
23.54,46.9
23.54,49.97
23.54,49.76
23.54,50.57
23.54,45.99
23.55,50.15
23.55,49.52
23.55,46.63
23.55,48.8
23.55,50.97
23.55,44.3
23.55,51.58
23.56,47.67
23.56,50.21
23.56,47.61
23.56,49.6
23.56,46.94
23.56,49.65
23.56,52.66
23.56,49.62
23.56,47.72
23.56,48.0
23.56,48.25
23.56,49.06
23.57,49.95
23.57,46.99
23.57,49.96
23.57,49.37
23.57,50.62
23.57,51.05
23.57,50.13
23.57,50.22
23.57,48.76
23.57,48.39
23.57,46.24
23.57,50.36
23.57,50.09
23.57,48.43
23.58,50.41
23.58,52.9
23.58,49.61
23.58,49.56
23.58,45.07
23.58,47.22
23.59,49.93
23.59,51.34
23.59,49.05
23.59,48.18
23.59,47.33
23.59,52.67
23.59,52.19
23.59,48.67
23.59,51.38
24.00,50.36
24.00,49.04
24.00,51.93
24.00,48.94
24.00,47.32
24.00,47.09
24.00,52.29
24.00,49.58
24.01,53.6
24.01,49.3
24.01,46.95
24.02,48.4
24.02,49.5
24.02,48.57
24.02,48.58
24.02,46.53
24.02,48.1
24.03,48.62
24.03,48.56
24.03,50.44
24.03,49.21
24.03,50.06
24.03,48.93
24.04,50.1
24.04,50.97
24.04,48.23
24.04,49.76
24.04,48.29
24.04,47.73
24.04,51.45
24.04,46.85
24.04,52.6
24.05,49.34
24.05,48.35
24.05,48.94
24.05,49.53
24.06,48.9
24.06,46.44
24.06,53.67
24.06,49.56
24.06,49.37
24.06,48.63
24.06,49.46
24.06,52.26
24.06,49.67
24.06,50.01
24.06,45.79
24.06,48.62
24.06,50.38
24.06,48.02
24.07,48.49
24.07,45.11
24.07,48.67
24.07,46.54
24.07,50.16
24.07,47.29
24.07,47.66
24.07,47.21
24.07,52.79
24.07,48.26
24.08,51.08
24.08,49.23
24.08,51.05
24.08,45.3
24.08,49.55
24.08,49.26
24.08,52.82
24.08,47.75
24.08,51.21
24.09,50.85
24.09,53.13
24.09,51.79
24.09,48.51
24.09,53.19
24.09,46.53
24.09,52.93
24.09,49.22
24.09,48.54
24.09,49.42
24.10,53.33
24.10,50.97
24.11,49.32
24.11,50.48
24.11,47.71
24.11,50.77
24.11,48.08
24.11,52.76
24.12,46.44
24.12,49.56
24.12,51.97
24.12,48.87
24.12,53.57
24.12,51.72
24.12,51.4
24.12,48.53
24.12,52.38
24.13,49.85
24.13,49.12
24.13,47.28
24.13,48.45
24.13,48.43
24.13,51.99
24.14,49.32
24.14,49.7
24.14,48.11
24.14,49.84
24.14,49.32
24.14,50.07
24.14,50.62
24.14,48.04
24.14,50.96
24.14,51.61
24.14,49.44
24.14,48.97
24.15,46.26
24.15,47.99
24.15,48.01
24.15,48.87
24.16,50.33
24.16,51.52
24.16,49.21
24.16,49.86
24.16,47.48
24.16,52.06
24.16,47.13
24.16,52.13
24.16,49.46
24.17,46.54
24.17,48.0
24.17,48.33
24.17,51.91
24.17,49.67
24.18,51.07
24.18,47.13
24.18,51.71
24.18,49.23
24.18,52.66
24.19,52.25
24.19,50.67
24.19,50.08
24.19,50.33
24.19,52.41
24.19,50.27
24.19,50.11
24.19,50.94
24.19,49.14
24.19,49.37
24.20,48.52
24.20,47.87
24.20,46.4
24.20,48.22
24.20,48.44
24.20,50.22
24.20,48.96
24.20,47.82
24.20,49.23
24.20,49.7
24.21,49.45
24.21,49.9
24.21,48.81
24.21,48.12
24.21,48.66
24.21,51.74
24.21,48.33
24.21,50.64
24.21,49.73
24.22,49.05
24.22,52.34
24.22,49.73
24.22,49.67
24.22,47.79
24.22,49.52
24.22,51.36
24.23,49.44
24.23,52.06
24.23,47.27
24.23,53.34
24.23,50.1
24.23,49.58
24.23,49.08
24.23,46.2
24.23,53.74
24.23,46.25
24.23,50.78
24.23,49.79
24.23,49.84
24.24,49.82
24.24,48.07
24.24,49.77
24.24,52.98
24.24,46.82
24.24,52.25
24.24,46.81
24.24,52.03
24.24,48.21
24.24,46.6
24.24,54.18
24.24,49.42
24.24,51.3
24.25,50.61
24.25,48.44
24.25,49.59
24.25,51.77
24.25,49.16
24.25,47.7
24.25,49.29
24.25,47.94
24.25,49.52
24.25,51.15
24.25,48.79
24.26,52.26
24.26,48.83
24.26,48.2
24.26,49.47
24.26,50.36
24.26,51.33
24.26,51.9
24.26,50.21
24.27,52.79
24.27,51.13
24.27,49.59
24.27,52.64
24.27,49.03
24.27,51.57
24.27,50.35
24.27,50.14
24.27,50.22
24.28,50.07
24.28,50.24
24.28,50.36
24.28,52.85
24.28,47.85
24.28,51.64
24.28,52.86
24.28,51.07
24.28,48.12
24.28,51.34
24.29,48.34
24.29,52.77
24.29,49.66
24.29,50.75
24.29,50.75
24.29,47.29
24.30,51.06
24.30,48.33
24.30,48.47
24.30,46.84
24.30,51.2
24.30,48.65
24.30,51.15
24.30,53.68
24.31,47.21
24.31,50.03
24.31,53.22
24.31,52.82
24.31,52.7
24.31,49.6
24.31,52.66
24.31,50.52
24.31,49.57
24.31,51.83
24.31,48.44
24.31,52.53
24.32,53.04
24.32,51.99
24.32,49.2
24.32,49.48
24.32,49.96
24.32,51.5
24.32,46.87
24.32,49.34
24.33,52.5
24.33,49.99
24.33,48.68
24.33,49.42
24.33,48.04
24.33,51.42
24.33,50.95
24.33,50.09
24.33,46.54
24.33,50.87
24.34,47.8
24.34,49.64
24.34,51.58
24.34,48.24
24.34,52.25
24.34,48.64
24.34,48.49
24.34,50.07
24.34,48.69
24.35,51.79
24.35,49.71
24.35,50.73
24.35,48.94
24.35,50.1
24.36,50.53
24.36,50.87
24.36,54.55
24.36,49.4
24.36,47.72
24.36,49.81
24.36,51.01
24.36,48.72
24.36,50.48
24.37,48.92
24.37,53.74
24.37,47.57
24.37,50.82
24.37,54.87
24.37,50.4
24.37,49.35
24.37,49.16
24.37,48.15
24.37,51.91
24.37,51.91
24.38,51.2
24.38,49.01
24.38,49.75
24.38,50.51
24.38,52.06
24.38,49.14
24.39,55.86
24.39,50.69
24.39,49.26
24.39,49.18
24.39,51.61
24.39,53.95
24.39,50.46
24.40,49.34
24.40,51.98
24.40,49.81
24.40,50.18
24.40,52.8
24.40,49.27
24.40,55.08
24.40,53.77
24.40,53.42
24.41,49.02
24.41,48.65
24.41,50.19
24.41,52.36
24.41,47.46
24.41,53.85
24.41,51.49
24.42,50.15
24.42,51.27
24.42,51.6
24.42,53.42
24.42,50.59
24.42,49.6
24.42,48.7
24.42,49.55
24.42,50.17
24.42,50.62
24.42,53.13
24.42,51.06
24.42,51.48
24.42,52.35
24.43,50.54
24.43,47.57
24.43,49.47
24.43,54.52
24.43,48.56
24.43,57.37
24.43,51.76
24.44,53.71
24.44,51.36
24.44,45.88
24.44,51.01
24.44,51.03
24.44,48.36
24.44,48.7
24.44,52.62
24.44,49.79
24.44,50.32
24.44,53.42
24.45,48.53
24.45,47.28
24.45,51.24
24.45,51.78
24.45,49.67
24.45,50.61
24.45,51.53
24.45,50.69
24.45,50.77
24.45,48.92
24.45,50.67
24.46,47.35
24.46,55.13
24.46,51.62
24.46,53.97
24.46,48.04
24.46,48.81
24.46,49.7
24.46,54.27
24.47,52.21
24.47,49.01
24.47,49.4
24.47,52.33
24.47,51.25
24.47,51.88
24.47,53.62
24.47,50.8
24.47,53.98
24.47,50.05
24.47,52.16
24.48,48.35
24.48,48.07
24.48,51.56
24.48,52.67
24.48,50.74
24.48,52.07
24.48,53.41
24.48,52.27
24.48,52.06
24.48,52.91
24.48,47.51
24.48,50.1
24.48,48.91
24.48,47.14
24.49,53.63
24.49,50.51
24.49,49.96
24.49,49.56
24.49,50.26
24.49,52.5
24.49,50.6
24.49,51.4
24.49,48.46
24.50,54.46
24.50,51.49
24.50,48.77
24.50,55.9
24.50,52.9
24.50,49.92
24.50,50.07
24.50,54.23
24.50,55.17
24.51,48.13
24.51,51.67
24.51,55.22
24.51,48.52
24.51,53.01
24.51,54.16
24.51,48.36
24.51,53.32
24.51,49.57
24.51,53.58
24.52,52.8
24.52,50.29
24.52,53.59
24.52,50.01
24.52,50.76
24.53,52.26
24.53,49.68
24.53,50.35
24.53,46.69
24.53,47.61
24.53,51.28
24.53,48.11
24.53,50.95
24.53,52.87
24.53,49.24
24.53,50.49
24.54,53.66
24.54,49.86
24.54,51.65
24.54,53.03
24.54,52.46
24.54,51.61
24.54,53.23
24.54,52.39
24.54,51.79
24.55,48.4
24.55,50.92
24.55,51.76
24.55,48.93
24.55,49.28
24.55,50.89
24.55,48.9
24.56,52.01
24.56,51.02
24.56,51.62
24.56,53.26
24.56,51.69
24.56,46.87
24.56,51.3
24.56,50.93
24.57,53.58
24.57,49.2
24.57,51.73
24.57,57.03
24.57,48.66
24.57,52.1
24.57,50.12
24.58,49.17
24.58,49.34
24.58,46.14
24.58,50.99
24.58,49.18
24.58,49.55
24.58,54.27
24.59,50.27
24.59,50.76
24.59,50.72
24.59,51.86
24.59,51.1
24.59,48.8
24.59,48.65
24.59,51.57
24.59,51.65
24.59,50.18
24.59,50.72
24.59,53.03
24.59,51.19
25.00,53.53
25.00,51.06
25.00,50.4
25.00,53.4
25.00,50.54
25.00,51.66
25.00,52.48
25.00,50.35
25.00,50.79
25.00,51.14
25.01,54.37
25.01,52.91
25.01,47.56
25.01,50.91
25.01,54.19
25.01,50.5
25.01,48.13
25.02,47.63
25.02,49.98
25.02,52.05
25.02,50.72
25.02,47.38
25.03,50.86
25.03,53.43
25.03,51.41
25.03,51.63
25.03,51.05
25.04,56.39
25.04,51.97
25.04,52.89
25.04,52.53
25.04,52.22
25.04,53.45
25.04,54.14
25.04,47.24
25.05,53.19
25.05,53.01
25.05,47.59
25.05,53.36
25.05,47.39
25.06,51.11
25.06,49.24
25.06,50.46
25.06,51.55
25.06,52.71
25.06,52.2
25.06,52.97
25.07,49.08
25.07,55.21
25.07,49.96
25.07,51.14
25.07,52.33
25.07,50.43
25.07,50.86
25.07,52.24
25.07,51.26
25.07,53.66
25.07,50.54
25.07,54.1
25.08,51.67
25.08,52.89
25.08,48.1
25.08,53.27
25.08,48.16
25.08,50.81
25.08,54.08
25.08,51.24
25.08,51.11
25.08,50.01
25.08,54.33
25.08,47.17
25.09,53.17
25.09,51.54
25.09,51.56
25.09,51.17
25.09,53.7
25.09,52.52
25.09,50.52
25.09,52.95
25.09,54.22
25.09,51.24
25.10,49.18
25.10,50.5
25.10,52.21
25.10,48.79
25.10,48.96
25.10,53.8
25.10,50.06
25.11,49.87
25.11,49.2
25.11,50.01
25.11,44.23
25.12,50.55
25.12,51.34
25.12,50.55
25.12,48.03
25.12,51.93
25.12,54.32
25.12,48.85
25.12,53.06
25.12,51.25
25.12,49.85
25.12,49.54
25.12,50.6
25.12,51.7
25.13,53.13
25.13,53.3
25.13,54.76
25.13,55.34
25.13,54.34
25.13,51.19
25.13,53.93
25.13,50.35
25.14,48.44
25.14,50.75
25.14,52.56
25.14,49.94
25.14,52.69
25.14,46.59
25.14,52.72
25.14,51.94
25.14,50.92
25.14,50.94
25.14,52.28
25.14,48.82
25.15,49.58
25.15,51.2
25.15,51.65
25.15,53.06
25.15,50.38
25.15,51.9
25.15,50.55
25.15,55.09
25.15,48.63
25.16,52.85
25.16,54.24
25.16,47.98
25.16,54.37
25.17,52.87
25.17,49.14
25.17,50.68
25.17,53.54
25.17,48.23
25.17,51.46
25.17,51.51
25.17,53.31
25.18,53.2
25.18,53.77
25.18,51.84
25.18,51.47
25.18,48.86
25.18,51.7
25.18,52.67
25.19,54.45
25.19,49.43
25.19,53.53
25.19,53.69
25.19,48.97
25.19,48.96
25.19,50.9
25.19,49.76
25.19,54.5
25.19,54.74
25.20,53.84
25.20,52.13
25.20,51.36
25.20,54.17
25.20,53.3
25.20,49.85
25.20,51.64
25.20,49.99
25.20,51.83
25.20,48.56
25.21,52.33
25.21,51.98
25.21,54.91
25.21,50.42
25.21,53.37
25.22,51.83
25.22,51.97
25.22,52.31
25.22,51.96
25.22,51.12
25.22,52.42
25.22,49.85
25.23,49.09
25.23,54.42
25.23,51.32
25.23,54.27
25.23,53.28
25.23,48.25
25.24,54.52
25.24,53.88
25.24,53.52
25.24,50.32
25.24,53.49
25.24,51.22
25.25,50.83
25.25,50.83
25.25,52.33
25.25,53.39
25.25,52.71
25.25,48.23
25.25,51.51
25.25,52.68
25.25,51.2
25.25,51.83
25.25,54.31
25.25,51.87
25.25,51.12
25.25,52.02
25.25,50.01
25.25,52.3
25.26,51.6
25.26,52.17
25.26,51.12
25.26,55.51
25.26,54.37
25.26,51.38
25.26,53.25
25.27,50.61
25.27,53.33
25.27,47.69
25.27,53.06
25.27,53.37
25.28,53.78
25.28,48.96
25.28,53.52
25.28,55.06
25.28,50.62
25.28,48.66
25.28,53.3
25.28,56.17
25.28,54.78
25.28,49.89
25.29,55.33
25.29,50.22
25.29,51.85
25.29,51.89
25.29,53.26
25.29,51.42
25.29,53.84
25.29,54.45
25.29,51.9
25.29,49.55
25.29,51.35
25.29,50.0
25.29,53.23
25.29,52.38
25.30,54.27
25.30,53.21
25.30,52.88
25.30,54.14
25.30,53.22
25.30,50.9
25.30,54.83
25.30,51.81
25.30,51.15
25.30,51.34
25.30,51.87
25.31,51.46
25.31,54.04
25.31,53.57
25.31,52.28
25.31,53.39
25.31,49.03
25.31,54.84
25.31,56.63
25.31,54.56
25.31,48.86
25.31,50.18
25.31,55.62
25.32,53.24
25.32,51.49
25.32,48.48
25.32,49.51
25.32,54.35
25.32,53.07
25.32,54.38
25.32,54.16
25.32,52.29
25.32,51.35
25.32,49.75
25.33,51.95
25.33,51.73
25.33,49.11
25.33,51.12
25.33,52.26
25.33,52.45
25.33,52.16
25.33,53.55
25.33,52.39
25.34,50.25
25.34,55.02
25.34,52.99
25.34,52.2
25.34,50.29
25.34,48.95
25.34,52.42
25.34,49.18
25.34,54.19
25.34,51.55
25.34,50.43
25.34,55.38
25.34,53.5
25.34,53.74
25.34,50.07
25.35,52.4
25.35,52.15
25.35,53.07
25.35,50.43
25.35,51.92
25.35,52.16
25.35,50.83
25.35,51.84
25.35,51.12
25.35,56.95
25.35,52.1
25.35,53.96
25.36,50.27
25.36,53.89
25.36,51.5
25.36,50.28
25.36,54.14
25.36,47.73
25.36,52.74
25.36,53.06
25.36,51.43
25.36,52.55
25.37,53.69
25.37,53.37
25.37,52.88
25.37,51.88
25.37,54.13
25.37,51.26
25.38,53.57
25.38,52.91
25.38,51.97
25.39,51.61
25.39,52.49
25.39,51.86
25.39,48.08
25.39,54.09
25.40,51.79
25.40,52.52
25.40,53.44
25.40,51.88
25.40,51.68
25.40,51.99
25.40,53.78
25.40,55.44
25.41,51.41
25.41,52.33
25.41,49.04
25.41,50.39
25.42,49.81
25.42,52.18
25.42,56.51
25.42,52.81
25.42,54.15
25.42,52.72
25.42,54.53
25.42,53.31
25.42,50.51
25.42,57.51
25.43,52.1
25.43,54.11
25.43,55.47
25.43,51.37
25.43,54.59
25.43,53.88
25.43,49.46
25.43,53.44
25.43,47.98
25.43,53.49
25.43,51.9
25.43,52.98
25.43,54.79
25.43,49.99
25.44,53.29
25.44,56.35
25.44,53.0
25.44,48.99
25.44,54.5
25.44,52.13
25.44,52.64
25.44,52.82
25.44,47.89
25.44,53.44
25.44,54.38
25.44,49.91
25.44,52.05
25.45,48.58
25.45,52.66
25.45,52.81
25.45,52.55
25.45,55.1
25.45,50.82
25.45,56.55
25.46,53.88
25.46,52.24
25.46,52.18
25.46,53.21
25.46,51.29
25.46,49.26
25.46,54.55
25.46,52.92
25.47,56.02
25.47,52.33
25.47,53.12
25.47,50.82
25.47,52.47
25.47,53.61
25.47,49.02
25.47,51.13
25.47,54.74
25.47,53.7
25.47,54.62
25.48,55.66
25.48,53.04
25.48,56.81
25.48,48.71
25.48,52.87
25.48,55.05
25.49,51.74
25.49,50.56
25.49,53.14
25.49,52.41
25.49,52.15
25.49,55.37
25.50,50.91
25.50,51.25
25.50,52.01
25.50,51.05
25.50,50.51
25.50,53.4
25.50,50.76
25.50,50.62
25.50,50.51
25.50,54.13
25.51,52.77
25.51,52.05
25.51,54.44
25.51,52.68
25.52,52.45
25.52,50.68
25.52,53.64
25.52,54.27
25.52,55.67
25.52,55.17
25.53,51.1
25.53,52.13
25.53,52.72
25.53,55.33
25.53,53.42
25.54,53.08
25.54,49.71
25.54,50.18
25.54,55.46
25.54,52.73
25.54,54.65
25.54,51.81
25.54,52.13
25.54,50.14
25.54,52.95
25.55,53.22
25.55,53.82
25.55,51.38
25.55,54.18
25.55,52.72
25.55,54.04
25.56,51.66
25.56,55.47
25.56,55.51
25.56,52.17
25.56,51.44
25.56,53.0
25.56,51.56
25.56,52.32
25.56,53.18
25.56,54.43
25.57,52.76
25.57,52.72
25.57,49.38
25.58,54.94
25.58,49.41
25.58,51.57
25.58,56.82
25.58,53.63
25.58,53.59
25.58,51.83
25.58,55.16
25.59,51.04
25.59,52.87
25.59,50.31
25.59,51.56
26.00,54.66
26.00,54.98
26.00,53.27
26.00,52.82
26.00,51.58
26.01,54.38
26.01,50.06
26.01,51.24
26.01,52.0
26.01,54.36
26.01,57.33
26.01,54.63
26.01,52.25
26.01,56.0
26.01,52.7
26.01,50.64
26.01,50.2
26.01,52.44
26.01,54.24
26.01,53.24
26.01,54.41
26.02,52.01
26.02,53.3
26.02,48.98
26.02,51.1
26.02,49.37
26.02,51.76
26.02,54.01
26.02,50.98
26.02,48.89
26.02,53.85
26.03,51.08
26.03,51.35
26.03,53.69
26.03,52.99
26.03,54.66
26.03,55.57
26.03,48.58
26.03,50.4
26.03,51.39
26.03,51.07
26.04,52.52
26.04,55.67
26.04,52.82
26.04,52.57
26.04,53.74
26.04,53.83
26.04,53.6
26.04,54.41
26.04,54.9
26.04,51.56
26.05,53.7
26.05,52.22
26.05,54.03
26.05,55.74
26.05,53.78
26.05,55.21
26.05,52.6
26.05,54.3
26.05,55.09
26.05,52.25
26.05,55.92
26.06,55.66
26.06,51.49
26.06,52.67
26.06,52.52
26.06,53.94
26.06,53.43
26.07,56.97
26.07,53.71
26.08,54.73
26.08,50.33
26.08,51.0
26.08,53.42
26.08,55.38
26.08,55.66
26.08,54.97
26.08,55.43
26.08,50.42
26.08,49.24
26.08,53.94
26.08,50.69
26.08,55.05
26.08,49.16
26.08,56.9
26.09,52.38
26.09,49.31
26.09,55.1
26.09,50.8
26.09,52.86
26.09,53.05
26.10,53.14
26.10,52.45
26.10,51.91
26.10,51.92
26.10,54.15
26.10,53.55
26.10,51.46
26.10,53.08
26.10,58.57
26.11,53.08
26.11,51.5
26.11,57.14
26.11,54.32
26.11,54.33
26.11,52.73
26.11,49.94
26.11,53.02
26.12,52.3
26.12,51.5
26.12,55.15
26.12,50.94
26.13,52.48
26.13,52.23
26.13,54.76
26.13,55.79
26.13,54.74
26.13,51.38
26.13,55.19
26.13,53.48
26.14,54.04
26.14,53.4
26.14,51.53
26.14,51.84
26.14,55.48
26.14,53.5
26.14,49.22
26.14,51.93
26.14,56.85
26.15,57.07
26.15,56.31
26.15,56.4
26.15,51.26
26.15,54.98
26.15,53.31
26.15,53.62
26.15,53.37
26.15,50.17
26.15,54.56
26.15,55.55
26.15,54.77
26.15,56.0
26.15,53.44
26.15,52.59
26.16,51.8
26.16,51.77
26.16,53.19
26.16,57.17
26.16,54.67
26.16,52.0
26.17,52.15
26.17,52.14
26.17,54.25
26.17,54.03
26.17,56.57
26.17,54.75
26.18,51.32
26.18,56.62
26.18,52.94
26.18,54.91
26.18,53.96
26.18,56.21
26.18,53.86
26.18,52.98
26.18,54.25
26.18,57.27
26.18,53.51
26.18,55.62
26.18,57.42
26.18,50.54
26.19,54.06
26.19,49.97
26.19,50.16
26.19,55.43
26.20,53.77
26.20,53.08
26.20,54.68
26.20,56.32
26.20,55.73
26.20,53.05
26.20,54.91
26.21,54.25
26.21,55.41
26.21,55.72
26.21,52.7
26.21,53.15
26.21,51.93
26.21,56.01
26.21,53.44
26.21,51.19
26.22,55.6
26.22,54.53
26.22,53.93
26.22,52.55
26.22,54.79
26.22,54.68
26.22,50.4
26.22,53.67
26.22,53.96
26.22,54.72
26.22,52.94
26.22,53.46
26.23,54.74
26.23,51.53
26.23,57.25
26.23,51.08
26.23,53.52
26.23,49.93
26.24,53.74
26.24,53.18
26.24,55.19
26.24,59.05
26.24,50.53
26.24,54.29
26.24,54.71
26.24,54.48
26.25,54.63
26.25,54.62
26.26,53.5
26.26,53.85
26.26,57.07
26.26,55.82
26.26,52.1
26.26,52.05
26.27,54.94
26.27,53.89
26.27,55.65
26.27,54.86
26.27,51.61
26.27,50.98
26.27,55.7
26.27,54.42
26.27,52.65
26.28,50.46
26.28,50.56
26.28,50.4
26.28,54.79
26.28,53.95
26.28,53.67
26.28,53.11
26.29,54.14
26.29,53.15
26.29,52.41
26.29,55.35
26.29,58.19
26.29,50.52
26.29,52.98
26.29,52.26
26.29,53.31
26.30,55.39
26.30,54.98
26.30,51.01
26.30,51.65
26.30,55.87
26.30,57.07
26.30,53.56
26.30,53.61
26.30,54.63
26.31,52.51
26.31,53.21
26.31,53.5
26.31,55.56
26.31,55.01
26.31,51.39
26.31,54.2
26.31,56.5
26.31,56.09
26.32,53.66
26.32,55.28
26.32,55.0
26.32,56.06
26.32,53.45
26.32,53.56
26.32,56.07
26.33,54.1
26.33,54.78
26.33,57.69
26.33,50.87
26.33,52.24
26.33,55.79
26.33,52.23
26.33,51.01
26.33,52.95
26.33,53.67
26.33,53.24
26.34,51.85
26.34,50.22
26.34,50.56
26.34,53.23
26.34,50.98
26.34,51.02
26.34,53.09
26.34,55.4
26.34,51.67
26.34,54.85
26.34,52.77
26.35,53.85
26.35,55.92
26.35,51.89
26.35,54.54
26.36,57.3
26.36,59.35
26.36,57.23
26.36,54.23
26.36,50.89
26.36,52.71
26.36,55.42
26.36,55.04
26.36,55.4
26.36,54.23
26.36,52.44
26.36,56.69
26.37,55.05
26.37,54.23
26.37,57.23
26.38,53.99
26.38,54.12
26.38,53.36
26.38,53.99
26.38,55.98
26.38,52.64
26.38,58.11
26.38,58.94
26.38,52.4
26.39,53.25
26.39,52.25
26.39,54.41
26.39,51.6
26.39,53.22
26.39,52.0
26.39,54.24
26.39,52.99
26.39,52.67
26.39,57.94
26.40,55.4
26.40,54.71
26.40,51.93
26.40,55.75
26.40,54.67
26.40,54.98
26.40,55.52
26.40,51.36
26.40,56.7
26.41,55.01
26.41,55.51
26.41,53.68
26.41,52.26
26.41,55.59
26.41,58.0
26.42,51.12
26.42,55.83
26.42,52.73
26.42,51.59
26.42,55.1
26.42,56.07
26.42,54.61
26.42,56.03
26.42,54.73
26.42,53.61
26.42,51.05
26.43,53.3
26.43,53.86
26.43,53.13
26.43,54.3
26.43,53.35
26.43,54.01
26.43,55.1
26.43,54.27
26.44,51.84
26.44,53.85
26.44,54.18
26.44,56.04
26.44,56.57
26.44,51.18
26.44,57.07
26.45,59.2
26.45,54.04
26.45,56.1
26.45,55.73
26.45,51.6
26.45,56.24
26.45,57.03
26.45,51.68
26.45,55.13
26.45,57.3
26.46,53.27
26.46,57.92
26.46,57.69
26.46,54.93
26.46,52.49
26.46,53.54
26.46,53.3
26.46,56.52
26.46,55.72
26.47,53.84
26.47,53.36
26.47,52.89
26.47,55.75
26.47,55.52
26.47,50.73
26.47,58.12
26.47,55.36
26.47,55.77
26.48,54.55
26.48,56.09
26.48,56.4
26.48,55.77
26.48,52.37
26.48,54.77
26.48,55.27
26.48,57.79
26.48,53.95
26.49,53.31
26.49,53.34
26.49,50.02
26.49,53.0
26.49,53.81
26.49,52.23
26.49,57.43
26.50,53.66
26.50,51.84
26.50,52.86
26.50,55.25
26.50,55.84
26.50,54.41
26.50,55.87
26.50,53.38
26.50,56.05
26.50,54.03
26.50,56.86
26.50,55.89
26.51,53.79
26.51,49.02
26.51,56.93
26.51,55.75
26.51,53.38
26.51,52.65
26.51,56.42
26.51,57.73
26.52,53.67
26.52,55.88
26.52,52.64
26.52,55.3
26.52,55.29
26.52,54.4
26.52,52.92
26.52,57.72
26.52,52.05
26.52,55.72
26.52,54.83
26.53,52.59
26.53,53.64
26.53,57.13
26.53,51.63
26.53,58.82
26.53,61.76
26.53,53.56
26.53,53.14
26.53,55.28
26.53,56.19
26.54,53.08
26.54,54.03
26.54,54.77
26.54,57.36
26.54,54.23
26.54,54.38
26.55,53.79
26.55,53.58
26.55,54.2
26.55,53.1
26.55,56.23
26.55,55.53
26.55,56.01
26.55,55.62
26.55,59.3
26.55,55.22
26.55,54.47
26.55,57.39
26.56,58.38
26.56,53.67
26.56,53.82
26.56,59.16
26.56,50.94
26.56,48.89
26.56,55.4
26.56,53.85
26.56,54.65
26.57,56.24
26.57,54.75
26.57,51.94
26.58,56.88
26.58,53.61
26.58,58.77
26.58,57.74
26.58,56.08
26.58,54.62
26.58,54.38
26.58,54.67
26.58,52.61
26.58,54.46
26.58,55.49
26.59,55.29
26.59,54.41
26.59,58.36
26.59,54.95
26.59,53.37
26.59,50.85
27.00,60.7
27.00,55.1
27.00,53.27
27.00,56.03
27.00,55.11
27.00,54.16
27.00,52.68
27.01,54.38
27.01,57.74
27.01,53.22
27.01,52.9
27.01,55.4
27.01,56.38
27.02,52.13
27.02,52.32
27.02,57.94
27.02,55.33
27.02,53.6
27.02,54.48
27.03,53.41
27.03,54.03
27.03,57.05
27.03,54.99
27.03,54.61
27.03,52.43
27.03,59.06
27.03,53.2
27.03,52.94
27.04,56.74
27.04,53.67
27.04,54.44
27.04,53.05
27.04,54.12
27.04,53.99
27.04,55.4
27.04,52.88
27.04,54.75
27.04,57.26
27.04,57.7
27.04,54.89
27.05,54.66
27.05,58.55
27.05,54.79
27.05,58.12
27.05,55.66
27.05,56.64
27.06,56.76
27.06,56.22
27.06,52.95
27.06,54.18
27.06,57.1
27.06,54.63
27.06,51.74
27.06,54.72
27.06,55.36
27.06,56.01
27.06,52.32
27.06,57.98
27.06,54.49
27.06,56.22
27.07,57.98
27.07,55.94
27.07,54.05
27.07,53.45
27.07,55.33
27.07,54.73
27.07,57.51
27.07,54.53
27.07,53.9
27.08,55.96
27.08,53.99
27.08,55.38
27.08,55.33
27.08,58.34
27.08,49.45
27.09,58.08
27.09,58.63
27.09,59.65
27.09,54.33
27.09,57.52
27.09,57.68
27.10,54.53
27.10,55.56
27.10,56.49
27.10,58.65
27.10,56.35
27.10,55.12
27.11,56.91
27.11,56.86
27.11,55.25
27.12,58.11
27.12,57.54
27.12,53.53
27.12,56.06
27.12,58.43
27.12,55.84
27.12,55.91
27.12,56.15
27.13,56.89
27.13,57.18
27.13,55.23
27.13,55.23
27.13,54.82
27.13,55.98
27.13,54.32
27.14,56.64
27.14,53.82
27.14,53.3
27.14,55.58
27.14,55.66
27.14,57.81
27.14,52.79
27.14,53.89
27.14,55.96
27.15,57.21
27.15,57.84
27.15,56.93
27.15,54.47
27.15,56.19
27.15,56.08
27.15,52.58
27.15,56.64
27.15,55.78
27.15,55.51
27.16,50.71
27.16,53.18
27.16,54.59
27.16,56.37
27.16,56.0
27.16,52.8
27.16,57.5
27.16,55.77
27.17,57.94
27.17,54.3
27.17,54.97
27.17,53.92
27.17,52.23
27.18,56.18
27.18,55.81
27.18,54.79
27.18,52.38
27.18,54.43
27.18,54.92
27.18,55.12
27.19,60.35
27.19,53.31
27.19,53.16
27.19,54.59
27.19,50.69
27.19,57.16
27.20,55.09
27.20,54.58
27.20,53.65
27.20,55.02
27.21,55.82
27.21,58.84
27.21,56.54
27.21,58.67
27.21,51.77
27.21,55.46
27.21,54.58
27.21,57.28
27.21,59.37
27.21,52.7
27.21,57.59
27.22,56.99
27.22,53.41
27.22,53.71
27.22,57.55
27.22,55.7
27.22,54.6
27.23,50.9
27.23,54.01
27.23,55.85
27.23,52.34
27.23,55.56
27.24,57.3
27.24,56.51
27.24,59.79
27.24,56.9
27.24,51.78
27.24,54.27
27.24,55.71
27.24,56.69
27.24,54.46
27.24,56.29
27.25,57.6
27.25,55.92
27.25,52.82
27.25,53.9
27.25,54.04
27.25,57.07
27.25,53.53
27.25,53.7
27.25,57.73
27.25,56.25
27.25,53.45
27.25,57.34
27.26,57.22
27.26,56.15
27.26,56.16
27.26,58.28
27.26,53.36
27.27,56.52
27.27,57.41
27.27,53.73
27.27,59.91
27.27,55.46
27.27,57.35
27.27,55.25
27.27,53.89
27.27,52.49
27.27,56.19
27.28,54.22
27.28,55.29
27.28,55.45
27.28,55.38
27.28,59.49
27.28,56.89
27.28,56.44
27.28,60.13
27.28,51.74
27.28,54.24
27.28,55.94
27.29,55.62
27.29,57.99
27.29,58.1
27.29,60.4
27.29,52.98
27.29,57.18
27.29,55.51
27.29,55.92
27.29,57.54
27.29,52.17
27.29,53.21
27.29,52.2
27.29,57.49
27.30,55.96
27.30,53.67
27.30,56.08
27.30,60.63
27.30,52.59
27.30,57.92
27.30,54.47
27.30,54.13
27.30,52.72
27.30,57.16
27.30,59.15
27.30,56.34
27.30,57.18
27.31,52.81
27.31,56.92
27.31,55.68
27.31,55.32
27.31,53.37
27.31,58.17
27.32,59.2
27.32,55.85
27.32,56.18
27.32,56.76
27.32,54.33
27.32,52.93
27.32,51.26
27.32,55.31
27.32,52.9
27.33,55.64
27.33,56.57
27.33,59.25
27.33,52.32
27.33,56.75
27.33,56.73
27.33,57.08
27.34,55.83
27.34,55.34
27.34,59.51
27.34,54.48
27.34,56.49
27.34,53.77
27.34,54.26
27.35,60.23
27.35,56.23
27.35,56.33
27.36,61.19
27.36,57.34
27.36,57.66
27.36,56.96
27.36,55.65
27.36,53.12
27.36,54.87
27.37,55.94
27.37,56.52
27.37,51.97
27.37,56.97
27.37,51.57
27.37,59.41
27.37,55.67
27.38,54.68
27.38,57.65
27.38,59.32
27.38,57.09
27.38,59.58
27.39,61.43
27.39,57.48
27.39,57.69
27.39,57.06
27.39,55.64
27.39,55.89
27.39,54.91
27.39,56.39
27.39,55.71
27.39,56.94
27.39,53.33
27.39,56.4
27.40,57.2
27.40,55.9
27.40,59.46
27.40,53.0
27.40,55.04
27.40,62.76
27.40,51.44
27.40,54.25
27.40,54.29
27.40,54.63
27.40,53.52
27.40,54.83
27.41,55.94
27.41,61.5
27.41,57.19
27.41,60.35
27.41,56.54
27.41,57.77
27.41,58.39
27.41,57.14
27.41,54.74
27.42,52.68
27.42,54.44
27.42,56.92
27.42,54.84
27.42,56.85
27.42,58.03
27.42,57.33
27.42,56.97
27.43,54.81
27.43,57.79
27.43,53.52
27.43,56.07
27.43,56.36
27.43,54.26
27.43,54.6
27.43,56.86
27.43,56.4
27.44,56.11
27.44,56.67
27.44,56.88
27.44,53.84
27.44,53.52
27.44,57.04
27.44,57.15
27.44,55.17
27.45,54.62
27.45,56.12
27.45,57.07
27.45,54.91
27.45,53.37
27.45,55.2
27.45,60.46
27.45,51.71
27.45,54.78
27.46,58.82
27.46,57.36
27.46,53.01
27.46,57.56
27.46,57.08
27.46,54.69
27.46,52.59
27.46,57.26
27.46,52.54
27.46,58.7
27.47,59.56
27.47,57.13
27.47,54.83
27.47,56.77
27.47,58.95
27.47,57.9
27.47,59.16
27.47,56.91
27.47,55.0
27.47,53.95
27.48,55.36
27.48,57.96
27.48,55.75
27.48,55.48
27.48,54.4
27.48,56.06
27.48,52.47
27.48,58.34
27.49,55.14
27.49,56.33
27.49,55.49
27.49,57.81
27.49,54.19
27.49,57.78
27.49,57.81
27.49,56.67
27.49,59.83
27.49,58.85
27.49,57.02
27.49,58.01
27.49,57.38
27.49,54.18
27.49,54.42
27.50,57.87
27.50,55.32
27.50,58.89
27.50,54.33
27.50,52.51
27.50,54.4
27.51,56.75
27.51,56.82
27.51,59.09
27.51,53.36
27.51,55.11
27.51,59.13
27.51,58.22
27.51,57.6
27.51,59.24
27.51,55.54
27.52,58.1
27.52,55.76
27.52,55.99
27.52,54.53
27.52,60.21
27.52,55.33
27.52,56.2
27.52,57.5
27.52,57.14
27.52,57.91
27.52,57.21
27.53,56.35
27.53,58.64
27.53,57.86
27.53,56.22
27.53,55.44
27.53,56.45
27.53,56.82
27.53,54.43
27.53,49.14
27.53,55.98
27.54,57.96
27.54,54.52
27.54,56.75
27.54,52.09
27.54,57.6
27.54,59.05
27.54,56.21
27.54,58.54
27.54,60.42
27.54,57.96
27.54,59.23
27.54,57.02
27.55,59.94
27.55,56.54
27.55,53.35
27.55,55.31
27.55,59.78
27.55,60.55
27.55,54.16
27.56,52.55
27.56,58.32
27.56,56.66
27.56,56.06
27.56,55.8
27.56,56.46
27.57,56.49
27.57,55.61
27.57,54.71
27.57,57.97
27.58,59.14
27.58,54.02
27.58,56.14
27.59,59.23
27.59,58.01
27.59,57.05
27.59,57.68
27.59,58.69
27.59,54.84
27.59,62.06
28.00,56.5
28.00,54.05
28.00,52.78
28.00,58.45
28.00,55.85
28.00,55.65
28.00,58.42
28.00,56.53
28.00,58.19
28.01,56.61
28.01,56.86
28.01,56.95
28.01,56.61
28.01,58.8
28.01,59.15
28.01,57.34
28.01,54.5
28.02,54.83
28.02,53.88
28.02,56.09
28.02,53.97
28.02,58.38
28.02,55.98
28.02,55.78
28.02,58.04
28.02,53.7
28.03,57.91
28.03,58.57
28.03,61.08
28.03,58.56
28.03,56.99
28.03,54.12
28.04,60.18
28.04,55.76
28.04,59.34
28.04,58.33
28.04,60.87
28.04,57.59
28.04,55.42
28.04,57.64
28.05,55.92
28.05,56.93
28.05,57.02
28.05,54.65
28.05,58.03
28.05,56.88
28.05,55.27
28.05,58.5
28.05,59.61
28.05,59.02
28.05,55.77
28.06,54.8
28.06,56.07
28.06,53.56
28.07,54.47
28.07,55.18
28.07,60.16
28.07,57.38
28.07,57.69
28.07,60.57
28.07,61.11
28.08,58.97
28.08,57.66
28.08,57.98
28.08,55.24
28.08,60.36
28.09,58.51
28.09,55.45
28.09,59.05
28.09,60.96
28.10,57.16
28.10,56.88
28.10,59.01
28.10,58.46
28.10,55.65
28.10,58.71
28.10,56.79
28.10,54.0
28.10,55.97
28.10,59.93
28.10,56.56
28.10,56.79
28.10,56.69
28.10,58.29
28.10,61.77
28.11,57.52
28.11,54.63
28.11,60.03
28.11,55.87
28.11,54.9
28.11,57.04
28.11,54.65
28.11,59.12
28.11,57.41
28.11,60.23
28.11,55.13
28.12,54.94
28.12,57.49
28.12,58.17
28.12,57.21
28.12,55.75
28.12,53.83
28.13,56.92
28.13,57.59
28.13,54.77
28.13,57.15
28.13,56.55
28.13,55.61
28.13,56.08
28.14,55.32
28.14,58.64
28.14,55.77
28.14,54.39
28.14,58.83
28.14,58.96
28.15,54.44
28.15,58.34
28.15,59.16
28.15,56.63
28.15,54.6
28.15,56.31
28.15,55.34
28.15,55.87
28.15,60.1
28.16,55.51
28.16,58.54
28.16,53.92
28.16,54.37
28.16,55.75
28.16,55.34
28.16,55.46
28.16,53.86
28.16,58.52
28.16,61.26
28.16,56.44
28.16,55.13
28.16,58.4
28.17,54.3
28.17,60.48
28.17,56.84
28.17,58.39
28.17,58.35
28.17,55.99
28.18,57.41
28.18,57.63
28.18,56.37
28.18,56.72
28.18,53.83
28.18,53.58
28.18,58.03
28.18,56.25
28.19,54.93
28.19,56.93
28.19,53.25
28.19,56.04
28.19,58.13
28.19,56.4
28.19,54.74
28.19,58.51
28.19,56.07
28.20,58.18
28.20,61.02
28.20,58.21
28.20,59.4
28.21,58.57
28.21,58.23
28.21,57.21
28.21,55.99
28.21,57.74
28.21,58.49
28.21,57.11
28.21,55.41
28.21,53.46
28.21,57.24
28.22,58.49
28.22,59.63
28.22,58.09
28.22,54.96
28.22,60.63
28.23,55.5
28.23,60.28
28.23,57.75
28.23,56.74
28.23,57.11
28.23,56.0
28.23,59.54
28.23,60.57
28.23,57.51
28.23,58.06
28.23,54.48
28.24,55.61
28.24,59.49
28.24,57.33
28.24,56.71
28.24,61.39
28.24,55.78
28.25,55.45
28.25,58.25
28.25,58.67
28.25,54.5
28.25,57.87
28.26,56.43
28.26,56.28
28.26,59.46
28.26,61.0
28.26,55.72
28.26,55.08
28.26,57.57
28.26,56.89
28.27,58.3
28.27,56.96
28.27,58.85
28.27,54.73
28.27,58.47
28.27,56.16
28.27,55.74
28.27,56.07
28.27,56.14
28.27,58.47
28.27,60.97
28.27,54.79
28.27,61.51
28.27,57.63
28.27,56.86
28.28,56.91
28.28,53.92
28.28,58.38
28.28,60.18
28.28,57.06
28.28,57.28
28.28,57.79
28.28,57.98
28.28,58.77
28.29,56.34
28.29,58.36
28.29,57.23
28.29,55.49
28.29,58.59
28.29,58.52
28.29,59.12
28.30,56.57
28.30,56.59
28.30,59.66
28.30,57.33
28.30,61.97
28.30,58.83
28.30,57.43
28.30,58.14
28.30,60.35
28.30,61.71
28.30,53.24
28.30,54.47
28.30,54.68
28.30,58.06
28.30,54.4
28.31,56.42
28.31,58.69
28.31,57.76
28.31,58.42
28.31,59.4
28.31,59.14
28.31,59.42
28.31,54.46
28.31,59.46
28.31,55.3
28.31,61.17
28.31,65.04
28.31,56.95
28.31,58.02
28.31,57.92
28.32,58.11
28.32,57.98
28.32,62.34
28.32,56.71
28.32,58.95
28.32,62.98
28.32,58.82
28.32,56.28
28.32,56.73
28.32,55.04
28.32,58.36
28.33,58.04
28.33,58.77
28.33,59.17
28.33,61.12
28.33,60.07
28.33,53.7
28.33,57.03
28.33,58.36
28.33,55.74
28.33,57.05
28.34,59.63
28.34,57.78
28.34,56.61
28.34,58.89
28.34,60.7
28.34,59.02
28.34,53.54
28.34,57.14
28.35,56.87
28.35,55.53
28.35,56.82
28.35,56.96
28.35,57.48
28.35,55.8
28.35,61.2
28.35,55.75
28.35,58.5
28.36,58.23
28.36,56.95
28.36,57.5
28.36,58.12
28.36,55.5
28.36,58.18
28.37,60.85
28.37,51.87
28.37,53.6
28.37,56.23
28.37,57.32
28.37,54.86
28.37,56.87
28.37,62.13
28.37,60.95
28.37,58.18
28.38,58.44
28.38,59.98
28.38,58.58
28.38,59.03
28.38,55.84
28.38,58.09
28.38,54.46
28.38,54.21
28.38,60.8
28.38,61.47
28.38,54.09
28.38,60.52
28.39,56.64
28.39,54.68
28.39,59.54
28.39,59.85
28.39,58.07
28.39,60.21
28.40,55.29
28.40,63.08
28.40,62.75
28.40,60.59
28.40,55.87
28.40,58.84
28.40,56.88
28.40,56.13
28.40,58.02
28.41,52.76
28.41,59.72
28.41,60.34
28.41,53.76
28.41,57.91
28.41,57.49
28.41,57.53
28.41,54.94
28.41,59.24
28.41,58.07
28.41,60.02
28.42,56.64
28.42,56.71
28.42,57.75
28.42,57.75
28.42,60.29
28.42,58.02
28.42,58.86
28.43,59.13
28.43,57.76
28.43,58.32
28.43,57.95
28.43,54.04
28.43,58.3
28.43,57.28
28.43,57.53
28.44,57.26
28.44,56.08
28.44,59.26
28.44,58.58
28.44,58.38
28.44,62.76
28.44,59.7
28.44,58.78
28.44,60.68
28.44,59.7
28.44,56.89
28.44,59.68
28.44,56.4
28.45,58.96
28.45,59.49
28.45,57.63
28.45,57.55
28.45,53.93
28.45,57.96
28.46,59.3
28.46,60.0
28.46,56.43
28.46,58.03
28.46,56.36
28.46,55.77
28.47,58.65
28.47,56.46
28.47,55.9
28.47,56.24
28.47,60.4
28.47,62.32
28.47,55.42
28.47,58.25
28.47,55.01
28.48,56.82
28.48,57.56
28.48,56.55
28.48,60.0
28.49,61.44
28.49,58.72
28.49,60.44
28.49,56.45
28.49,59.75
28.49,56.22
28.49,54.1
28.49,60.48
28.49,59.79
28.50,60.28
28.50,61.45
28.50,59.55
28.50,60.7
28.50,56.19
28.50,58.2
28.50,57.63
28.50,61.29
28.51,60.27
28.51,59.1
28.51,58.59
28.51,57.44
28.51,59.72
28.51,57.88
28.51,58.77
28.52,55.55
28.52,57.35
28.52,54.92
28.52,58.95
28.52,59.34
28.52,58.49
28.52,61.28
28.53,60.93
28.53,60.45
28.53,61.19
28.53,55.82
28.53,59.77
28.53,59.44
28.53,59.81
28.53,57.24
28.53,59.23
28.54,55.24
28.54,61.59
28.54,57.23
28.54,58.42
28.54,58.2
28.54,57.23
28.54,56.21
28.55,60.48
28.55,58.56
28.55,58.68
28.55,58.74
28.55,60.8
28.55,57.24
28.55,59.48
28.55,55.74
28.55,58.32
28.56,58.27
28.56,53.67
28.56,58.98
28.56,57.22
28.56,55.86
28.57,58.07
28.57,60.08
28.57,54.72
28.57,57.6
28.57,58.61
28.58,56.67
28.58,58.46
28.58,59.99
28.58,56.87
28.58,58.67
28.58,58.02
28.59,58.09
28.59,57.18
28.59,57.2
28.59,58.08
28.59,56.23
28.59,60.47
28.59,55.44
28.59,58.63
28.59,60.41
28.59,57.08
28.59,61.01
29.00,57.75
29.00,59.88
29.00,56.08
29.00,57.11
29.00,60.5
29.00,58.42
29.01,57.82
29.01,56.22
29.01,60.32
29.01,57.99
29.01,59.04
29.01,57.57
29.01,60.49
29.01,64.3
29.01,60.58
29.01,58.36
29.02,55.11
29.02,62.49
29.02,57.94
29.02,56.43
29.02,57.46
29.02,57.21
29.02,56.89
29.02,58.72
29.02,57.85
29.03,57.81
29.03,62.38
29.03,59.62
29.03,57.39
29.03,56.52
29.03,55.73
29.03,59.17
29.03,55.7
29.03,57.68
29.03,58.99
29.04,55.36
29.04,59.59
29.04,56.91
29.04,61.51
29.04,58.06
29.04,58.43
29.04,59.89
29.05,59.36
29.05,60.64
29.05,58.72
29.05,61.05
29.05,62.1
29.05,57.38
29.05,58.56
29.06,57.43
29.06,59.2
29.06,57.05
29.06,60.05
29.06,62.37
29.06,60.92
29.06,58.76
29.07,59.29
29.07,58.69
29.07,55.49
29.07,61.83
29.07,59.58
29.07,58.19
29.07,59.08
29.08,60.82
29.08,56.47
29.08,60.58
29.08,58.11
29.08,58.05
29.08,58.53
29.08,57.56
29.08,56.25
29.08,57.92
29.09,61.71
29.09,61.26
29.09,59.7
29.09,55.66
29.09,56.92
29.09,61.21
29.09,56.95
29.09,59.75
29.10,59.28
29.10,60.93
29.10,57.84
29.10,57.11
29.10,54.63
29.10,59.34
29.10,60.88
29.10,62.08
29.11,61.95
29.11,61.29
29.11,55.74
29.11,57.19
29.11,60.25
29.11,58.97
29.11,59.59
29.12,56.38
29.12,59.53
29.12,56.14
29.12,59.45
29.12,59.99
29.12,61.58
29.12,61.79
29.12,59.01
29.12,56.58
29.12,57.67
29.12,60.31
29.12,59.24
29.12,61.09
29.12,57.19
29.12,59.6
29.12,56.41
29.12,61.2
29.12,58.65
29.12,60.68
29.13,60.25
29.13,56.71
29.13,57.1
29.13,60.26
29.13,57.79
29.13,59.39
29.13,60.14
29.13,59.15
29.13,59.09
29.13,60.72
29.14,57.54
29.14,59.47
29.14,58.06
29.14,60.55
29.14,56.36
29.15,56.7
29.15,62.74
29.15,60.14
29.15,58.79
29.15,56.22
29.15,59.43
29.15,59.27
29.15,60.35
29.16,60.85
29.16,62.17
29.16,60.28
29.16,60.88
29.16,58.13
29.16,58.87
29.16,55.93
29.17,60.3
29.17,55.98
29.17,61.57
29.17,56.44
29.17,57.13
29.18,63.26
29.18,60.45
29.18,63.29
29.18,59.82
29.18,60.35
29.18,61.85
29.18,61.6
29.18,56.59
29.18,58.49
29.19,61.13
29.19,60.43
29.19,58.78
29.19,57.7
29.19,56.38
29.19,59.59
29.19,59.12
29.19,59.31
29.19,62.38
29.20,60.78
29.20,57.46
29.20,59.61
29.20,58.49
29.20,59.64
29.20,59.62
29.20,58.97
29.20,60.84
29.20,58.47
29.20,56.64
29.20,59.82
29.21,62.24
29.21,60.85
29.21,57.98
29.21,58.98
29.22,57.87
29.22,63.33
29.22,56.55
29.22,60.85
29.22,59.36
29.22,57.96
29.23,59.27
29.23,61.75
29.23,58.17
29.23,61.98
29.23,58.09
29.23,59.1
29.23,58.52
29.23,64.85
29.23,59.32
29.24,58.0
29.24,57.52
29.24,58.78
29.24,59.58
29.24,58.38
29.25,57.33
29.25,57.69
29.25,57.53
29.25,61.69
29.25,54.15
29.25,58.75
29.25,62.44
29.25,58.51
29.25,57.74
29.26,59.91
29.26,56.55
29.26,59.56
29.26,61.2
29.26,59.21
29.26,56.36
29.26,58.32
29.26,59.44
29.26,58.49
29.26,57.99
29.26,59.78
29.26,62.17
29.26,61.57
29.26,57.86
29.27,56.06
29.27,59.63
29.27,57.44
29.27,59.92
29.27,57.81
29.27,59.16
29.27,62.08
29.27,59.23
29.27,59.52
29.27,59.38
29.27,56.26
29.27,62.2
29.28,55.73
29.28,55.81
29.28,61.84
29.28,55.96
29.28,59.22
29.28,60.27
29.28,58.93
29.28,56.01
29.28,58.17
29.28,62.15
29.28,59.55
29.29,57.17
29.29,60.91
29.29,60.23
29.29,58.17
29.29,57.04
29.29,60.23
29.29,61.21
29.29,58.14
29.29,60.59
29.30,58.6
29.30,60.73
29.30,63.17
29.30,56.78
29.30,62.92
29.30,62.22
29.30,60.29
29.31,59.91
29.31,59.79
29.31,61.14
29.31,59.63
29.31,57.57
29.31,60.76
29.31,60.0
29.31,59.81
29.31,60.6
29.31,59.68
29.31,59.5
29.31,61.42
29.31,61.83
29.31,61.56
29.32,58.47
29.32,59.92
29.32,62.15
29.32,61.22
29.32,60.92
29.32,59.13
29.32,57.98
29.32,61.2
29.33,60.51
29.33,60.16
29.33,59.44
29.33,60.04
29.33,59.5
29.33,59.09
29.34,62.94
29.34,58.71
29.34,56.2
29.34,59.2
29.34,59.01
29.34,64.19
29.34,60.9
29.34,62.8
29.35,58.28
29.35,57.52
29.35,60.27
29.35,57.94
29.35,56.37
29.35,59.06
29.35,60.37
29.35,56.83
29.35,60.8
29.35,60.82
29.35,58.87
29.35,59.83
29.35,60.1
29.35,61.2
29.35,58.34
29.36,56.1
29.36,56.43
29.36,63.18
29.36,59.19
29.36,62.92
29.36,55.39
29.36,58.53
29.36,61.46
29.36,61.37
29.36,57.4
29.36,60.49
29.36,61.62
29.37,54.11
29.37,59.95
29.37,61.07
29.37,61.24
29.37,58.52
29.37,61.37
29.38,62.51
29.38,59.76
29.38,59.31
29.38,58.15
29.38,54.69
29.38,57.63
29.38,61.94
29.39,58.7
29.39,59.85
29.39,59.97
29.39,59.14
29.39,59.51
29.39,59.74
29.39,55.58
29.39,59.46
29.39,60.53
29.39,58.09
29.39,59.61
29.39,59.0
29.40,59.9
29.40,59.92
29.40,61.56
29.40,63.76
29.40,58.17
29.40,60.58
29.41,58.56
29.41,57.62
29.41,59.65
29.41,59.78
29.41,61.46
29.41,58.33
29.42,59.65
29.42,60.38
29.42,60.46
29.42,55.53
29.42,59.33
29.42,59.12
29.42,61.81
29.42,59.35
29.42,59.03
29.42,58.18
29.43,61.39
29.43,58.19
29.43,63.57
29.43,57.91
29.43,59.05
29.43,62.51
29.43,61.34
29.43,59.95
29.43,61.53
29.44,60.26
29.44,56.74
29.44,60.79
29.44,58.52
29.44,59.6
29.44,60.91
29.44,59.03
29.44,57.82
29.44,58.53
29.44,61.42
29.45,58.45
29.45,61.53
29.45,58.56
29.45,62.77
29.45,55.52
29.45,61.67
29.45,60.18
29.46,61.25
29.46,59.16
29.46,59.34
29.46,60.66
29.46,59.67
29.46,57.14
29.46,62.81
29.46,58.27
29.46,58.39
29.46,59.71
29.46,62.35
29.47,59.11
29.47,67.47
29.48,62.19
29.48,62.64
29.48,62.43
29.48,60.74
29.48,61.71
29.48,59.83
29.48,62.39
29.48,59.58
29.48,59.55
29.48,57.32
29.49,62.15
29.50,60.52
29.50,59.34
29.50,61.47
29.50,61.06
29.50,62.72
29.51,60.39
29.51,60.04
29.51,64.18
29.51,58.0
29.51,62.28
29.51,56.91
29.51,59.83
29.51,59.37
29.51,61.47
29.52,57.87
29.52,60.75
29.52,60.3
29.52,59.5
29.52,61.04
29.52,57.26
29.52,61.75
29.52,61.05
29.52,61.89
29.52,60.21
29.52,57.04
29.52,62.27
29.53,65.7
29.53,60.45
29.53,59.57
29.53,61.78
29.53,62.36
29.53,60.89
29.53,56.31
29.53,62.01
29.53,56.67
29.53,62.7
29.53,63.79
29.53,60.46
29.53,59.05
29.54,60.16
29.54,58.89
29.54,61.47
29.54,60.62
29.54,59.02
29.54,61.94
29.55,61.5
29.55,60.13
29.55,59.8
29.56,57.75
29.56,58.93
29.56,63.97
29.56,60.9
29.56,63.66
29.56,60.5
29.56,60.89
29.57,63.12
29.57,62.06
29.57,59.05
29.57,60.48
29.57,61.5
29.57,60.73
29.58,59.98
29.58,64.42
29.58,60.38
29.58,58.82
29.58,59.33
29.58,61.69
29.58,59.26
29.58,64.03
29.59,59.02
29.59,58.7
29.59,58.36
29.59,60.04
29.59,63.11
29.59,59.51
30.00,64.25
30.00,59.8
30.00,59.22
30.00,61.22
30.00,62.09
30.00,61.14
30.00,60.42
30.00,62.41
30.01,59.99
30.01,61.15
30.01,58.1
30.01,58.51
30.01,61.89
30.01,60.45
30.01,60.96
30.01,63.24
30.01,59.68
30.02,60.15
30.02,61.12
30.02,62.41
30.02,62.12
30.02,61.93
30.03,60.91
30.03,62.02
30.03,61.84
30.03,60.72
30.03,63.46
30.03,62.56
30.03,62.02
30.04,63.32
30.04,60.16
30.04,56.95
30.04,61.35
30.04,64.59
30.04,57.68
30.04,59.93
30.04,58.91
30.04,58.27
30.04,60.43
30.04,58.26
30.04,60.97
30.04,64.22
30.04,61.34
30.05,56.96
30.05,56.98
30.05,61.65
30.06,61.46
30.06,61.39
30.06,63.29
30.06,63.22
30.06,61.77
30.06,62.56
30.06,60.15
30.06,61.78
30.06,60.61
30.07,61.18
30.07,60.48
30.07,57.3
30.07,62.19
30.07,60.07
30.07,63.08
30.07,58.87
30.07,61.61
30.07,59.39
30.08,62.41
30.08,60.57
30.08,61.27
30.08,60.9
30.08,60.01
30.08,60.39
30.08,61.81
30.08,59.24
30.09,62.02
30.09,63.13
30.09,60.56
30.09,58.9
30.09,62.21
30.09,59.98
30.09,58.66
30.09,64.98
30.09,57.6
30.09,61.77
30.09,63.48
30.09,62.15
30.10,60.94
30.10,64.62
30.10,59.85
30.10,60.11
30.10,63.11
30.10,58.82
30.10,58.6
30.10,60.07
30.10,62.46
30.10,63.44
30.11,61.83
30.11,61.67
30.11,59.4
30.11,61.02
30.11,58.86
30.11,63.2
30.11,62.58
30.12,65.54
30.12,60.8
30.12,60.64
30.12,58.23
30.12,61.66
30.12,61.53
30.12,59.65
30.12,57.96
30.12,63.87
30.12,61.86
30.12,62.91
30.12,61.57
30.12,64.85
30.13,59.78
30.13,65.0
30.13,62.05
30.13,64.63
30.13,61.93
30.13,62.75
30.13,57.34
30.13,62.19
30.13,61.81
30.14,64.68
30.14,59.39
30.14,59.46
30.14,59.04
30.14,63.98
30.14,58.34
30.15,59.02
30.15,59.32
30.15,58.78
30.15,58.32
30.15,60.43
30.15,59.98
30.15,58.93
30.16,64.57
30.16,62.63
30.16,61.3
30.16,57.92
30.16,63.92
30.16,62.04
30.16,61.88
30.16,59.62
30.16,60.73
30.16,63.82
30.17,61.95
30.17,61.56
30.17,63.06
30.17,62.56
30.17,59.28
30.18,61.02
30.18,57.75
30.18,60.1
30.18,59.29
30.18,63.8
30.18,63.51
30.18,63.35
30.18,60.88
30.19,61.99
30.19,56.59
30.19,61.02
30.19,59.32
30.19,59.42
30.19,63.49
30.19,62.69
30.19,60.42
30.19,59.34
30.19,57.82
30.19,62.72
30.19,60.62
30.20,56.97
30.20,60.83
30.20,60.78
30.20,62.39
30.20,58.25
30.20,66.14
30.20,62.47
30.20,62.2
30.20,60.76
30.20,62.32
30.20,59.89
30.20,63.0
30.20,59.33
30.20,60.45
30.21,61.29
30.21,63.63
30.21,60.24
30.21,60.65
30.21,59.12
30.22,61.59
30.22,62.9
30.22,62.24
30.22,57.98
30.22,62.92
30.22,62.82
30.22,63.3
30.23,63.13
30.23,63.0
30.23,63.12
30.23,60.74
30.23,61.17
30.23,58.7
30.23,63.58
30.23,58.43
30.24,62.68
30.24,65.65
30.24,58.9
30.25,62.97
30.25,63.43
30.25,60.66
30.25,60.74
30.26,61.49
30.26,58.54
30.26,62.99
30.26,61.23
30.26,59.02
30.26,57.86
30.27,64.6
30.27,59.83
30.27,59.18
30.27,59.35
30.27,63.58
30.27,63.63
30.27,60.72
30.27,61.19
30.28,58.09
30.28,62.93
30.28,60.26
30.28,62.54
30.28,60.3
30.28,60.21
30.29,61.26
30.29,59.83
30.29,58.19
30.29,58.4
30.29,59.06
30.29,56.15
30.29,60.56
30.29,61.7
30.30,60.73
30.30,58.91
30.30,60.14
30.30,61.2
30.30,59.42
30.30,60.15
30.30,63.81
30.30,62.45
30.30,58.53
30.30,60.62
30.30,64.29
30.30,59.49
30.30,61.94
30.31,58.64
30.31,62.13
30.31,64.01
30.31,65.55
30.31,64.3
30.31,61.63
30.31,62.06
30.31,60.71
30.31,60.36
30.31,62.65
30.31,60.11
30.31,62.39
30.31,60.34
30.31,60.14
30.31,63.18
30.32,58.27
30.32,60.68
30.32,62.07
30.32,61.66
30.32,58.2
30.33,61.88
30.33,62.85
30.33,63.67
30.33,62.31
30.33,60.92
30.33,60.19
30.33,60.86
30.33,59.52
30.33,60.72
30.33,60.25
30.33,61.34
30.34,59.18
30.34,62.58
30.34,58.67
30.34,60.86
30.34,61.26
30.34,61.46
30.34,59.62
30.35,62.22
30.35,59.44
30.35,60.24
30.35,58.53
30.35,62.43
30.35,64.81
30.35,59.19
30.35,60.62
30.35,63.13
30.35,62.34
30.35,59.56
30.36,64.95
30.36,58.85
30.36,64.26
30.36,62.31
30.36,60.76
30.36,60.6
30.36,65.71
30.36,63.22
30.36,62.98
30.37,60.85
30.37,60.88
30.37,61.3
30.37,61.0
30.37,63.3
30.37,61.59
30.37,59.38
30.37,59.75
30.37,65.44
30.38,61.44
30.38,60.87
30.38,62.14
30.38,58.26
30.38,60.11
30.38,62.42
30.38,64.43
30.38,62.28
30.38,64.34
30.38,62.14
30.38,61.89
30.39,63.36
30.39,63.59
30.39,63.82
30.39,61.02
30.39,61.44
30.39,64.1
30.39,62.45
30.39,60.66
30.39,60.37
30.39,56.66
30.39,61.87
30.39,62.76
30.40,60.7
30.40,63.6
30.40,58.33
30.40,61.43
30.40,62.27
30.41,67.45
30.41,63.02
30.41,61.75
30.41,63.62
30.41,61.6
30.41,63.55
30.42,59.36
30.42,62.9
30.42,61.33
30.42,59.16
30.42,61.15
30.42,62.06
30.43,62.14
30.43,64.54
30.43,60.59
30.43,64.15
30.43,64.41
30.43,63.1
30.43,62.04
30.43,60.27
30.43,60.58
30.43,61.62
30.43,61.88
30.43,63.21
30.43,63.34
30.44,62.85
30.44,63.77
30.44,60.86
30.44,61.63
30.45,64.65
30.45,59.52
30.45,62.71
30.45,61.09
30.45,61.67
30.45,62.16
30.46,60.77
30.46,59.28
30.46,62.75
30.46,66.05
30.46,62.14
30.46,62.35
30.46,63.85
30.46,60.78
30.46,60.31
30.46,60.08
30.47,60.94
30.47,58.47
30.47,60.66
30.47,60.19
30.47,64.81
30.47,63.44
30.47,64.17
30.47,62.84
30.47,59.25
30.47,60.66
30.47,62.43
30.47,61.7
30.47,60.56
30.48,63.89
30.48,66.37
30.48,62.69
30.48,67.56
30.49,60.87
30.49,61.82
30.49,59.74
30.49,61.22
30.49,63.17
30.49,65.2
30.49,62.19
30.50,65.3
30.50,62.38
30.50,58.17
30.50,63.63
30.50,58.69
30.50,62.06
30.50,64.54
30.50,60.96
30.50,62.76
30.50,63.88
30.50,61.99
30.50,59.96
30.51,60.85
30.51,61.86
30.51,61.2
30.51,63.39
30.51,63.85
30.51,59.5
30.52,59.82
30.52,64.78
30.52,58.35
30.52,61.58
30.52,65.12
30.52,62.1
30.52,62.01
30.53,61.12
30.53,63.8
30.53,62.89
30.53,59.39
30.53,62.59
30.53,62.07
30.53,59.0
30.54,61.05
30.54,57.79
30.54,62.47
30.54,62.96
30.54,65.36
30.54,64.38
30.55,60.48
30.55,63.32
30.55,60.9
30.55,60.93
30.55,63.95
30.55,61.88
30.55,62.93
30.55,61.22
30.56,65.13
30.56,57.12
30.56,62.2
30.56,63.21
30.56,61.37
30.56,62.62
30.56,60.87
30.56,60.69
30.56,61.04
30.57,64.51
30.57,60.2
30.57,61.87
30.57,61.59
30.57,64.2
30.57,61.88
30.57,62.56
30.57,61.01
30.57,62.34
30.57,60.02
30.58,62.43
30.58,63.61
30.58,62.54
30.58,64.75
30.58,57.52
30.58,65.74
30.58,58.3
30.58,63.92
30.59,61.46
30.59,63.36
30.59,64.64
30.59,63.86
30.59,62.27
30.59,62.37
30.59,64.74
31.00,60.93
31.00,63.63
31.00,61.1
31.00,62.1
31.00,64.75
31.00,60.35
31.01,60.51
31.01,60.73
31.01,62.26
31.01,62.58
31.01,62.66
31.01,59.34
31.01,59.82
31.01,59.3
31.01,60.56
31.01,62.79
31.01,59.92
31.02,64.05
31.02,59.46
31.02,65.43
31.02,60.08
31.02,58.94
31.02,63.68
31.02,62.98
31.02,62.89
31.02,63.75
31.02,58.51
31.02,58.08
31.02,60.98
31.02,64.91
31.02,66.72
31.02,61.02
31.03,63.02
31.03,60.68
31.03,60.62
31.03,57.96
31.03,61.57
31.03,63.09
31.03,63.85
31.04,62.04
31.04,56.24
31.04,60.58
31.04,62.08
31.04,61.92
31.04,61.13
31.04,64.26
31.05,64.87
31.05,64.56
31.05,63.02
31.05,65.38
31.05,59.7
31.05,63.05
31.05,60.31
31.06,63.9
31.06,62.06
31.06,61.2
31.06,62.1
31.06,61.93
31.06,59.39
31.06,59.72
31.06,61.81
31.06,61.35
31.06,62.22
31.06,63.72
31.06,60.12
31.06,61.84
31.06,64.44
31.06,63.03
31.06,60.86
31.07,63.23
31.07,59.09
31.07,61.09
31.07,64.27
31.07,60.67
31.07,60.74
31.08,62.07
31.08,63.48
31.08,65.14
31.08,62.49
31.08,63.56
31.08,67.99
31.08,61.78
31.08,58.96
31.08,62.99
31.08,64.68
31.08,60.75
31.08,63.1
31.08,63.69
31.09,66.5
31.09,65.11
31.09,62.69
31.09,66.4
31.09,62.43
31.09,65.23
31.09,63.67
31.10,60.46
31.10,65.82
31.10,63.11
31.10,60.29
31.10,60.04
31.10,63.03
31.10,62.07
31.10,65.16
31.11,64.81
31.11,62.25
31.11,62.74
31.11,66.22
31.11,66.52
31.11,66.87
31.11,59.44
31.12,65.09
31.12,60.63
31.12,63.44
31.12,59.16
31.12,62.19
31.12,62.52
31.12,63.17
31.13,61.89
31.13,60.85
31.13,64.89
31.13,62.04
31.13,62.53
31.13,60.43
31.13,61.51
31.13,60.1
31.14,62.48
31.14,64.69
31.14,60.56
31.14,62.03
31.14,66.32
31.15,64.48
31.15,58.85
31.15,61.86
31.15,64.22
31.15,62.83
31.15,62.64
31.15,64.02
31.15,63.16
31.15,64.3
31.15,65.18
31.15,61.51
31.16,64.09
31.16,61.02
31.16,59.16
31.16,61.09
31.16,57.81
31.16,65.76
31.17,61.85
31.17,61.89
31.17,60.21
31.17,63.79
31.17,59.47
31.17,60.04
31.17,60.92
31.18,60.08
31.18,67.04
31.18,65.42
31.18,65.1
31.18,59.46
31.18,62.02
31.18,62.75
31.18,67.55
31.18,62.88
31.18,63.19
31.18,62.98
31.19,62.37
31.19,65.45
31.19,60.69
31.19,65.18
31.19,64.28
31.19,62.44
31.19,59.78
31.19,65.67
31.19,62.05
31.20,62.08
31.20,63.65
31.20,63.73
31.20,63.36
31.20,62.09
31.20,62.41
31.20,61.63
31.20,63.84
31.20,64.48
31.20,60.65
31.20,63.74
31.21,61.52
31.21,62.87
31.21,62.68
31.21,61.79
31.22,65.02
31.22,61.17
31.22,67.1
31.22,61.85
31.22,63.55
31.23,67.72
31.23,60.39
31.23,61.19
31.23,62.63
31.23,64.38
31.23,63.75
31.23,65.62
31.23,63.82
31.24,63.25
31.24,61.79
31.24,62.32
31.24,60.12
31.25,63.29
31.25,61.0
31.25,64.67
31.25,64.84
31.25,63.23
31.25,64.88
31.25,63.24
31.25,63.0
31.25,62.67
31.26,62.71
31.26,63.72
31.26,59.41
31.26,65.2
31.26,63.9
31.26,65.53
31.27,58.94
31.27,58.64
31.27,60.78
31.27,63.34
31.27,65.0
31.27,64.62
31.27,65.71
31.28,67.07
31.28,64.4
31.28,62.86
31.28,62.33
31.28,63.13
31.28,64.01
31.29,63.4
31.29,61.47
31.29,58.4
31.29,62.42
31.29,66.28
31.29,62.92
31.29,62.95
31.30,67.45
31.30,63.96
31.30,64.06
31.30,63.55
31.30,64.07
31.30,66.15
31.30,60.73
31.31,62.91
31.31,61.45
31.31,64.23
31.31,64.7
31.31,63.76
31.31,60.02
31.31,60.84
31.31,62.71
31.31,63.8
31.31,58.97
31.32,66.38
31.32,63.72
31.32,62.39
31.32,65.02
31.32,63.18
31.32,62.69
31.32,64.74
31.33,63.13
31.33,61.46
31.33,67.09
31.33,60.81
31.33,64.05
31.33,63.15
31.33,61.55
31.34,63.32
31.34,62.79
31.34,61.82
31.34,62.25
31.34,64.59
31.34,64.51
31.34,62.01
31.34,62.94
31.34,60.76
31.34,65.83
31.35,64.15
31.35,62.99
31.35,62.91
31.35,61.26
31.35,62.83
31.35,65.51
31.35,65.63
31.36,67.75
31.36,65.39
31.36,65.52
31.37,65.27
31.37,62.88
31.37,64.89
31.37,63.21
31.37,68.52
31.37,63.84
31.37,64.22
31.37,63.0
31.37,60.84
31.38,68.36
31.38,64.7
31.38,65.33
31.38,61.82
31.38,65.78
31.38,61.64
31.38,62.05
31.39,63.96
31.39,68.17
31.39,63.39
31.39,65.49
31.39,62.85
31.39,64.14
31.39,65.06
31.39,63.34
31.40,65.14
31.40,65.35
31.40,61.94
31.40,65.43
31.40,60.44
31.41,63.65
31.41,63.83
31.41,63.87
31.41,63.73
31.41,60.56
31.41,62.13
31.41,63.52
31.41,62.66
31.42,66.21
31.42,65.76
31.42,66.24
31.42,64.34
31.42,62.12
31.42,69.91
31.42,61.19
31.42,66.42
31.42,66.1
31.43,67.44
31.43,65.7
31.43,61.39
31.43,63.88
31.43,68.28
31.43,67.53
31.43,64.52
31.43,65.26
31.43,62.5
31.43,63.08
31.43,62.51
31.44,64.93
31.44,63.34
31.44,65.68
31.44,68.0
31.44,59.07
31.44,61.97
31.44,59.8
31.45,62.74
31.45,62.44
31.45,69.21
31.45,65.28
31.45,61.73
31.45,65.7
31.45,62.98
31.45,62.84
31.46,61.3
31.46,63.88
31.46,64.22
31.46,63.81
31.46,63.36
31.46,64.02
31.46,67.7
31.46,65.53
31.46,64.38
31.47,62.74
31.47,63.64
31.47,63.72
31.47,61.32
31.47,59.42
31.47,63.9
31.47,59.93
31.47,63.67
31.47,63.16
31.48,64.33
31.48,63.45
31.48,64.13
31.48,65.03
31.48,62.77
31.48,66.2
31.48,63.65
31.48,65.67
31.49,63.63
31.49,65.52
31.49,58.97
31.49,66.24
31.49,63.05
31.49,66.27
31.49,62.32
31.49,63.47
31.49,58.81
31.50,64.62
31.50,63.75
31.50,63.97
31.50,60.93
31.50,60.29
31.50,66.32
31.50,62.89
31.50,66.01
31.51,64.38
31.51,65.76
31.51,64.12
31.51,60.78
31.51,65.08
31.51,63.01
31.51,66.8
31.51,61.65
31.51,64.49
31.51,63.82
31.51,67.43
31.51,62.59
31.51,65.23
31.51,65.43
31.51,61.09
31.51,64.42
31.52,59.79
31.52,61.25
31.52,60.41
31.52,66.14
31.52,63.34
31.52,62.93
31.52,61.46
31.52,63.96
31.52,62.35
31.52,62.31
31.52,64.36
31.52,66.5
31.52,66.11
31.53,64.06
31.53,65.47
31.53,59.94
31.53,66.53
31.53,62.98
31.53,64.02
31.53,64.97
31.53,63.98
31.53,66.68
31.53,63.48
31.54,65.8
31.54,62.74
31.54,62.06
31.54,63.79
31.54,63.95
31.54,64.49
31.54,64.15
31.54,65.21
31.54,69.29
31.54,66.06
31.54,63.51
31.54,64.61
31.55,63.61
31.55,66.07
31.55,62.24
31.55,60.83
31.55,65.26
31.55,65.29
31.55,61.31
31.55,67.53
31.55,62.91
31.56,66.29
31.56,64.01
31.56,62.09
31.56,57.85
31.56,63.2
31.56,61.5
31.56,66.36
31.56,65.11
31.56,64.33
31.57,62.09
31.57,64.54
31.57,66.62
31.57,63.16
31.57,67.22
31.58,63.59
31.58,64.33
31.58,64.14
31.58,68.26
31.58,65.52
31.58,58.29
31.59,61.61
31.59,64.85
31.59,65.08
31.59,62.62
31.59,64.37
31.59,63.88
32.00,66.95
32.00,61.6
32.00,59.9
32.00,63.72
32.00,67.75
32.00,61.95
32.00,65.95
32.00,62.23
32.00,65.79
32.01,62.38
32.01,66.12
32.01,61.71
32.01,63.36
32.01,63.93
32.01,66.37
32.01,61.85
32.01,63.23
32.01,63.77
32.01,64.42
32.02,64.41
32.02,63.46
32.02,63.63
32.02,67.26
32.02,62.7
32.02,61.02
32.02,63.35
32.02,64.85
32.02,64.24
32.02,63.44
32.03,64.41
32.03,62.1
32.03,60.9
32.03,63.63
32.03,65.45
32.03,65.31
32.03,64.35
32.04,65.44
32.04,63.66
32.04,63.62
32.04,64.91
32.04,63.33
32.04,63.61
32.04,65.68
32.05,62.62
32.05,61.27
32.05,64.81
32.05,64.15
32.05,63.36
32.05,66.99
32.05,64.37
32.05,59.96
32.06,64.06
32.06,62.61
32.06,65.01
32.06,65.7
32.06,66.85
32.06,61.81
32.06,66.43
32.06,64.57
32.06,62.09
32.07,63.76
32.07,64.06
32.07,65.6
32.07,65.81
32.07,61.46
32.07,65.47
32.07,64.96
32.07,63.17
32.07,64.61
32.07,67.03
32.07,64.46
32.07,64.8
32.08,60.4
32.08,65.69
32.08,59.82
32.08,64.56
32.08,61.31
32.08,67.18
32.09,67.13
32.09,63.02
32.09,66.38
32.09,67.28
32.09,66.45
32.09,63.62
32.09,61.46
32.09,67.55
32.09,66.98
32.10,64.09
32.10,64.35
32.10,61.25
32.10,66.73
32.10,65.84
32.10,66.4
32.10,68.02
32.10,63.14
32.11,63.98
32.11,65.56
32.11,68.86
32.11,64.71
32.11,64.74
32.11,60.68
32.11,64.75
32.12,65.77
32.12,66.26
32.12,62.62
32.12,65.19
32.13,65.19
32.13,63.45
32.13,63.82
32.13,64.52
32.13,64.63
32.13,62.79
32.13,67.05
32.13,64.65
32.14,58.93
32.14,66.53
32.14,64.52
32.14,65.8
32.14,65.75
32.14,61.24
32.15,63.76
32.15,63.54
32.15,66.01
32.15,64.19
32.15,64.4
32.15,64.52
32.15,61.61
32.15,62.99
32.15,66.37
32.16,64.5
32.16,64.68
32.16,64.9
32.16,64.54
32.16,65.65
32.17,60.82
32.17,61.2
32.17,64.26
32.17,63.15
32.17,67.55
32.17,64.18
32.17,61.25
32.17,68.47
32.17,62.32
32.17,64.68
32.17,63.4
32.17,68.31
32.18,61.44
32.18,64.79
32.18,62.34
32.18,67.83
32.18,65.22
32.18,61.51
32.18,62.2
32.18,66.55
32.18,64.79
32.18,68.23
32.18,65.0
32.19,61.68
32.19,63.58
32.19,60.94
32.19,63.96
32.19,67.52
32.19,63.53
32.19,67.83
32.19,66.31
32.20,66.22
32.20,60.05
32.20,62.78
32.20,65.97
32.20,66.3
32.20,60.91
32.20,68.6
32.21,63.94
32.21,62.09
32.21,66.48
32.21,66.96
32.22,64.25
32.22,64.38
32.22,66.54
32.22,64.67
32.22,67.72
32.22,64.02
32.22,66.16
32.22,66.3
32.22,68.78
32.23,64.07
32.23,61.93
32.23,63.18
32.23,66.4
32.23,65.75
32.23,64.27
32.23,65.76
32.23,63.31
32.23,64.69
32.24,66.99
32.24,64.98
32.24,64.83
32.24,66.49
32.24,63.02
32.24,64.79
32.24,64.86
32.24,64.87
32.24,65.0
32.24,64.65
32.24,67.33
32.25,61.08
32.25,66.32
32.25,67.1
32.25,65.83
32.25,62.55
32.25,63.42
32.25,62.6
32.25,66.14
32.25,67.03
32.25,63.33
32.25,64.97
32.25,66.22
32.25,62.56
32.25,62.38
32.26,65.0
32.26,64.74
32.26,64.18
32.26,65.76
32.26,66.74
32.26,66.06
32.26,64.04
32.27,65.33
32.27,64.55
32.27,61.93
32.27,66.59
32.27,66.12
32.27,63.39
32.27,63.5
32.28,62.74
32.28,64.21
32.28,62.24
32.28,64.83
32.28,66.82
32.28,63.12
32.28,68.64
32.28,65.86
32.28,63.34
32.28,62.48
32.29,64.81
32.29,65.04
32.29,62.76
32.29,61.81
32.29,65.23
32.29,61.87
32.29,64.54
32.29,69.0
32.29,67.23
32.29,61.73
32.29,64.38
32.30,66.2
32.30,68.46
32.30,65.01
32.30,67.77
32.30,63.5
32.30,66.07
32.30,65.58
32.30,66.65
32.30,64.4
32.30,64.51
32.30,66.66
32.31,66.34
32.31,64.02
32.31,61.47
32.31,67.31
32.31,66.64
32.31,66.95
32.31,67.56
32.31,62.16
32.32,65.07
32.32,63.15
32.32,66.74
32.32,66.83
32.32,62.14
32.32,66.87
32.32,64.28
32.33,68.4
32.33,66.04
32.33,67.99
32.33,60.85
32.33,60.97
32.33,60.72
32.33,65.58
32.33,66.14
32.33,62.62
32.33,66.63
32.34,65.52
32.34,64.4
32.34,67.2
32.34,61.68
32.34,68.97
32.34,63.87
32.34,66.63
32.34,65.79
32.34,67.47
32.35,66.16
32.35,66.59
32.35,66.39
32.35,64.96
32.35,63.56
32.35,68.68
32.35,66.51
32.35,66.85
32.35,63.65
32.36,64.89
32.36,67.79
32.36,63.88
32.36,70.09
32.36,66.24
32.36,65.75
32.36,67.35
32.36,64.85
32.36,64.73
32.37,67.52
32.37,67.13
32.37,64.24
32.37,67.39
32.37,66.32
32.37,65.52
32.37,64.13
32.37,62.52
32.37,63.91
32.37,67.08
32.37,63.23
32.38,66.64
32.38,67.46
32.38,69.0
32.38,64.09
32.38,66.77
32.38,63.72
32.39,66.98
32.39,68.12
32.39,67.52
32.39,64.69
32.39,69.46
32.39,66.22
32.39,63.68
32.39,69.04
32.39,68.69
32.39,66.86
32.40,64.58
32.40,63.45
32.40,68.05
32.41,67.35
32.41,64.28
32.41,65.09
32.41,64.28
32.41,64.6
32.41,66.95
32.42,64.31
32.42,64.4
32.42,68.61
32.42,65.41
32.42,64.98
32.42,66.67
32.43,66.07
32.43,61.81
32.43,65.09
32.43,65.19
32.43,64.38
32.43,67.79
32.43,67.08
32.43,64.57
32.44,66.06
32.44,65.83
32.44,62.08
32.44,66.31
32.44,65.8
32.44,64.44
32.44,67.17
32.44,64.99
32.45,66.66
32.45,66.24
32.45,66.86
32.45,65.1
32.45,65.39
32.46,68.24
32.46,65.31
32.46,64.65
32.46,64.12
32.46,65.67
32.46,66.13
32.46,64.52
32.46,63.75
32.47,68.72
32.47,66.24
32.47,63.37
32.47,62.25
32.47,65.22
32.47,70.07
32.47,69.2
32.48,62.13
32.48,62.27
32.48,64.88
32.48,64.9
32.48,67.57
32.48,63.68
32.48,70.09
32.48,67.26
32.48,62.33
32.48,63.27
32.48,65.21
32.48,66.63
32.48,68.9
32.48,68.36
32.48,66.52
32.49,70.22
32.49,71.14
32.49,64.5
32.49,66.44
32.49,69.46
32.49,68.55
32.49,65.77
32.49,64.56
32.49,65.3
32.49,63.33
32.49,64.44
32.49,66.89
32.50,67.08
32.50,64.09
32.50,65.6
32.51,68.92
32.51,66.41
32.51,65.88
32.51,64.37
32.51,69.18
32.51,65.63
32.51,65.24
32.51,64.51
32.51,68.11
32.51,62.44
32.52,69.81
32.52,62.69
32.52,66.71
32.52,67.15
32.52,69.13
32.52,67.17
32.53,68.99
32.53,66.04
32.53,68.9
32.53,67.1
32.53,64.16
32.53,68.12
32.53,64.15
32.54,67.62
32.54,62.44
32.54,66.45
32.54,65.35
32.54,66.09
32.54,65.73
32.54,65.25
32.54,66.95
32.55,67.35
32.55,65.19
32.55,66.39
32.56,64.93
32.56,67.29
32.56,64.44
32.56,63.58
32.57,65.87
32.57,66.8
32.57,61.97
32.57,68.63
32.57,67.13
32.57,65.97
32.57,63.66
32.57,61.0
32.57,66.53
32.57,63.93
32.57,65.25
32.57,69.05
32.58,66.93
32.58,63.32
32.58,66.22
32.58,64.63
32.58,65.85
32.58,68.34
32.58,68.83
32.58,67.9
32.58,67.87
32.58,65.65
32.59,59.71
32.59,68.17
32.59,66.76
32.59,67.75
32.59,66.7
32.59,64.84
32.59,68.0
32.59,67.35
32.59,66.69
32.59,66.32
32.59,66.9
32.59,66.02
33.00,67.24
33.00,65.63
33.00,64.53
33.00,66.49
33.00,69.86
33.00,65.51
33.00,67.92
33.00,66.24
33.00,67.9
33.00,68.46
33.01,66.21
33.01,65.7
33.01,62.35
33.01,65.8
33.01,64.74
33.01,66.75
33.01,62.65
33.02,67.21
33.02,67.5
33.02,64.71
33.02,66.91
33.02,67.37
33.02,65.58
33.02,65.68
33.02,62.35
33.02,65.94
33.02,66.58
33.03,66.47
33.03,67.77
33.03,70.38
33.03,65.3
33.03,65.54
33.03,67.4
33.03,66.1
33.03,63.48
33.03,61.93
33.04,68.9
33.04,69.32
33.04,62.26
33.04,65.81
33.04,66.08
33.04,65.38
33.04,66.51
33.04,66.15
33.05,62.19
33.05,66.25
33.05,64.41
33.05,65.49
33.05,67.18
33.05,68.51
33.05,64.0
33.05,64.07
33.06,64.87
33.06,68.13
33.06,66.23
33.06,63.32
33.06,65.14
33.06,63.45
33.06,67.26
33.06,65.01
33.06,67.56
33.06,63.76
33.07,69.43
33.07,65.13
33.07,67.91
33.07,65.25
33.07,67.73
33.07,64.23
33.07,65.16
33.08,66.04
33.08,65.03
33.08,62.24
33.08,67.73
33.08,67.22
33.08,67.3
33.08,66.23
33.09,60.58
33.09,65.83
33.09,65.93
33.09,67.34
33.09,69.63
33.10,67.47
33.10,62.05
33.10,66.08
33.10,67.73
33.10,66.5
33.10,64.88
33.10,66.52
33.11,67.88
33.11,66.31
33.11,65.52
33.11,63.93
33.11,67.25
33.11,67.16
33.11,65.35
33.11,69.41
33.11,67.76
33.11,67.11
33.11,66.38
33.12,67.13
33.12,68.27
33.12,61.81
33.12,65.65
33.12,67.8
33.12,64.12
33.12,65.53
33.12,69.31
33.12,64.92
33.13,67.55
33.13,65.11
33.13,66.31
33.13,71.05
33.13,67.4
33.13,65.8
33.13,66.34
33.13,65.69
33.13,62.98
33.13,68.46
33.13,63.97
33.13,68.38
33.13,66.94
33.13,63.77
33.13,62.65
33.14,67.67
33.14,69.53
33.14,67.83
33.14,67.71
33.14,68.12
33.14,68.64
33.14,67.48
33.14,65.63
33.14,66.62
33.14,65.23
33.15,67.59
33.15,64.43
33.15,67.67
33.15,68.11
33.15,66.87
33.15,65.45
33.15,66.68
33.15,65.83
33.15,65.68
33.16,63.4
33.16,66.64
33.16,64.29
33.16,65.17
33.16,64.03
33.17,68.44
33.17,67.53
33.17,66.16
33.17,66.1
33.17,65.65
33.17,64.75
33.18,65.83
33.18,64.51
33.18,65.29
33.19,66.9
33.19,66.38
33.19,65.77
33.19,68.58
33.19,66.38
33.19,66.51
33.19,66.52
33.19,66.81
33.19,63.71
33.19,67.88
33.20,63.81
33.20,67.88
33.20,64.73
33.20,67.31
33.20,65.81
33.21,66.24
33.21,67.93
33.21,65.22
33.21,64.31
33.21,68.14
33.21,68.25
33.21,65.64
33.21,63.9
33.21,64.84
33.21,65.31
33.22,64.44
33.22,68.02
33.22,69.4
33.22,65.15
33.22,67.0
33.22,66.42
33.22,69.01
33.22,66.49
33.22,67.8
33.23,67.91
33.23,71.26
33.23,66.18
33.23,66.59
33.23,66.15
33.23,65.22
33.23,66.51
33.23,69.07
33.23,67.72
33.24,69.05
33.24,67.57
33.24,65.56
33.24,66.38
33.24,66.44
33.25,66.42
33.25,67.92
33.25,67.92
33.25,68.01
33.25,69.79
33.25,69.01
33.25,69.62
33.25,64.41
33.25,66.49
33.26,68.37
33.26,64.37
33.26,68.78
33.26,67.64
33.26,68.93
33.26,69.69
33.26,67.22
33.26,64.32
33.26,67.38
33.26,67.73
33.27,65.11
33.27,67.41
33.27,65.26
33.27,67.84
33.27,66.81
33.27,68.67
33.27,65.35
33.28,65.65
33.28,65.61
33.28,68.04
33.28,67.72
33.28,67.29
33.28,66.34
33.28,68.67
33.28,67.03
33.28,67.03
33.28,66.11
33.28,64.94
33.28,66.68
33.29,68.67
33.29,67.3
33.29,68.53
33.29,67.71
33.29,68.43
33.29,67.87
33.29,68.49
33.29,68.98
33.29,68.75
33.29,66.09
33.29,69.1
33.29,67.73
33.30,68.72
33.30,64.9
33.30,66.94
33.30,67.6
33.30,65.3
33.30,65.2
33.30,67.06
33.30,66.22
33.30,65.79
33.31,68.52
33.31,65.23
33.31,67.74
33.31,71.51
33.31,68.86
33.31,66.8
33.31,66.56
33.31,64.83
33.31,65.53
33.31,67.04
33.31,68.01
33.31,67.84
33.32,66.36
33.32,66.0
33.32,66.1
33.32,66.17
33.32,70.35
33.32,62.39
33.32,66.04
33.32,69.17
33.32,65.32
33.32,66.81
33.33,63.78
33.33,66.93
33.33,69.67
33.33,66.48
33.33,63.57
33.33,68.44
33.33,68.4
33.33,66.75
33.33,67.07
33.33,68.1
33.33,64.58
33.33,66.38
33.33,64.87
33.33,64.88
33.34,64.39
33.34,68.16
33.34,64.76
33.34,66.13
33.34,66.55
33.35,68.21
33.35,66.48
33.35,64.11
33.35,69.48
33.35,70.4
33.35,65.63
33.35,66.9
33.35,67.54
33.35,66.69
33.35,64.47
33.35,65.19
33.35,66.14
33.35,63.98
33.35,69.0
33.36,69.95
33.36,70.69
33.36,67.69
33.36,65.27
33.36,65.99
33.36,66.02
33.37,65.98
33.37,66.61
33.37,64.88
33.37,64.66
33.37,66.45
33.38,68.46
33.38,66.7
33.38,65.78
33.38,67.05
33.38,66.62
33.38,67.69
33.38,65.44
33.39,66.96
33.39,68.15
33.39,69.83
33.39,68.72
33.39,67.65
33.39,64.07
33.39,66.17
33.39,65.83
33.39,66.79
33.40,67.65
33.40,67.57
33.40,62.95
33.40,67.22
33.40,65.43
33.40,65.02
33.40,68.13
33.40,67.26
33.40,66.06
33.40,74.48
33.41,67.28
33.41,68.62
33.41,68.52
33.41,66.47
33.41,68.26
33.41,68.67
33.42,66.73
33.42,67.46
33.42,65.31
33.42,69.33
33.42,64.09
33.42,69.35
33.42,68.23
33.42,65.79
33.42,67.49
33.42,69.35
33.42,67.34
33.43,69.94
33.43,66.02
33.43,68.16
33.43,71.12
33.43,67.7
33.43,68.22
33.43,68.25
33.43,69.6
33.43,69.03
33.43,68.99
33.43,70.04
33.44,63.66
33.44,66.25
33.44,69.4
33.44,65.91
33.44,69.08
33.44,68.5
33.44,67.32
33.44,64.21
33.44,65.97
33.45,65.15
33.45,66.56
33.45,65.05
33.45,64.76
33.45,64.46
33.45,67.75
33.46,69.04
33.46,65.39
33.46,65.66
33.46,65.44
33.46,65.96
33.46,67.53
33.46,69.65
33.47,69.62
33.47,68.32
33.47,64.42
33.47,69.88
33.47,68.59
33.47,64.97
33.47,69.88
33.47,66.88
33.47,67.13
33.47,67.0
33.48,67.75
33.48,65.82
33.48,66.81
33.48,65.65
33.48,66.36
33.48,67.41
33.48,64.04
33.48,68.0
33.48,68.61
33.49,70.13
33.49,68.27
33.49,69.85
33.49,70.89
33.49,66.21
33.49,68.17
33.49,68.19
33.49,65.63
33.50,62.12
33.50,63.51
33.50,68.7
33.50,66.61
33.50,68.83
33.50,67.39
33.50,68.25
33.50,66.92
33.50,66.69
33.50,68.35
33.51,70.33
33.51,70.23
33.51,66.16
33.51,71.58
33.51,69.08
33.51,65.2
33.51,64.44
33.51,66.8
33.51,67.98
33.52,72.42
33.52,66.87
33.52,68.15
33.52,69.6
33.52,67.23
33.52,66.24
33.52,69.54
33.52,69.31
33.53,71.83
33.53,67.46
33.53,69.25
33.53,68.96
33.53,68.67
33.53,70.23
33.53,64.73
33.53,69.75
33.54,69.07
33.54,67.62
33.54,68.32
33.54,69.95
33.54,68.32
33.54,72.5
33.54,69.67
33.54,69.66
33.54,71.26
33.54,65.44
33.54,69.68
33.55,68.2
33.55,70.43
33.55,67.39
33.55,69.75
33.55,65.67
33.55,68.43
33.55,70.56
33.55,66.06
33.55,65.76
33.55,69.6
33.56,69.3
33.56,69.24
33.56,69.55
33.56,65.91
33.56,70.08
33.56,64.91
33.56,67.33
33.57,69.32
33.57,67.28
33.57,70.94
33.58,66.01
33.58,65.35
33.58,65.08
33.58,65.84
33.58,64.54
33.58,67.95
33.58,67.06
33.58,65.51
33.58,65.35
33.58,69.69
33.58,65.62
33.58,70.27
33.59,69.21
33.59,66.41
33.59,68.21
33.59,69.02
33.59,65.93
33.59,69.27
33.59,69.95
33.59,67.75
33.59,66.42
34.00,66.66
34.00,69.76
34.00,69.05
34.00,69.15
34.00,67.36
34.00,70.66
34.01,63.85
34.01,67.37
34.01,67.71
34.01,68.96
34.01,65.12
34.02,69.13
34.02,63.71
34.02,69.72
34.02,66.86
34.02,67.52
34.02,69.07
34.02,65.58
34.02,69.88
34.02,66.19
34.03,64.78
34.03,65.34
34.03,66.27
34.03,64.62
34.03,66.74
34.03,67.04
34.03,68.12
34.03,68.73
34.03,66.16
34.04,69.18
34.04,63.88
34.04,70.67
34.04,69.31
34.04,71.33
34.04,68.57
34.04,67.68
34.04,66.81
34.04,67.11
34.05,70.3
34.05,69.5
34.05,68.87
34.05,66.97
34.05,62.49
34.05,70.18
34.06,69.25
34.06,67.58
34.06,69.48
34.06,70.46
34.06,65.39
34.06,69.82
34.06,67.4
34.07,67.78
34.07,66.88
34.07,67.72
34.07,71.53
34.07,72.44
34.08,67.22
34.08,69.53
34.08,67.1
34.08,68.04
34.08,66.36
34.08,68.66
34.08,66.21
34.08,66.38
34.08,69.19
34.08,67.3
34.08,69.22
34.08,64.26
34.09,65.88
34.09,65.23
34.09,66.57
34.09,66.61
34.09,68.79
34.09,68.87
34.09,67.01
34.09,69.75
34.09,66.17
34.09,69.73
34.09,67.34
34.10,69.0
34.10,71.49
34.10,70.48
34.10,67.11
34.10,70.59
34.10,65.52
34.10,66.81
34.10,69.82
34.10,68.18
34.11,64.66
34.11,70.05
34.11,70.2
34.11,67.44
34.12,70.72
34.12,68.28
34.12,72.23
34.12,68.9
34.12,66.07
34.12,68.39
34.12,64.91
34.12,67.94
34.13,69.79
34.13,66.58
34.13,67.65
34.13,69.54
34.13,72.34
34.13,68.92
34.14,67.78
34.14,70.51
34.14,68.84
34.14,66.61
34.14,68.86
34.15,68.51
34.15,68.79
34.15,69.74
34.15,68.0
34.15,68.02
34.15,68.81
34.15,66.77
34.15,68.38
34.15,70.5
34.15,69.99
34.15,67.37
34.15,65.54
34.15,66.76
34.16,67.47
34.16,69.77
34.16,69.92
34.16,68.12
34.16,69.8
34.17,68.83
34.17,68.91
34.17,67.51
34.17,68.95
34.17,69.96
34.17,69.64
34.17,69.1
34.17,66.33
34.17,68.14
34.17,69.66
34.17,67.5
34.17,72.12
34.17,65.4
34.18,72.0
34.18,71.2
34.18,69.87
34.18,67.61
34.18,70.42
34.18,67.62
34.18,67.09
34.18,66.76
34.18,65.67
34.18,72.15
34.18,66.99
34.18,69.2
34.18,70.26
34.18,66.74
34.19,70.39
34.19,68.25
34.19,66.3
34.19,67.73
34.19,68.24
34.19,72.8
34.19,66.5
34.19,65.66
34.19,68.44
34.19,72.1
34.19,70.08
34.20,69.86
34.20,68.69
34.20,72.11
34.20,66.68
34.20,67.86
34.20,67.58
34.20,68.36
34.20,70.97
34.20,67.52
34.20,72.99
34.21,71.58
34.21,67.65
34.21,64.15
34.21,71.25
34.21,68.46
34.21,69.45
34.21,67.91
34.21,67.79
34.21,69.33
34.22,67.91
34.22,68.45
34.22,67.29
34.22,67.65
34.22,65.09
34.22,65.47
34.22,70.37
34.22,70.37
34.22,67.93
34.22,65.92
34.22,68.68
34.23,68.82
34.23,72.26
34.23,69.13
34.23,64.36
34.23,70.14
34.23,68.72
34.23,62.31
34.24,67.14
34.24,70.4
34.24,68.26
34.24,67.59
34.24,66.54
34.24,69.41
34.24,68.25
34.24,65.4
34.24,70.97
34.24,72.05
34.24,68.12
34.24,67.03
34.24,68.42
34.25,68.48
34.25,68.64
34.25,69.08
34.25,70.15
34.25,68.31
34.25,67.31
34.25,68.89
34.25,67.27
34.25,67.6
34.25,70.98
34.26,70.22
34.26,67.43
34.26,66.67
34.26,69.73
34.26,67.22
34.26,72.61
34.26,71.74
34.27,71.73
34.27,66.43
34.27,70.91
34.27,67.05
34.27,70.35
34.27,69.69
34.27,69.46
34.27,68.93
34.27,67.53
34.27,68.36
34.27,72.58
34.28,69.25
34.28,71.13
34.28,66.2
34.28,69.31
34.28,67.14
34.28,69.44
34.28,68.21
34.28,70.46
34.28,67.46
34.28,68.02
34.28,67.19
34.28,65.63
34.28,66.99
34.28,69.84
34.28,68.94
34.29,66.01
34.29,69.88
34.29,70.81
34.29,65.59
34.29,69.72
34.29,68.59
34.29,67.52
34.29,70.79
34.30,69.79
34.30,72.25
34.30,68.69
34.30,69.42
34.30,67.4
34.30,69.66
34.30,67.25
34.30,68.0
34.30,70.07
34.30,66.16
34.31,68.19
34.31,70.76
34.31,70.2
34.31,69.32
34.31,67.74
34.31,70.48
34.31,66.6
34.31,66.19
34.31,67.37
34.31,66.63
34.31,67.73
34.32,68.86
34.32,72.49
34.32,68.18
34.32,68.36
34.33,70.4
34.33,71.29
34.33,70.29
34.33,68.51
34.33,72.22
34.33,68.62
34.33,70.23
34.34,70.82
34.34,67.8
34.34,70.97
34.34,68.42
34.34,70.81
34.34,68.03
34.34,70.45
34.35,67.64
34.35,71.61
34.35,68.82
34.35,67.35
34.35,70.07
34.35,67.67
34.35,68.2
34.36,67.88
34.36,69.94
34.36,70.25
34.36,67.6
34.36,71.26
34.36,68.11
34.36,69.5
34.36,68.42
34.37,67.17
34.37,69.51
34.37,68.48
34.37,64.81
34.37,64.2
34.37,70.46
34.37,71.92
34.37,68.12
34.38,69.07
34.38,71.06
34.38,67.67
34.38,69.78
34.39,70.5
34.39,69.41
34.39,66.03
34.39,66.73
34.39,68.84
34.39,69.94
34.39,69.08
34.40,71.69
34.40,71.69
34.40,67.39
34.41,69.51
34.41,69.79
34.41,68.39
34.41,70.15
34.41,68.84
34.41,66.86
34.41,73.39
34.41,68.8
34.41,69.06
34.42,64.97
34.42,68.37
34.42,71.47
34.42,69.94
34.42,69.03
34.42,68.45
34.43,68.84
34.43,70.38
34.43,69.54
34.43,72.48
34.43,68.79
34.43,73.32
34.43,70.12
34.43,68.61
34.43,70.47
34.44,69.59
34.44,67.14
34.44,73.36
34.45,72.34
34.45,70.68
34.45,69.15
34.45,66.91
34.46,69.17
34.46,68.47
34.46,65.85
34.46,69.79
34.46,68.73
34.46,67.14
34.46,69.15
34.46,74.02
34.46,71.78
34.47,69.01
34.47,66.66
34.47,67.7
34.47,67.33
34.47,69.86
34.47,72.42
34.47,70.5
34.47,71.16
34.47,70.27
34.48,71.36
34.48,71.87
34.48,69.93
34.48,68.91
34.48,68.74
34.48,67.95
34.48,63.94
34.48,69.88
34.49,72.67
34.49,67.25
34.49,69.0
34.49,73.0
34.49,69.15
34.49,66.78
34.49,67.46
34.49,68.65
34.49,66.77
34.50,69.41
34.50,67.74
34.50,71.9
34.50,66.08
34.50,71.75
34.50,70.61
34.50,68.81
34.50,67.27
34.50,70.85
34.50,70.55
34.50,69.03
34.51,69.75
34.51,68.52
34.51,68.65
34.51,70.49
34.51,72.46
34.51,70.09
34.51,71.47
34.52,71.58
34.52,73.08
34.52,71.41
34.52,69.18
34.52,68.53
34.52,71.29
34.52,69.23
34.52,67.49
34.53,68.93
34.53,68.07
34.53,73.53
34.53,68.66
34.53,70.08
34.53,67.86
34.53,71.77
34.53,71.2
34.53,70.02
34.53,69.74
34.53,69.01
34.53,65.06
34.54,72.29
34.54,69.14
34.54,65.6
34.54,68.29
34.54,70.67
34.54,68.02
34.54,68.88
34.54,70.11
34.54,70.92
34.55,68.23
34.55,65.59
34.55,70.74
34.55,67.74
34.55,73.1
34.55,68.63
34.55,72.31
34.55,72.9
34.55,68.0
34.55,65.88
34.55,70.71
34.55,72.18
34.55,68.91
34.55,66.8
34.55,68.28
34.55,71.49
34.55,70.74
34.55,67.39
34.56,69.4
34.56,69.78
34.56,72.61
34.56,68.0
34.56,70.99
34.57,69.06
34.57,71.57
34.57,70.4
34.57,68.46
34.57,69.43
34.57,68.19
34.57,73.37
34.57,70.25
34.57,73.12
34.57,67.51
34.57,67.9
34.57,67.68
34.58,71.23
34.58,66.86
34.58,70.01
34.58,68.37
34.58,67.24
34.58,68.43
34.58,72.51
34.58,70.22
34.58,69.3
34.58,71.87
34.58,68.66
34.58,71.49
34.58,70.17
34.59,67.55
34.59,68.37
34.59,68.39
34.59,70.74
34.59,71.74
34.59,72.59
34.59,70.72
35.00,71.28
35.00,73.43
35.00,69.24
35.00,69.87
35.00,71.2
35.00,65.99
35.01,68.99
35.01,74.71
35.01,71.74
35.01,68.68
35.01,69.37
35.01,73.54
35.01,69.07
35.01,73.64
35.01,68.23
35.01,68.31
35.01,70.68
35.02,71.31
35.02,69.1
35.02,69.56
35.02,71.68
35.03,72.26
35.03,70.82
35.03,70.72
35.03,70.9
35.03,70.91
35.03,67.6
35.04,67.86
35.04,68.44
35.04,69.53
35.04,68.96
35.04,70.19
35.04,70.23
35.04,71.98
35.05,69.67
35.05,69.43
35.05,66.98
35.05,68.6
35.05,65.69
35.05,67.09
35.05,67.89
35.06,70.4
35.06,67.97
35.06,73.28
35.06,70.38
35.06,71.9
35.06,67.79
35.06,72.94
35.06,68.06
35.06,67.68
35.06,72.17
35.07,69.87
35.07,68.87
35.07,69.57
35.07,70.71
35.07,69.53
35.07,68.48
35.07,68.37
35.07,69.2
35.07,71.5
35.07,70.74
35.08,68.69
35.08,71.21
35.08,70.0
35.08,71.62
35.08,68.64
35.08,69.83
35.08,71.58
35.08,69.07
35.08,71.54
35.08,69.8
35.08,67.75
35.09,70.93
35.09,69.52
35.09,66.0
35.10,67.33
35.10,70.07
35.10,68.7
35.10,69.32
35.10,70.81
35.10,69.45
35.11,67.57
35.11,68.62
35.11,68.65
35.11,68.86
35.11,69.78
35.11,69.72
35.11,70.0
35.11,69.47
35.11,72.35
35.11,69.41
35.12,70.38
35.12,69.18
35.12,66.37
35.12,69.41
35.12,71.68
35.13,71.9
35.13,72.25
35.13,71.67
35.13,73.54
35.13,70.95
35.13,66.57
35.13,70.17
35.13,70.08
35.13,68.52
35.13,70.34
35.14,67.09
35.14,69.33
35.14,71.7
35.14,70.11
35.14,73.08
35.14,70.76
35.15,67.46
35.15,70.46
35.15,69.59
35.15,68.18
35.16,70.74
35.16,71.18
35.16,72.66
35.16,67.7
35.16,70.53
35.16,73.82
35.16,72.2
35.16,66.07
35.16,69.67
35.16,71.35
35.16,69.4
35.17,67.39
35.17,67.95
35.17,68.73
35.17,68.11
35.17,68.13
35.17,65.39
35.17,71.85
35.17,67.28
35.18,71.43
35.18,70.27
35.18,71.81
35.18,70.16
35.18,69.35
35.18,71.27
35.18,69.98
35.18,74.18
35.19,71.5
35.19,73.05
35.19,75.11
35.19,70.79
35.19,69.84
35.19,70.64
35.19,68.48
35.20,69.01
35.20,70.84
35.20,68.59
35.20,70.56
35.20,71.18
35.20,70.96
35.20,74.15
35.20,69.43
35.20,68.54
35.20,73.88
35.20,68.32
35.20,69.77
35.20,70.97
35.20,69.33
35.20,69.98
35.20,71.8
35.21,70.52
35.21,68.8
35.21,71.7
35.21,72.4
35.21,71.53
35.21,70.75
35.21,72.46
35.21,72.52
35.21,73.4
35.21,71.63
35.21,72.11
35.21,67.96
35.22,68.1
35.22,74.23
35.22,72.11
35.22,69.07
35.22,69.18
35.22,69.43
35.22,67.54
35.22,72.95
35.22,71.01
35.22,71.97
35.23,67.97
35.23,66.47
35.23,71.11
35.23,67.16
35.23,69.49
35.23,70.17
35.23,69.03
35.23,69.55
35.23,71.87
35.24,71.47
35.24,74.54
35.24,71.4
35.24,70.64
35.24,68.99
35.25,70.26
35.25,66.61
35.25,72.27
35.25,70.49
35.25,68.65
35.26,70.38
35.26,69.16
35.26,71.69
35.26,71.07
35.26,71.52
35.26,72.1
35.26,70.68
35.26,71.13
35.27,72.52
35.27,70.1
35.28,71.51
35.28,70.82
35.28,69.34
35.29,69.98
35.29,74.25
35.29,71.04
35.29,70.12
35.29,71.68
35.29,70.58
35.29,73.59
35.29,72.07
35.29,72.79
35.29,72.64
35.29,68.87
35.30,69.11
35.30,68.96
35.30,69.86
35.30,71.09
35.30,70.6
35.30,72.15
35.31,65.27
35.31,67.93
35.31,69.1
35.31,74.2
35.31,71.56
35.31,72.32
35.31,69.29
35.31,70.42
35.31,67.39
35.31,73.14
35.31,67.77
35.31,71.44
35.31,69.27
35.31,71.98
35.31,70.24
35.32,73.14
35.32,74.82
35.32,71.41
35.32,71.76
35.32,69.3
35.32,69.92
35.33,68.89
35.33,68.03
35.33,69.16
35.33,69.59
35.33,72.71
35.33,66.84
35.33,72.12
35.33,72.38
35.33,70.44
35.33,69.05
35.33,72.94
35.33,72.41
35.34,73.67
35.34,69.78
35.34,70.66
35.34,74.26
35.34,71.7
35.34,73.81
35.34,69.1
35.34,71.83
35.35,73.7
35.35,69.1
35.35,73.49
35.35,68.95
35.35,72.17
35.35,72.2
35.35,70.44
35.35,68.36
35.36,70.61
35.36,69.47
35.36,68.41
35.36,72.35
35.36,74.45
35.36,72.45
35.36,71.73
35.36,72.62
35.37,72.12
35.37,71.46
35.37,67.07
35.37,70.43
35.37,71.28
35.37,69.09
35.37,67.84
35.37,68.93
35.37,71.02
35.37,69.48
35.38,68.92
35.38,71.16
35.38,72.0
35.38,69.28
35.38,69.86
35.38,68.1
35.38,71.19
35.39,72.4
35.39,70.11
35.39,68.82
35.39,69.17
35.39,70.66
35.39,72.06
35.39,72.86
35.40,70.85
35.40,69.36
35.40,73.06
35.40,68.06
35.40,70.19
35.40,67.91
35.40,67.7
35.40,71.77
35.41,66.37
35.41,72.09
35.41,68.49
35.41,71.72
35.41,72.67
35.41,70.26
35.41,71.71
35.41,72.39
35.42,67.91
35.42,70.75
35.42,70.33
35.42,72.98
35.42,73.42
35.42,70.35
35.42,72.31
35.42,70.1
35.42,68.36
35.42,67.54
35.42,70.33
35.43,69.29
35.43,72.14
35.43,72.34
35.43,69.99
35.43,70.62
35.43,70.34
35.43,73.11
35.43,72.0
35.43,71.46
35.44,70.47
35.44,72.09
35.44,71.24
35.44,70.8
35.44,68.73
35.44,70.24
35.44,69.17
35.44,71.27
35.44,73.25
35.44,71.16
35.44,72.63
35.44,70.39
35.44,71.73
35.44,75.0
35.44,69.76
35.44,70.82
35.44,70.79
35.44,71.57
35.45,71.39
35.45,68.6
35.45,73.36
35.45,71.86
35.46,69.82
35.46,71.12
35.46,71.64
35.46,71.21
35.46,72.68
35.46,71.25
35.46,70.45
35.46,74.83
35.47,71.75
35.47,70.44
35.47,68.35
35.47,73.22
35.47,72.52
35.47,74.29
35.47,72.15
35.47,70.77
35.47,68.09
35.47,71.78
35.47,73.18
35.47,69.86
35.48,73.35
35.48,70.46
35.48,72.3
35.48,69.81
35.48,73.92
35.48,68.27
35.48,72.44
35.48,70.76
35.48,71.6
35.49,68.93
35.49,72.65
35.49,70.63
35.49,67.45
35.49,74.52
35.49,71.74
35.50,70.84
35.50,71.0
35.50,73.11
35.50,68.05
35.50,73.23
35.50,69.84
35.50,72.28
35.50,68.17
35.50,70.42
35.50,73.0
35.51,69.98
35.51,71.75
35.51,72.37
35.51,69.09
35.51,72.11
35.51,70.54
35.51,76.48
35.51,70.98
35.51,70.99
35.52,71.46
35.52,69.3
35.52,71.32
35.52,74.84
35.52,70.77
35.52,73.06
35.52,73.98
35.52,73.91
35.52,70.72
35.52,69.22
35.52,72.89
35.53,73.95
35.53,68.94
35.53,73.26
35.53,71.14
35.53,72.31
35.53,73.23
35.53,74.55
35.53,70.08
35.53,72.1
35.53,69.38
35.53,71.02
35.53,68.28
35.53,70.56
35.53,74.14
35.54,74.99
35.54,68.89
35.54,71.59
35.54,69.05
35.54,69.48
35.54,70.61
35.54,73.21
35.54,70.69
35.54,72.04
35.54,70.71
35.54,74.22
35.55,71.81
35.55,70.12
35.55,69.88
35.55,71.26
35.55,70.98
35.55,69.14
35.55,73.19
35.55,72.32
35.55,70.28
35.55,71.49
35.55,67.53
35.55,71.41
35.56,71.51
35.56,72.41
35.56,74.9
35.56,72.32
35.56,71.22
35.56,69.3
35.56,68.45
35.56,69.25
35.56,71.51
35.56,73.74
35.56,72.72
35.56,71.54
35.57,71.92
35.57,77.38
35.57,71.89
35.57,72.32
35.57,71.81
35.57,72.43
35.57,68.9
35.57,69.14
35.57,68.94
35.57,71.29
35.57,72.38
35.57,74.11
35.57,69.16
35.57,72.7
35.58,76.92
35.58,71.83
35.59,72.48
35.59,71.25
35.59,71.4
35.59,71.27
35.59,73.24
35.59,73.18
35.59,72.65
35.59,71.53
35.59,71.22
36.00,71.72
36.00,73.01
36.00,73.04
36.00,73.53
36.01,69.35
36.01,68.65
36.01,73.11
36.01,72.91
36.01,70.37
36.01,67.35
36.01,71.8
36.01,72.18
36.01,71.11
36.02,71.34
36.02,71.45
36.02,70.59
36.02,71.13
36.02,70.12
36.02,70.34
36.03,75.71
36.03,68.15
36.03,73.43
36.03,73.5
36.03,72.24
36.03,74.52
36.03,70.0
36.04,69.92
36.04,74.79
36.04,69.34
36.04,69.61
36.04,74.45
36.04,73.02
36.04,71.62
36.05,70.78
36.05,76.39
36.05,71.23
36.05,69.62
36.05,70.88
36.05,73.85
36.05,73.0
36.05,72.58
36.06,68.46
36.06,69.39
36.06,71.3
36.06,69.71
36.06,70.59
36.06,73.23
36.06,73.16
36.06,73.75
36.07,73.78
36.07,74.68
36.07,72.94
36.07,72.07
36.07,69.84
36.07,73.39
36.07,69.68
36.07,69.4
36.08,73.49
36.08,68.02
36.08,73.14
36.08,70.89
36.08,70.64
36.09,72.03
36.09,73.02
36.09,71.69
36.09,72.76
36.09,72.33
36.09,72.19
36.09,73.21
36.09,74.01
36.09,74.79
36.10,73.44
36.10,73.62
36.10,68.87
36.10,73.86
36.10,71.08
36.10,73.07
36.10,72.05
36.10,71.52
36.10,70.32
36.11,73.31
36.11,69.98
36.11,69.43
36.11,76.13
36.11,72.04
36.11,69.49
36.11,69.77
36.11,74.29
36.11,67.8
36.11,68.62
36.11,69.27
36.11,71.93
36.11,76.86
36.11,73.16
36.12,69.83
36.12,69.3
36.12,73.6
36.12,74.12
36.12,70.34
36.12,72.72
36.12,76.86
36.12,74.53
36.12,73.56
36.12,71.13
36.12,72.08
36.13,72.37
36.13,73.6
36.13,71.47
36.13,73.33
36.13,70.37
36.13,73.04
36.13,70.67
36.13,73.08
36.13,71.52
36.13,71.83
36.14,72.56
36.14,70.3
36.14,73.21
36.14,70.14
36.14,71.76
36.15,72.1
36.15,73.22
36.15,69.67
36.15,72.54
36.15,73.93
36.15,73.62
36.15,71.23
36.15,71.16
36.15,73.45
36.16,69.86
36.16,77.66
36.16,70.63
36.16,71.01
36.16,72.58
36.16,69.02
36.16,71.64
36.16,74.31
36.16,68.68
36.16,70.36
36.17,70.64
36.17,72.75
36.17,70.97
36.17,72.85
36.17,73.61
36.17,72.36
36.17,72.16
36.17,73.04
36.17,73.44
36.17,72.74
36.17,75.53
36.18,70.78
36.18,69.33
36.18,75.0
36.18,69.65
36.18,72.44
36.18,71.06
36.18,73.28
36.19,67.06
36.19,74.37
36.19,74.76
36.19,69.83
36.19,74.07
36.19,74.45
36.19,71.02
36.19,72.99
36.19,71.33
36.19,73.56
36.19,73.99
36.20,69.73
36.20,74.09
36.20,74.08
36.20,75.14
36.20,71.76
36.20,73.72
36.20,73.9
36.20,72.84
36.21,75.07
36.21,71.63
36.21,74.54
36.21,73.72
36.21,72.07
36.21,75.09
36.21,72.73
36.21,71.7
36.21,74.79
36.21,71.22
36.21,74.63
36.21,74.4
36.21,70.07
36.21,75.3
36.21,71.98
36.22,72.63
36.22,69.68
36.22,71.86
36.22,71.4
36.22,72.19
36.22,72.28
36.22,73.65
36.23,73.51
36.23,70.55
36.23,68.62
36.23,72.88
36.23,73.49
36.23,71.02
36.23,73.32
36.24,72.32
36.24,71.08
36.24,74.11
36.24,73.1
36.24,74.36
36.24,72.44
36.24,73.48
36.24,71.29
36.24,71.87
36.24,70.55
36.24,74.0
36.24,72.57
36.24,71.41
36.24,73.47
36.24,71.42
36.24,69.09
36.25,71.14
36.25,67.78
36.25,70.89
36.25,74.0
36.25,74.24
36.25,73.22
36.25,72.8
36.25,74.01
36.25,72.04
36.25,73.38
36.25,72.35
36.25,75.03
36.26,71.02
36.26,73.34
36.26,73.96
36.26,70.44
36.26,76.4
36.26,69.78
36.26,72.41
36.26,75.53
36.26,71.57
36.26,71.15
36.26,73.55
36.26,72.66
36.27,73.41
36.27,70.66
36.27,72.48
36.27,71.61
36.27,72.49
36.27,70.95
36.27,71.73
36.28,73.09
36.28,71.63
36.28,71.3
36.28,73.06
36.28,72.14
36.28,73.96
36.28,68.69
36.28,67.48
36.28,72.21
36.29,72.58
36.29,73.82
36.29,75.55
36.29,72.65
36.29,70.87
36.29,71.54
36.29,67.89
36.29,74.62
36.29,68.48
36.29,74.7
36.29,73.87
36.30,73.42
36.30,72.87
36.30,73.62
36.30,74.93
36.31,72.42
36.31,71.36
36.31,70.78
36.31,75.51
36.31,74.02
36.31,74.29
36.31,72.17
36.31,72.8
36.32,70.06
36.32,72.16
36.32,75.14
36.32,71.09
36.32,69.79
36.32,75.83
36.32,74.86
36.32,78.52
36.32,72.44
36.32,73.01
36.32,76.24
36.32,71.85
36.33,71.92
36.33,72.99
36.33,74.61
36.33,74.49
36.34,70.97
36.34,73.24
36.34,72.92
36.34,75.4
36.35,73.59
36.35,73.45
36.35,71.52
36.35,70.84
36.35,72.96
36.35,72.61
36.35,75.17
36.36,77.4
36.36,72.01
36.36,73.71
36.36,74.38
36.36,74.01
36.36,72.65
36.36,71.73
36.36,74.09
36.37,76.0
36.37,71.78
36.38,71.62
36.38,71.69
36.38,69.26
36.38,76.25
36.38,74.44
36.38,70.83
36.38,73.15
36.38,70.18
36.38,72.53
36.38,73.08
36.38,71.73
36.38,74.87
36.38,76.05
36.39,73.86
36.39,71.59
36.39,70.54
36.39,72.5
36.39,74.9
36.39,77.09
36.39,69.65
36.39,70.68
36.40,72.98
36.40,67.95
36.40,71.68
36.40,72.17
36.40,72.61
36.40,73.15
36.40,73.9
36.40,71.42
36.40,74.3
36.41,74.03
36.41,75.85
36.41,72.75
36.41,71.02
36.41,73.28
36.41,70.89
36.41,72.38
36.41,71.35
36.41,73.85
36.41,71.02
36.41,73.67
36.42,75.31
36.42,74.38
36.42,77.1
36.42,74.46
36.42,72.49
36.42,74.13
36.42,73.29
36.42,74.33
36.43,69.38
36.43,74.78
36.43,71.05
36.43,72.97
36.44,70.24
36.44,73.68
36.44,72.65
36.44,72.04
36.44,68.47
36.44,72.95
36.44,72.81
36.44,73.4
36.44,72.35
36.44,72.89
36.44,75.88
36.45,75.0
36.45,72.2
36.45,69.74
36.45,73.78
36.45,71.0
36.45,73.26
36.45,73.46
36.45,74.11
36.45,72.63
36.45,71.07
36.45,68.06
36.45,72.39
36.45,72.74
36.45,72.53
36.45,72.93
36.46,72.81
36.46,70.96
36.46,74.57
36.46,70.92
36.46,73.37
36.46,73.2
36.46,73.67
36.46,71.0
36.46,75.03
36.46,73.14
36.47,76.07
36.47,74.09
36.47,74.89
36.47,72.29
36.47,74.06
36.47,73.21
36.47,71.82
36.48,72.55
36.48,71.8
36.48,75.08
36.48,72.56
36.48,71.07
36.48,74.98
36.49,73.51
36.49,70.45
36.49,73.6
36.49,71.94
36.49,74.87
36.49,74.72
36.49,70.57
36.50,72.41
36.50,75.29
36.50,71.72
36.50,72.07
36.50,73.99
36.50,74.3
36.50,73.12
36.51,72.22
36.51,72.68
36.51,72.1
36.51,69.88
36.51,71.77
36.51,74.67
36.51,71.86
36.52,74.29
36.52,73.95
36.52,73.16
36.52,69.56
36.52,74.49
36.52,76.24
36.53,74.72
36.53,74.69
36.53,73.26
36.53,70.59
36.53,73.53
36.53,69.65
36.53,72.43
36.54,71.16
36.54,72.33
36.54,73.33
36.54,75.32
36.54,69.95
36.54,71.16
36.54,75.61
36.54,68.54
36.54,72.87
36.54,73.82
36.54,72.48
36.55,74.84
36.55,72.97
36.55,73.01
36.55,70.96
36.55,73.03
36.55,73.09
36.55,71.38
36.55,69.96
36.55,71.17
36.55,73.04
36.55,72.04
36.55,75.43
36.56,74.23
36.56,73.87
36.56,74.25
36.56,75.94
36.56,74.77
36.56,74.84
36.56,74.23
36.56,74.33
36.56,73.51
36.57,72.56
36.57,74.95
36.57,76.17
36.57,74.82
36.58,71.72
36.58,73.36
36.58,71.78
36.58,73.21
36.58,76.27
36.58,74.05
36.58,72.74
36.58,74.1
36.58,73.54
36.58,73.9
36.58,75.11
36.58,73.35
36.58,74.7
36.58,73.98
36.59,76.69
36.59,73.23
36.59,72.65
36.59,72.47
36.59,71.97
36.59,74.81
36.59,71.34
36.59,71.73
36.59,73.66
36.59,71.86
37.00,74.08
37.00,74.31
37.00,69.28
37.00,72.8
37.00,73.13
37.00,73.41
37.00,73.23
37.00,72.83
37.00,74.88
37.00,73.92
37.00,72.63
37.00,75.45
37.01,73.88
37.01,71.06
37.01,71.9
37.01,72.97
37.01,70.31
37.01,75.74
37.01,70.8
37.01,75.22
37.01,74.35
37.01,76.28
37.01,71.61
37.01,70.27
37.01,72.48
37.02,75.16
37.02,73.93
37.02,73.12
37.02,71.64
37.02,71.5
37.02,73.1
37.02,72.05
37.02,70.69
37.02,71.89
37.02,72.74
37.03,74.14
37.03,73.4
37.03,72.88
37.03,72.9
37.03,75.27
37.03,78.43
37.03,71.09
37.03,76.38
37.04,73.14
37.04,73.54
37.04,74.29
37.04,76.6
37.04,76.05
37.04,75.14
37.05,74.75
37.05,73.89
37.05,69.97
37.05,75.35
37.05,71.68
37.05,73.91
37.05,77.23
37.05,76.65
37.05,72.89
37.06,76.5
37.06,72.7
37.06,76.46
37.06,74.83
37.06,75.33
37.06,72.55
37.06,73.13
37.06,70.49
37.06,72.55
37.06,74.75
37.07,77.17
37.07,72.83
37.07,74.86
37.07,71.43
37.07,74.74
37.07,73.78
37.07,72.69
37.08,72.75
37.08,74.83
37.08,73.17
37.08,74.87
37.09,76.52
37.09,75.59
37.09,75.05
37.09,71.82
37.09,73.63
37.09,76.29
37.09,75.91
37.10,74.24
37.10,73.72
37.11,73.66
37.11,75.58
37.11,72.78
37.11,77.79
37.11,70.5
37.11,72.88
37.11,78.19
37.11,76.9
37.11,73.96
37.11,75.5
37.11,76.28
37.12,75.47
37.12,73.97
37.12,75.97
37.12,74.53
37.12,76.87
37.12,71.93
37.12,74.4
37.12,73.12
37.13,74.48
37.13,74.3
37.13,71.98
37.13,72.53
37.13,75.87
37.13,74.02
37.13,73.31
37.13,72.15
37.13,71.94
37.13,73.28
37.13,74.66
37.13,74.42
37.13,73.95
37.14,71.63
37.14,73.43
37.14,71.8
37.14,76.95
37.14,73.72
37.14,73.9
37.14,73.7
37.15,73.69
37.15,75.56
37.15,76.59
37.15,73.1
37.16,74.36
37.16,74.02
37.16,76.83
37.16,74.47
37.16,75.81
37.16,75.43
37.16,74.81
37.16,75.23
37.16,77.08
37.16,74.8
37.16,74.75
37.16,74.32
37.16,75.25
37.17,75.74
37.17,72.17
37.17,71.77
37.17,74.59
37.17,73.98
37.17,72.29
37.17,73.64
37.17,73.1
37.17,75.15
37.17,72.44
37.17,75.33
37.18,77.15
37.18,74.24
37.18,75.41
37.18,76.84
37.18,75.52
37.18,73.8
37.18,73.61
37.18,74.87
37.19,78.99
37.19,77.78
37.19,74.52
37.19,76.72
37.19,71.44
37.19,74.32
37.19,73.07
37.19,72.29
37.19,73.82
37.19,73.33
37.20,72.16
37.20,76.15
37.20,72.34
37.20,70.2
37.20,72.95
37.20,72.74
37.20,73.5
37.21,75.21
37.21,73.89
37.21,72.37
37.21,71.44
37.21,74.72
37.21,74.25
37.22,73.04
37.22,74.72
37.22,73.25
37.22,74.43
37.23,73.42
37.23,76.9
37.23,73.69
37.23,78.66
37.23,75.37
37.23,72.6
37.24,75.14
37.24,74.3
37.24,74.81
37.24,73.51
37.24,71.59
37.24,76.0
37.24,72.72
37.24,75.67
37.24,75.2
37.24,73.51
37.25,72.85
37.25,75.19
37.25,76.72
37.25,73.36
37.25,74.6
37.25,73.33
37.25,71.85
37.25,73.6
37.25,77.19
37.25,73.51
37.26,71.91
37.26,69.51
37.26,76.15
37.26,73.94
37.26,73.37
37.26,74.45
37.26,74.55
37.26,72.65
37.26,73.32
37.26,74.66
37.26,70.2
37.26,72.83
37.27,76.36
37.27,73.97
37.27,71.7
37.27,74.7
37.27,72.88
37.27,71.33
37.27,71.78
37.27,74.41
37.27,70.09
37.27,76.58
37.28,77.12
37.28,74.32
37.28,74.41
37.28,78.18
37.28,69.87
37.28,75.3
37.28,71.38
37.28,70.86
37.29,75.43
37.29,74.04
37.29,78.07
37.29,73.39
37.29,72.87
37.30,77.45
37.30,74.31
37.30,75.27
37.30,74.21
37.30,73.14
37.30,73.51
37.30,73.64
37.30,72.49
37.30,75.08
37.31,75.8
37.31,74.86
37.31,74.04
37.31,72.75
37.31,73.63
37.31,73.21
37.31,72.67
37.31,75.68
37.31,73.83
37.32,76.39
37.32,76.6
37.32,75.74
37.32,70.48
37.32,75.71
37.32,75.66
37.32,73.84
37.32,70.31
37.32,74.5
37.32,75.1
37.32,76.42
37.33,78.63
37.33,75.08
37.33,75.73
37.33,75.88
37.33,72.32
37.33,75.14
37.33,73.98
37.33,73.7
37.33,76.65
37.33,74.17
37.33,73.48
37.33,73.09
37.33,71.45
37.33,78.19
37.34,75.8
37.34,73.96
37.34,77.37
37.34,74.02
37.34,76.64
37.34,73.45
37.34,75.76
37.34,70.3
37.35,73.61
37.35,75.17
37.35,76.6
37.35,70.33
37.35,74.43
37.35,72.68
37.35,75.24
37.35,76.58
37.35,72.97
37.35,74.73
37.35,73.6
37.35,76.03
37.35,73.76
37.36,76.17
37.36,73.83
37.36,71.8
37.36,71.85
37.36,70.63
37.36,75.54
37.36,76.21
37.37,75.28
37.37,71.54
37.37,75.21
37.37,75.97
37.38,73.13
37.38,71.96
37.38,73.24
37.38,69.49
37.38,78.42
37.38,70.22
37.38,77.9
37.38,73.0
37.38,74.01
37.38,72.66
37.38,75.73
37.38,73.15
37.38,75.87
37.38,70.99
37.38,74.78
37.38,72.18
37.38,75.79
37.39,71.45
37.39,71.58
37.39,74.33
37.39,77.12
37.39,74.46
37.39,71.08
37.39,73.5
37.39,73.99
37.39,75.75
37.39,75.08
37.40,73.14
37.40,75.84
37.40,76.07
37.41,74.07
37.41,74.92
37.41,74.63
37.41,77.9
37.41,75.87
37.41,75.58
37.41,74.16
37.41,78.37
37.42,75.67
37.42,73.95
37.42,74.88
37.42,77.41
37.42,75.05
37.42,75.84
37.42,74.38
37.42,77.32
37.42,76.48
37.42,74.01
37.42,77.32
37.42,77.35
37.42,77.52
37.43,78.04
37.43,76.05
37.43,73.54
37.43,74.53
37.43,74.46
37.43,72.65
37.43,76.19
37.43,76.04
37.43,75.19
37.43,74.38
37.43,75.74
37.43,74.18
37.44,73.92
37.44,73.41
37.44,73.93
37.44,76.49
37.44,70.26
37.44,77.27
37.44,76.89
37.44,76.65
37.44,73.45
37.44,75.66
37.45,78.33
37.45,73.55
37.45,78.02
37.45,77.47
37.45,73.65
37.45,73.8
37.45,75.19
37.45,75.68
37.45,78.27
37.46,78.14
37.46,73.68
37.46,75.67
37.46,73.44
37.46,75.03
37.46,73.12
37.46,73.43
37.46,75.32
37.46,73.75
37.46,73.57
37.46,75.72
37.47,77.38
37.47,74.08
37.47,74.62
37.47,72.95
37.47,76.26
37.47,75.28
37.47,73.5
37.47,74.83
37.47,77.65
37.47,75.83
37.47,76.68
37.47,70.05
37.47,74.07
37.47,71.2
37.47,75.59
37.48,75.33
37.48,75.61
37.48,72.07
37.48,76.9
37.48,76.29
37.48,73.76
37.48,74.14
37.49,74.26
37.49,76.69
37.49,75.66
37.49,76.28
37.49,75.72
37.49,75.15
37.50,77.65
37.50,71.31
37.50,70.4
37.50,75.61
37.50,73.68
37.51,76.37
37.51,72.24
37.51,75.81
37.51,72.0
37.51,72.77
37.51,79.45
37.51,77.98
37.52,79.61
37.52,76.61
37.52,74.12
37.52,72.99
37.52,74.8
37.52,71.56
37.53,76.02
37.53,77.11
37.53,77.17
37.53,75.91
37.53,77.12
37.53,77.54
37.53,76.9
37.53,74.0
37.54,72.27
37.54,74.77
37.54,76.51
37.54,73.84
37.54,72.52
37.54,79.59
37.54,75.02
37.54,72.94
37.54,79.94
37.54,76.51
37.55,76.86
37.55,72.82
37.55,76.72
37.55,74.61
37.55,74.38
37.55,74.65
37.55,75.42
37.55,74.44
37.55,74.65
37.55,75.67
37.55,73.48
37.55,78.59
37.56,75.18
37.56,73.55
37.56,73.77
37.56,75.18
37.56,76.41
37.56,77.7
37.56,74.9
37.56,73.64
37.56,73.41
37.56,73.75
37.56,74.64
37.57,71.16
37.57,75.94
37.57,73.94
37.57,74.58
37.57,74.44
37.57,77.43
37.57,73.37
37.57,78.28
37.57,75.08
37.57,75.28
37.57,72.39
37.57,75.31
37.57,75.15
37.57,73.51
37.57,78.33
37.58,70.56
37.58,77.74
37.58,78.93
37.58,75.57
37.58,72.38
37.59,70.58
37.59,74.79
37.59,74.22
37.59,74.58
37.59,74.63
37.59,72.86
37.59,74.84
37.59,72.99
37.59,76.66
37.59,78.53
38.00,70.18
38.00,74.67
38.00,77.74
38.00,74.18
38.00,75.45
38.00,74.89
38.00,73.45
38.01,74.6
38.01,71.41
38.01,76.83
38.01,74.14
38.01,75.54
38.01,73.36
38.01,76.38
38.02,75.82
38.02,77.27
38.02,76.04
38.02,72.29
38.02,74.3
38.02,72.18
38.02,72.18
38.02,77.61
38.03,76.19
38.03,74.6
38.03,72.66
38.03,75.45
38.04,78.14
38.04,72.75
38.04,77.61
38.04,75.21
38.04,76.36
38.04,75.85
38.04,74.28
38.04,75.55
38.05,76.33
38.05,76.63
38.05,78.65
38.05,75.69
38.05,75.64
38.05,74.41
38.05,72.85
38.05,76.46
38.06,76.04
38.06,78.66
38.06,70.46
38.06,77.48
38.06,72.51
38.06,76.41
38.06,75.39
38.06,76.05
38.07,75.67
38.07,77.22
38.07,73.01
38.07,73.84
38.07,73.91
38.07,76.38
38.07,76.6
38.08,77.32
38.08,72.08
38.08,73.61
38.08,76.37
38.08,78.69
38.08,74.97
38.08,75.76
38.08,78.02
38.08,72.0
38.08,77.71
38.09,75.04
38.09,75.53
38.09,75.57
38.09,75.72
38.09,75.53
38.09,77.29
38.09,77.59
38.09,76.36
38.09,77.06
38.09,74.75
38.09,72.46
38.09,73.64
38.10,77.22
38.10,76.32
38.10,75.89
38.10,73.74
38.10,78.69
38.10,76.78
38.10,73.17
38.10,74.88
38.10,74.83
38.10,76.15
38.10,74.42
38.10,73.22
38.11,77.97
38.11,71.8
38.11,81.19
38.11,73.79
38.11,74.13
38.11,75.57
38.11,79.24
38.11,73.53
38.11,76.72
38.12,78.34
38.12,75.06
38.12,76.91
38.12,73.32
38.13,76.16
38.13,72.68
38.13,75.87
38.13,77.28
38.13,76.67
38.13,77.35
38.14,73.15
38.14,74.97
38.14,73.71
38.14,78.42
38.14,76.81
38.14,73.2
38.14,72.44
38.14,77.56
38.15,74.83
38.15,74.7
38.15,75.76
38.15,77.08
38.15,75.5
38.16,75.88
38.16,78.76
38.16,70.83
38.16,72.23
38.16,73.26
38.16,70.2
38.16,76.26
38.16,76.3
38.16,80.28
38.16,75.09
38.17,74.75
38.17,75.3
38.17,78.34
38.17,74.95
38.17,72.93
38.17,76.61
38.18,74.1
38.18,77.1
38.18,75.17
38.18,76.67
38.18,77.12
38.18,76.24
38.18,71.76
38.18,78.83
38.19,76.69
38.19,76.94
38.19,73.47
38.19,76.72
38.19,70.99
38.19,77.2
38.19,76.83
38.19,76.36
38.19,77.48
38.19,76.43
38.19,78.36
38.19,75.85
38.19,77.55
38.19,72.89
38.19,75.05
38.19,79.36
38.20,78.42
38.20,75.29
38.20,76.24
38.20,74.24
38.20,73.1
38.20,75.36
38.20,81.88
38.20,74.58
38.20,75.84
38.21,77.16
38.21,75.77
38.21,77.58
38.21,77.94
38.21,75.98
38.21,76.93
38.21,78.5
38.21,72.97
38.21,73.37
38.21,74.88
38.21,74.31
38.22,77.44
38.22,77.54
38.22,73.37
38.22,75.34
38.22,76.94
38.22,73.51
38.22,76.14
38.22,74.84
38.22,76.61
38.22,77.07
38.23,75.23
38.23,79.09
38.23,74.36
38.24,74.35
38.24,79.05
38.24,75.76
38.24,73.95
38.24,75.79
38.24,75.47
38.24,79.64
38.24,75.01
38.24,75.86
38.24,79.26
38.24,78.02
38.24,76.57
38.25,76.42
38.25,77.44
38.25,74.29
38.25,77.73
38.25,74.41
38.25,75.8
38.25,74.46
38.25,79.16
38.25,75.99
38.25,75.61
38.25,72.52
38.25,74.87
38.26,80.47
38.26,74.75
38.26,80.47
38.26,77.75
38.26,78.07
38.26,76.42
38.26,76.28
38.26,79.62
38.27,77.22
38.27,74.65
38.27,77.17
38.27,76.21
38.27,74.59
38.27,75.05
38.27,76.47
38.28,77.27
38.28,78.47
38.28,76.56
38.28,76.15
38.28,77.17
38.28,75.08
38.28,75.65
38.28,75.7
38.28,75.24
38.28,73.39
38.28,73.97
38.28,74.99
38.29,73.92
38.29,77.9
38.29,76.44
38.29,76.18
38.29,76.12
38.29,74.53
38.29,76.97
38.29,76.73
38.30,77.76
38.30,80.7
38.30,75.6
38.30,79.03
38.30,79.05
38.30,75.8
38.31,77.34
38.31,75.62
38.31,77.48
38.31,72.1
38.31,76.14
38.32,73.14
38.32,75.6
38.32,74.58
38.32,76.37
38.33,76.34
38.33,78.9
38.33,75.34
38.33,78.34
38.33,78.23
38.33,77.12
38.33,79.16
38.33,74.93
38.33,80.42
38.34,74.12
38.34,78.75
38.34,79.52
38.34,72.13
38.34,76.78
38.34,78.08
38.34,72.95
38.34,74.61
38.34,78.78
38.34,76.57
38.34,77.54
38.34,78.72
38.34,76.03
38.34,74.89
38.35,74.94
38.35,75.07
38.35,82.38
38.35,73.39
38.35,75.26
38.35,74.76
38.35,73.94
38.35,77.52
38.35,79.25
38.35,76.2
38.36,74.97
38.36,72.33
38.36,73.94
38.36,79.26
38.36,75.25
38.37,78.4
38.37,76.91
38.37,77.35
38.37,78.29
38.37,76.89
38.37,77.92
38.37,75.82
38.37,77.24
38.37,78.26
38.37,77.03
38.38,75.78
38.38,81.66
38.38,77.05
38.38,76.88
38.38,74.94
38.38,77.06
38.38,75.28
38.38,77.92
38.38,76.17
38.39,73.68
38.39,75.08
38.39,73.54
38.39,75.74
38.39,74.28
38.39,77.98
38.39,77.15
38.39,77.86
38.39,78.14
38.39,79.12
38.39,75.49
38.40,75.04
38.40,77.39
38.40,79.74
38.40,73.07
38.40,76.04
38.40,79.01
38.40,75.0
38.41,78.42
38.41,74.57
38.41,74.52
38.41,74.71
38.41,76.9
38.41,76.77
38.41,79.31
38.42,73.75
38.42,77.49
38.42,75.29
38.42,75.73
38.42,73.61
38.42,76.25
38.42,79.19
38.42,77.72
38.43,75.62
38.43,79.56
38.43,76.7
38.43,79.21
38.43,74.47
38.43,79.44
38.44,77.83
38.44,73.08
38.44,78.8
38.44,74.7
38.44,77.7
38.44,75.72
38.44,74.6
38.44,75.58
38.44,73.89
38.44,73.73
38.44,79.08
38.44,80.25
38.44,76.57
38.45,77.75
38.45,73.07
38.45,78.73
38.45,76.95
38.45,76.8
38.46,72.82
38.46,75.11
38.46,72.59
38.46,74.19
38.46,74.01
38.46,76.59
38.47,80.3
38.47,76.65
38.47,76.55
38.47,75.54
38.48,79.85
38.48,73.95
38.48,75.91
38.48,77.46
38.48,79.42
38.49,75.78
38.49,74.68
38.49,78.38
38.49,74.25
38.49,75.88
38.49,78.01
38.49,69.41
38.50,78.28
38.50,77.28
38.50,78.19
38.50,73.15
38.50,78.53
38.50,73.35
38.50,78.81
38.50,75.17
38.50,78.38
38.51,79.24
38.51,77.78
38.51,77.98
38.51,75.89
38.51,77.22
38.51,75.54
38.51,76.98
38.52,76.39
38.52,79.55
38.52,77.18
38.52,75.55
38.52,77.86
38.53,78.66
38.53,78.92
38.53,77.41
38.53,79.73
38.53,77.17
38.53,74.47
38.53,77.15
38.54,78.53
38.54,78.85
38.54,77.98
38.54,77.04
38.54,79.36
38.55,75.72
38.55,76.84
38.55,76.62
38.55,80.13
38.56,75.12
38.56,77.98
38.56,79.02
38.56,74.52
38.56,72.29
38.56,76.09
38.56,76.14
38.57,76.65
38.57,77.74
38.57,78.3
38.57,74.66
38.57,79.98
38.57,75.18
38.57,78.39
38.57,77.01
38.57,77.48
38.58,75.68
38.58,77.17
38.58,78.2
38.58,80.03
38.58,79.49
38.58,76.38
38.58,77.71
38.58,75.93
38.58,78.03
38.58,73.94
38.58,75.34
38.59,77.85
38.59,77.28
38.59,75.5
38.59,79.47
38.59,77.09
38.59,73.64
38.59,78.83
39.00,77.86
39.00,77.73
39.00,76.87
39.00,76.03
39.00,77.42
39.00,76.5
39.00,80.26
39.00,77.09
39.01,77.63
39.01,77.11
39.01,76.87
39.01,79.49
39.01,74.4
39.01,77.5
39.01,77.93
39.02,75.57
39.02,75.94
39.02,76.48
39.02,74.85
39.02,75.38
39.02,77.67
39.02,77.4
39.02,77.31
39.02,76.33
39.02,81.36
39.02,76.37
39.02,79.3
39.03,74.51
39.03,79.46
39.03,79.98
39.03,78.2
39.04,76.51
39.04,76.69
39.04,75.96
39.04,74.5
39.04,76.36
39.04,78.87
39.04,74.79
39.04,78.21
39.05,75.0
39.05,77.88
39.05,80.79
39.05,74.59
39.05,72.64
39.05,77.49
39.05,77.45
39.06,78.06
39.06,77.4
39.06,73.61
39.06,80.3
39.06,79.82
39.06,77.93
39.06,77.37
39.06,72.62
39.07,79.67
39.07,76.51
39.07,75.84
39.07,76.31
39.07,73.99
39.08,75.99
39.08,74.56
39.08,74.76
39.08,73.86
39.08,76.15
39.08,74.56
39.08,75.77
39.08,80.64
39.08,75.15
39.08,76.79
39.08,76.39
39.08,78.67
39.09,76.56
39.09,77.98
39.09,77.0
39.09,75.61
39.09,79.58
39.09,78.88
39.09,77.18
39.09,76.17
39.10,74.0
39.10,79.29
39.10,77.99
39.10,77.69
39.10,76.75
39.10,75.51
39.10,78.09
39.11,76.1
39.11,78.64
39.11,74.11
39.11,79.63
39.11,76.86
39.11,76.23
39.11,77.91
39.11,76.28
39.11,78.43
39.11,78.32
39.11,77.43
39.11,75.68
39.11,74.88
39.11,76.75
39.12,78.55
39.12,80.13
39.12,75.41
39.12,76.66
39.12,79.47
39.12,78.22
39.12,73.73
39.12,77.0
39.12,77.67
39.12,81.22
39.12,78.31
39.13,77.47
39.13,80.02
39.13,77.21
39.13,77.82
39.13,78.57
39.13,72.84
39.13,75.17
39.13,73.11
39.14,81.96
39.14,75.08
39.14,77.45
39.14,78.68
39.14,75.27
39.15,75.58
39.15,81.72
39.15,76.45
39.15,77.05
39.15,73.26
39.15,77.85
39.15,80.01
39.15,76.21
39.15,81.42
39.15,80.39
39.15,77.68
39.15,81.86
39.15,77.19
39.15,77.23
39.15,76.15
39.16,78.41
39.16,80.7
39.16,77.21
39.16,78.03
39.16,77.6
39.16,78.73
39.16,77.17
39.16,75.38
39.17,78.8
39.17,78.39
39.17,77.12
39.17,81.78
39.17,74.99
39.17,78.99
39.17,81.18
39.17,76.07
39.17,77.73
39.18,77.38
39.18,75.56
39.18,78.05
39.18,77.25
39.18,76.01
39.18,75.57
39.18,78.12
39.18,75.34
39.18,75.36
39.18,76.47
39.19,79.6
39.19,78.46
39.19,75.42
39.19,76.53
39.19,78.64
39.19,77.56
39.19,80.05
39.19,81.99
39.19,78.9
39.19,78.26
39.19,76.08
39.19,78.56
39.20,77.97
39.20,79.44
39.20,76.85
39.20,77.62
39.21,78.41
39.21,76.22
39.21,76.67
39.21,74.95
39.21,79.26
39.21,78.18
39.21,82.69
39.21,77.1
39.22,77.28
39.22,80.75
39.22,79.25
39.22,79.5
39.22,78.05
39.22,78.22
39.23,80.25
39.23,76.78
39.23,75.22
39.23,80.34
39.23,79.37
39.24,76.51
39.24,80.48
39.24,78.74
39.24,75.74
39.24,81.52
39.25,78.27
39.25,76.09
39.25,80.88
39.25,75.78
39.25,77.87
39.25,77.05
39.25,75.62
39.25,78.77
39.25,80.83
39.25,78.58
39.25,78.0
39.26,79.9
39.26,84.82
39.26,77.63
39.26,79.28
39.26,78.05
39.27,76.77
39.27,77.39
39.27,76.36
39.27,76.01
39.27,75.97
39.27,78.85
39.27,72.88
39.27,79.42
39.27,78.48
39.28,80.16
39.28,78.39
39.28,75.2
39.28,77.76
39.28,80.87
39.28,77.26
39.28,73.19
39.28,77.52
39.28,79.65
39.29,79.97
39.29,76.3
39.29,74.99
39.29,80.89
39.29,78.43
39.29,79.31
39.30,77.53
39.30,78.46
39.30,79.19
39.30,76.52
39.30,77.31
39.30,78.71
39.30,79.37
39.30,78.08
39.30,79.96
39.31,78.02
39.31,80.8
39.31,78.7
39.31,78.84
39.31,77.01
39.31,80.22
39.31,77.55
39.32,79.04
39.32,75.09
39.32,79.59
39.32,76.76
39.32,78.04
39.32,80.25
39.32,76.9
39.32,78.33
39.32,74.97
39.32,74.12
39.33,77.28
39.33,77.04
39.33,79.81
39.33,79.85
39.33,78.06
39.33,78.97
39.34,79.42
39.34,77.06
39.34,80.78
39.35,79.41
39.35,78.79
39.35,80.67
39.35,77.31
39.35,77.64
39.35,79.87
39.35,81.69
39.35,79.94
39.35,77.5
39.35,77.92
39.35,76.99
39.36,79.63
39.36,76.76
39.36,78.93
39.36,79.73
39.36,80.04
39.36,79.8
39.36,78.37
39.36,78.09
39.36,79.84
39.36,81.23
39.37,78.8
39.37,79.79
39.37,76.99
39.37,77.12
39.37,78.37
39.38,77.38
39.38,78.91
39.38,76.04
39.38,78.16
39.38,78.98
39.38,78.7
39.38,79.71
39.38,77.75
39.38,80.51
39.39,80.97
39.39,80.0
39.39,77.66
39.39,75.31
39.39,80.18
39.39,79.08
39.39,78.51
39.39,84.4
39.40,80.91
39.40,76.67
39.40,76.09
39.40,79.6
39.40,77.25
39.40,80.03
39.40,79.29
39.40,77.59
39.41,81.24
39.41,78.24
39.41,79.53
39.41,80.42
39.41,76.8
39.41,77.89
39.41,78.73
39.41,82.21
39.41,79.23
39.42,76.76
39.42,75.76
39.42,82.07
39.42,79.62
39.42,76.37
39.42,76.45
39.42,79.0
39.42,76.02
39.42,80.31
39.42,76.27
39.42,79.06
39.42,78.02
39.42,81.11
39.43,82.12
39.43,76.98
39.43,79.5
39.43,78.75
39.43,79.89
39.43,78.9
39.43,75.0
39.44,81.77
39.44,79.86
39.44,78.31
39.44,79.61
39.44,81.27
39.44,79.0
39.44,82.41
39.44,79.11
39.45,78.67
39.45,77.31
39.45,80.81
39.45,82.14
39.45,80.04
39.45,78.93
39.45,77.28
39.45,80.55
39.45,76.64
39.46,79.94
39.46,76.6
39.46,77.01
39.46,82.12
39.46,76.04
39.46,77.67
39.46,79.23
39.46,73.93
39.46,80.72
39.46,77.05
39.47,82.37
39.47,78.02
39.47,79.3
39.47,80.93
39.47,80.95
39.47,78.65
39.47,77.78
39.47,78.58
39.47,76.18
39.47,77.38
39.47,76.64
39.47,80.55
39.47,78.83
39.47,83.46
39.47,79.85
39.48,77.1
39.48,77.37
39.48,78.73
39.48,81.16
39.48,76.27
39.48,73.61
39.48,80.69
39.48,74.18
39.48,82.04
39.49,74.68
39.49,74.0
39.49,79.93
39.49,82.93
39.49,77.45
39.49,79.41
39.49,78.19
39.50,77.05
39.50,80.08
39.50,79.52
39.50,78.92
39.50,81.98
39.50,78.86
39.50,78.36
39.50,80.52
39.51,80.47
39.51,80.7
39.51,74.77
39.51,81.34
39.51,78.61
39.51,80.19
39.51,74.36
39.51,74.34
39.51,76.65
39.51,77.54
39.51,81.31
39.52,79.42
39.52,78.79
39.52,81.11
39.52,79.04
39.52,79.14
39.52,79.76
39.52,75.76
39.52,76.89
39.53,75.13
39.53,78.16
39.53,75.55
39.53,79.97
39.53,77.05
39.53,77.46
39.53,76.37
39.53,78.53
39.53,83.25
39.53,78.96
39.53,78.04
39.53,77.27
39.53,78.89
39.53,80.11
39.54,79.32
39.54,81.59
39.54,77.51
39.54,78.33
39.54,77.6
39.54,77.26
39.54,80.22
39.54,76.45
39.54,79.04
39.54,78.3
39.55,78.62
39.55,74.12
39.55,80.33
39.55,76.72
39.55,76.49
39.56,79.19
39.56,77.88
39.56,80.25
39.56,81.09
39.56,78.15
39.56,79.54
39.56,79.84
39.56,79.37
39.56,83.54
39.56,76.75
39.56,78.72
39.56,78.75
39.56,78.96
39.56,82.89
39.56,81.06
39.57,77.71
39.57,75.93
39.57,77.97
39.57,79.2
39.57,77.71
39.57,80.33
39.57,76.96
39.57,79.99
39.57,80.77
39.57,78.95
39.58,78.83
39.58,79.39
39.58,76.76
39.58,76.55
39.58,74.72
39.58,78.13
39.58,80.87
39.58,78.28
39.58,81.19
39.58,77.78
39.59,77.46
39.59,77.74
39.59,80.51
39.59,79.3
39.59,76.88
39.59,79.8
39.59,77.92
39.59,79.89
39.59,79.41
39.59,80.26
39.59,78.18
39.59,78.47
39.59,73.71
40.00,78.82
40.00,82.21
40.00,79.65
40.00,77.16
40.00,76.27
40.00,78.46
40.00,79.96
40.01,82.2
40.01,79.34
40.01,80.82
40.01,77.22
40.01,82.19
40.01,79.75
40.01,78.45
40.01,78.55
40.01,77.49
40.02,73.01
40.02,78.77
40.02,81.04
40.02,78.43
40.02,76.49
40.03,77.82
40.03,78.02
40.03,80.98
40.03,81.59
40.03,78.54
40.03,80.71
40.03,79.05
40.03,79.36
40.03,76.53
40.03,78.51
40.04,79.35
40.04,75.67
40.04,81.12
40.04,77.15
40.04,82.0
40.04,82.52
40.04,81.36
40.05,80.19
40.05,78.82
40.05,80.05
40.05,83.05
40.05,81.38
40.05,81.21
40.05,79.85
40.05,78.14
40.05,77.28
40.05,77.65
40.05,78.23
40.06,80.52
40.06,80.88
40.06,78.39
40.06,76.83
40.06,80.54
40.06,75.85
40.06,76.14
40.06,78.64
40.06,80.8
40.06,83.69
40.07,79.68
40.07,80.56
40.07,81.27
40.07,80.56
40.07,76.97
40.08,74.37
40.08,74.08
40.08,78.97
40.08,81.18
40.08,78.93
40.08,81.0
40.08,78.61
40.08,78.63
40.08,79.5
40.08,82.2
40.08,78.55
40.08,80.59
40.08,78.1
40.08,78.06
40.08,81.18
40.08,77.47
40.09,78.9
40.09,81.13
40.09,74.15
40.09,79.26
40.09,79.94
40.09,81.02
40.09,82.03
40.09,78.75
40.09,78.97
40.10,80.02
40.10,79.6
40.10,82.55
40.10,79.99
40.10,81.78
40.10,82.02
40.10,77.06
40.11,77.17
40.11,81.21
40.11,77.11
40.12,82.98
40.12,81.66
40.12,79.57
40.12,80.03
40.12,77.46
40.12,76.93
40.12,78.08
40.12,79.45
40.12,79.38
40.13,81.79
40.13,80.94
40.13,80.32
40.13,77.56
40.14,78.12
40.14,78.0
40.14,80.56
40.14,78.34
40.14,82.86
40.14,78.96
40.14,78.64
40.15,78.71
40.15,77.53
40.15,76.74
40.15,76.47
40.15,80.29
40.15,78.22
40.15,78.47
40.15,76.91
40.15,76.05
40.15,79.33
40.15,79.51
40.16,81.57
40.16,80.37
40.16,81.71
40.16,79.69
40.16,80.49
40.16,78.73
40.16,75.76
40.16,78.53
40.17,82.77
40.17,79.47
40.17,79.29
40.17,77.07
40.17,79.02
40.17,78.74
40.18,78.87
40.18,81.25
40.18,78.47
40.18,80.29
40.18,80.3
40.18,80.31
40.18,80.14
40.18,78.51
40.18,76.26
40.19,80.72
40.19,78.28
40.19,78.47
40.19,79.06
40.19,80.18
40.20,80.56
40.20,80.34
40.20,78.48
40.20,81.54
40.20,79.07
40.20,81.72
40.21,81.32
40.21,81.86
40.21,79.95
40.21,81.04
40.21,79.8
40.21,78.21
40.21,82.23
40.21,80.4
40.21,78.53
40.22,82.09
40.22,81.99
40.22,82.22
40.22,76.41
40.22,79.92
40.22,77.43
40.22,85.79
40.22,76.84
40.23,79.54
40.23,79.17
40.23,81.45
40.23,74.6
40.23,77.28
40.23,78.32
40.23,81.78
40.23,83.51
40.24,78.86
40.24,81.19
40.24,77.12
40.24,84.89
40.24,80.66
40.25,81.81
40.25,78.26
40.25,81.03
40.25,77.97
40.25,78.86
40.25,80.39
40.26,79.34
40.26,79.9
40.26,77.58
40.26,77.98
40.26,80.87
40.26,82.08
40.26,78.77
40.26,81.83
40.26,79.88
40.26,77.14
40.26,80.55
40.27,77.34
40.27,77.7
40.27,80.76
40.27,79.77
40.27,80.79
40.27,78.84
40.27,77.29
40.28,77.15
40.28,80.61
40.28,80.01
40.28,80.27
40.28,75.61
40.28,80.48
40.28,78.65
40.28,82.49
40.28,81.35
40.28,81.42
40.29,81.67
40.29,79.81
40.29,76.13
40.29,78.5
40.29,76.32
40.29,78.94
40.30,80.99
40.30,81.49
40.30,80.33
40.30,83.26
40.30,77.44
40.30,79.14
40.30,81.53
40.30,80.39
40.30,78.86
40.30,81.39
40.30,80.67
40.30,77.17
40.30,79.78
40.30,78.85
40.30,76.95
40.31,81.08
40.31,79.47
40.31,81.39
40.31,81.97
40.32,79.54
40.32,78.19
40.32,79.0
40.32,81.4
40.32,80.69
40.32,81.75
40.32,81.7
40.32,77.42
40.32,81.86
40.33,78.67
40.33,78.75
40.33,73.46
40.33,80.19
40.33,82.37
40.34,79.55
40.34,79.71
40.34,82.64
40.34,82.41
40.34,79.12
40.34,80.74
40.34,79.49
40.35,77.46
40.35,81.69
40.35,82.08
40.35,83.66
40.35,78.65
40.35,82.67
40.35,78.14
40.35,80.65
40.36,83.31
40.36,79.41
40.36,82.51
40.36,79.11
40.36,77.55
40.36,79.44
40.36,78.95
40.36,78.66
40.36,81.05
40.36,81.98
40.36,81.77
40.36,80.26
40.37,80.47
40.37,79.41
40.37,81.79
40.37,81.16
40.37,79.74
40.37,78.76
40.37,81.06
40.37,78.3
40.37,80.1
40.37,81.52
40.37,81.34
40.37,82.46
40.38,78.59
40.38,76.5
40.38,80.01
40.38,80.27
40.38,81.14
40.39,80.95
40.39,80.65
40.39,80.7
40.39,80.94
40.39,81.65
40.39,82.56
40.39,83.37
40.39,80.34
40.39,84.14
40.40,82.04
40.40,82.34
40.40,78.67
40.40,80.16
40.40,77.4
40.41,78.82
40.41,79.45
40.41,80.73
40.41,78.39
40.41,79.63
40.41,80.53
40.41,76.76
40.41,80.26
40.41,79.53
40.41,82.51
40.41,84.37
40.41,78.34
40.42,81.42
40.42,79.56
40.42,79.29
40.42,78.93
40.42,82.27
40.43,78.89
40.43,81.04
40.43,82.5
40.43,81.33
40.43,85.07
40.43,79.32
40.43,79.47
40.43,78.01
40.43,81.19
40.44,81.11
40.44,79.48
40.44,82.47
40.44,83.31
40.44,85.38
40.44,80.79
40.44,82.02
40.45,82.51
40.45,79.63
40.45,82.47
40.45,78.54
40.45,82.68
40.45,79.12
40.45,79.74
40.45,80.79
40.45,79.31
40.45,81.33
40.46,79.46
40.46,82.04
40.46,82.66
40.46,78.47
40.46,81.06
40.46,82.06
40.46,85.05
40.47,76.2
40.47,78.54
40.47,80.08
40.47,82.62
40.47,82.24
40.47,80.84
40.47,79.3
40.48,80.5
40.48,79.24
40.48,81.15
40.48,80.29
40.48,82.53
40.48,80.64
40.48,80.09
40.48,81.05
40.48,79.94
40.48,78.99
40.48,78.16
40.49,79.8
40.49,78.02
40.49,80.64
40.49,79.47
40.49,79.96
40.49,85.15
40.49,77.88
40.49,81.43
40.49,80.62
40.49,80.43
40.49,82.62
40.49,81.27
40.49,81.16
40.50,82.11
40.50,80.09
40.50,79.29
40.50,84.16
40.50,80.26
40.50,79.42
40.51,80.4
40.51,84.15
40.51,81.3
40.51,79.09
40.51,82.45
40.51,79.87
40.51,78.76
40.51,78.11
40.51,81.59
40.51,82.38
40.52,80.51
40.52,77.65
40.52,81.07
40.52,79.95
40.52,83.38
40.52,82.89
40.52,77.48
40.52,78.98
40.52,77.45
40.52,84.94
40.52,78.19
40.52,81.02
40.53,81.93
40.53,80.37
40.53,82.25
40.53,80.97
40.53,79.34
40.53,83.25
40.54,76.37
40.54,83.86
40.54,80.61
40.54,79.4
40.54,80.27
40.54,78.4
40.55,80.81
40.55,78.41
40.55,78.82
40.55,83.35
40.55,81.05
40.55,78.86
40.55,79.5
40.55,82.36
40.55,82.88
40.55,80.98
40.55,79.27
40.56,79.7
40.56,84.2
40.56,77.85
40.56,78.99
40.56,82.57
40.56,80.64
40.56,82.67
40.56,78.93
40.56,78.07
40.56,82.32
40.56,80.18
40.56,83.33
40.57,84.19
40.57,81.52
40.57,78.52
40.57,79.08
40.57,77.72
40.58,77.41
40.58,84.32
40.58,81.24
40.58,82.45
40.58,78.77
40.58,81.01
40.58,82.77
40.58,82.12
40.58,79.76
40.58,76.13
40.59,81.83
40.59,83.97
40.59,87.03
40.59,83.79
40.59,79.46
40.59,80.1
40.59,78.37
40.59,84.51
41.00,83.41
41.00,80.3
41.00,82.23
41.00,80.71
41.00,80.56
41.00,79.27
41.00,79.55
41.00,77.67
41.00,78.81
41.00,77.92
41.00,82.46
41.00,83.29
41.00,79.83
41.01,81.14
41.01,82.88
41.01,82.57
41.01,83.37
41.01,83.78
41.01,80.55
41.01,78.14
41.01,82.99
41.01,80.0
41.01,76.65
41.01,77.09
41.01,77.29
41.01,81.52
41.01,81.42
41.01,80.81
41.02,83.74
41.02,82.42
41.02,83.3
41.02,78.1
41.03,81.38
41.03,82.17
41.03,79.94
41.03,83.99
41.03,83.06
41.04,83.22
41.04,78.41
41.04,79.38
41.04,80.5
41.04,78.8
41.04,80.34
41.04,82.41
41.05,80.74
41.05,78.45
41.05,79.84
41.05,82.75
41.05,77.56
41.05,82.48
41.05,78.6
41.06,83.94
41.06,78.73
41.06,78.7
41.06,81.64
41.06,83.6
41.06,81.45
41.06,79.96
41.06,79.9
41.06,83.66
41.06,82.47
41.06,81.7
41.07,80.5
41.07,79.44
41.07,84.05
41.07,84.04
41.07,82.65
41.07,83.16
41.07,78.88
41.07,83.56
41.07,80.5
41.07,83.63
41.07,78.66
41.07,78.84
41.07,78.1
41.07,77.09
41.08,82.4
41.08,81.2
41.08,82.58
41.08,82.12
41.08,82.83
41.08,80.37
41.08,82.7
41.08,85.4
41.08,79.23
41.09,80.84
41.09,83.89
41.09,81.66
41.10,78.96
41.10,83.14
41.10,83.24
41.10,80.51
41.10,80.66
41.10,79.71
41.10,82.16
41.10,83.87
41.10,79.87
41.10,82.18
41.10,80.41
41.10,80.02
41.11,79.03
41.11,81.36
41.11,78.52
41.11,78.64
41.11,82.08
41.11,81.01
41.11,80.88
41.12,80.33
41.12,79.01
41.12,81.84
41.12,80.41
41.12,83.47
41.12,81.72
41.12,81.99
41.12,77.54
41.12,81.74
41.12,79.74
41.13,81.83
41.13,80.02
41.13,80.54
41.13,84.8
41.13,78.82
41.13,80.13
41.13,80.91
41.13,77.94
41.13,80.44
41.13,80.39
41.13,79.15
41.14,77.12
41.14,84.88
41.14,79.35
41.14,79.61
41.14,77.68
41.14,82.5
41.14,81.77
41.15,81.58
41.15,79.22
41.15,79.7
41.15,82.33
41.15,80.02
41.15,78.95
41.15,81.72
41.15,78.94
41.15,85.37
41.15,82.44
41.15,82.34
41.15,79.74
41.15,82.93
41.15,81.45
41.15,83.84
41.15,82.99
41.15,81.6
41.16,80.05
41.16,80.82
41.16,79.61
41.16,79.58
41.16,80.82
41.16,75.43
41.17,78.56
41.17,81.72
41.18,77.19
41.18,80.98
41.18,82.29
41.18,82.62
41.18,81.81
41.18,82.83
41.18,83.23
41.18,76.72
41.18,79.54
41.18,78.06
41.18,79.08
41.18,81.24
41.18,79.81
41.19,78.48
41.19,82.31
41.19,81.42
41.19,81.05
41.20,81.4
41.20,77.62
41.20,81.32
41.20,80.4
41.20,84.93
41.20,81.09
41.20,82.27
41.20,79.26
41.20,76.91
41.20,77.18
41.20,80.73
41.21,86.08
41.21,79.26
41.21,81.35
41.21,81.28
41.21,85.35
41.21,81.14
41.21,83.94
41.21,81.12
41.21,76.42
41.21,84.34
41.21,81.19
41.22,80.34
41.22,82.68
41.22,84.08
41.22,82.01
41.22,82.86
41.22,83.08
41.22,82.54
41.22,79.83
41.22,83.3
41.22,81.22
41.22,82.73
41.23,81.66
41.23,84.98
41.23,80.55
41.23,83.13
41.23,82.37
41.23,81.09
41.23,80.46
41.23,82.97
41.23,83.08
41.23,82.01
41.24,83.96
41.24,79.56
41.24,77.27
41.24,81.75
41.24,83.3
41.24,82.14
41.25,78.67
41.25,81.43
41.25,84.09
41.25,83.78
41.25,84.43
41.25,83.82
41.25,82.08
41.25,82.38
41.26,83.51
41.26,79.95
41.26,83.08
41.27,81.24
41.27,83.19
41.27,82.82
41.27,81.46
41.27,84.58
41.27,82.15
41.27,85.7
41.27,84.47
41.27,84.0
41.28,81.78
41.28,81.59
41.28,81.08
41.28,80.18
41.28,84.64
41.28,83.15
41.28,81.59
41.29,81.46
41.29,85.55
41.29,87.38
41.29,81.08
41.29,81.22
41.29,84.29
41.29,78.47
41.29,83.36
41.29,85.11
41.29,83.97
41.29,79.99
41.29,82.62
41.29,81.26
41.30,83.47
41.30,80.61
41.30,85.03
41.30,77.65
41.30,81.01
41.30,82.08
41.30,79.24
41.30,82.66
41.30,87.47
41.30,83.01
41.30,80.85
41.30,81.82
41.30,80.28
41.30,81.7
41.30,83.38
41.31,77.36
41.31,82.68
41.31,83.75
41.31,81.65
41.31,82.15
41.31,85.88
41.31,78.7
41.31,85.84
41.31,82.16
41.32,81.93
41.32,79.77
41.32,85.28
41.32,80.46
41.32,83.31
41.32,82.44
41.33,79.5
41.33,82.31
41.33,83.83
41.33,82.41
41.33,81.49
41.33,77.08
41.34,82.22
41.34,83.49
41.34,84.96
41.34,80.72
41.34,80.01
41.34,80.89
41.35,78.81
41.35,82.64
41.35,83.75
41.35,81.02
41.36,82.03
41.36,81.33
41.36,78.43
41.36,84.9
41.36,82.65
41.36,82.93
41.36,84.08
41.36,82.25
41.36,81.67
41.36,81.56
41.36,81.52
41.36,79.24
41.37,79.94
41.37,78.82
41.37,77.87
41.37,83.81
41.37,79.32
41.37,81.02
41.37,80.2
41.37,82.3
41.37,81.13
41.38,82.95
41.38,85.21
41.38,82.23
41.38,80.93
41.38,82.9
41.38,82.63
41.38,84.28
41.38,80.5
41.38,81.06
41.38,82.48
41.38,83.62
41.38,81.45
41.38,84.4
41.39,80.78
41.39,79.52
41.39,78.51
41.39,82.94
41.39,82.73
41.39,86.12
41.40,86.21
41.40,81.26
41.40,79.6
41.40,81.15
41.40,83.69
41.40,81.75
41.40,83.86
41.40,79.56
41.40,79.16
41.40,84.03
41.40,79.79
41.41,84.16
41.41,80.54
41.41,77.97
41.41,79.25
41.41,84.37
41.41,79.81
41.41,80.42
41.41,80.08
41.41,81.3
41.41,85.32
41.41,78.83
41.41,80.36
41.42,82.54
41.42,81.5
41.42,83.32
41.42,77.3
41.42,84.6
41.42,83.63
41.42,83.9
41.42,79.4
41.42,80.35
41.42,83.58
41.42,81.92
41.42,82.06
41.42,83.07
41.42,81.32
41.42,85.48
41.43,80.96
41.43,81.7
41.43,84.43
41.43,80.31
41.43,85.09
41.43,83.34
41.44,81.81
41.44,80.99
41.44,78.45
41.44,83.26
41.44,81.35
41.44,86.94
41.44,84.37
41.44,80.74
41.44,82.75
41.44,83.87
41.44,81.32
41.44,80.86
41.45,84.76
41.45,78.23
41.45,79.25
41.45,82.38
41.45,83.6
41.45,82.5
41.45,81.19
41.46,83.48
41.46,81.99
41.46,81.06
41.46,84.18
41.46,80.38
41.46,81.25
41.46,84.34
41.46,80.54
41.46,83.26
41.46,82.24
41.47,80.2
41.47,80.66
41.47,83.2
41.47,84.32
41.47,82.9
41.47,80.63
41.47,86.58
41.47,77.05
41.47,81.87
41.47,82.27
41.48,83.06
41.48,82.6
41.48,84.58
41.48,83.24
41.48,83.41
41.48,79.86
41.48,82.49
41.49,79.38
41.49,78.92
41.49,82.28
41.49,84.93
41.49,79.59
41.49,84.5
41.49,81.23
41.49,83.11
41.49,83.01
41.49,86.22
41.49,84.85
41.50,85.48
41.50,83.9
41.50,83.84
41.50,82.55
41.51,84.61
41.51,79.87
41.51,86.06
41.51,83.62
41.51,85.21
41.51,82.61
41.51,82.48
41.51,82.47
41.51,83.65
41.51,82.98
41.51,84.6
41.52,79.4
41.52,86.27
41.52,85.34
41.52,83.84
41.52,84.11
41.52,85.24
41.52,81.63
41.52,78.14
41.52,83.17
41.52,78.71
41.53,82.07
41.53,79.39
41.53,82.74
41.53,79.65
41.53,83.44
41.53,81.52
41.53,83.34
41.53,79.7
41.53,82.6
41.53,82.95
41.53,79.81
41.53,78.46
41.53,79.31
41.53,82.17
41.54,83.88
41.54,81.84
41.54,80.78
41.54,84.33
41.54,84.37
41.55,86.44
41.55,82.99
41.55,83.2
41.55,80.51
41.55,82.73
41.55,81.84
41.56,82.57
41.56,81.18
41.56,84.53
41.56,83.19
41.56,83.35
41.56,85.33
41.56,83.48
41.56,85.16
41.57,83.38
41.57,81.3
41.57,85.09
41.57,86.14
41.57,83.28
41.57,83.52
41.57,82.4
41.57,84.01
41.58,86.17
41.58,82.26
41.58,83.54
41.58,82.37
41.58,81.92
41.58,81.4
41.58,82.2
41.59,81.08
41.59,80.64
41.59,82.76
41.59,80.8
41.59,82.89
41.59,82.98
41.59,83.6
41.59,82.69
41.59,85.92
41.59,81.83
41.59,84.93
41.59,84.01
41.59,79.76
42.00,82.28
42.00,83.04
42.00,84.5
42.00,83.89
42.00,84.85
42.00,82.94
42.00,81.17
42.00,82.27
42.00,83.2
42.01,83.2
42.01,81.74
42.01,84.64
42.01,84.05
42.01,78.75
42.01,81.9
42.01,85.66
42.02,79.99
42.02,84.33
42.02,85.59
42.02,81.33
42.02,85.63
42.02,81.92
42.02,85.71
42.02,80.77
42.03,83.04
42.03,82.68
42.03,80.66
42.03,84.81
42.03,82.56
42.03,80.02
42.03,84.38
42.03,83.78
42.03,85.8
42.04,81.73
42.04,83.14
42.04,83.85
42.04,83.3
42.04,81.0
42.04,82.66
42.04,84.77
42.05,84.11
42.05,80.92
42.05,82.95
42.05,82.98
42.05,86.78
42.05,83.27
42.06,83.06
42.06,78.21
42.06,83.49
42.06,84.29
42.06,83.75
42.06,81.28
42.06,83.33
42.07,82.9
42.07,83.76
42.07,83.61
42.07,84.88
42.07,80.66
42.07,84.13
42.08,85.5
42.08,83.11
42.08,80.61
42.08,82.79
42.08,85.46
42.08,82.51
42.08,84.01
42.08,84.53
42.09,84.93
42.09,82.91
42.09,83.72
42.09,82.6
42.09,80.03
42.09,83.64
42.09,81.39
42.09,85.82
42.09,81.78
42.09,81.19
42.09,80.55
42.09,83.65
42.09,85.7
42.09,81.43
42.09,85.07
42.09,82.58
42.10,81.29
42.10,87.58
42.10,82.8
42.10,83.44
42.10,86.5
42.10,85.07
42.11,83.09
42.11,82.34
42.11,79.25
42.11,86.06
42.12,84.1
42.12,87.2
42.12,81.75
42.12,84.26
42.12,82.13
42.12,84.78
42.12,82.98
42.12,85.19
42.12,83.95
42.13,80.28
42.13,86.31
42.13,85.33
42.13,84.88
42.13,81.97
42.13,84.78
42.13,81.68
42.14,84.48
42.14,85.43
42.14,85.58
42.14,86.12
42.14,84.08
42.14,82.51
42.15,81.78
42.15,80.16
42.15,86.94
42.15,82.58
42.15,82.28
42.15,81.06
42.15,79.61
42.15,82.78
42.15,83.33
42.15,86.86
42.16,83.73
42.16,81.53
42.16,81.07
42.16,82.58
42.16,84.64
42.16,83.13
42.16,85.75
42.16,85.51
42.16,82.61
42.16,84.71
42.17,83.65
42.17,84.68
42.17,80.89
42.17,83.02
42.17,81.62
42.17,79.47
42.17,81.27
42.18,83.27
42.18,81.21
42.18,84.05
42.18,82.99
42.18,82.62
42.18,87.97
42.18,82.09
42.18,82.09
42.19,82.4
42.19,83.3
42.19,83.25
42.19,81.45
42.19,85.82
42.20,83.02
42.20,81.7
42.20,82.76
42.20,84.33
42.20,82.4
42.20,85.5
42.20,81.27
42.20,84.59
42.20,84.18
42.20,82.22
42.21,83.33
42.21,81.67
42.21,85.59
42.22,85.3
42.22,84.01
42.22,78.24
42.22,84.57
42.22,82.84
42.22,82.14
42.22,83.72
42.23,82.66
42.23,81.84
42.23,86.33
42.23,82.02
42.23,85.34
42.23,83.02
42.23,81.85
42.23,85.37
42.24,79.96
42.24,81.69
42.24,84.08
42.24,84.95
42.24,80.5
42.24,83.71
42.24,80.45
42.24,83.03
42.24,83.14
42.24,83.5
42.24,84.4
42.25,80.51
42.25,83.86
42.25,84.68
42.25,84.52
42.25,85.1
42.25,78.04
42.25,82.4
42.25,83.78
42.26,85.47
42.26,84.96
42.26,83.45
42.26,84.87
42.26,80.32
42.26,82.24
42.26,80.06
42.26,83.71
42.27,84.09
42.27,80.42
42.27,83.83
42.27,83.11
42.27,81.86
42.27,86.17
42.27,81.88
42.27,80.37
42.27,83.72
42.27,84.96
42.28,83.76
42.28,81.61
42.28,83.61
42.28,82.99
42.28,84.05
42.28,81.95
42.28,84.48
42.28,82.26
42.28,83.51
42.28,82.22
42.28,83.87
42.28,82.41
42.29,84.43
42.29,86.61
42.29,82.11
42.29,80.5
42.29,85.04
42.29,80.13
42.29,87.2
42.29,81.8
42.29,82.89
42.29,83.75
42.29,86.52
42.29,81.46
42.29,83.57
42.30,79.46
42.30,82.59
42.30,83.45
42.30,77.51
42.30,85.28
42.30,87.31
42.30,80.19
42.30,81.84
42.31,81.11
42.31,83.56
42.31,89.19
42.31,82.61
42.31,83.18
42.31,82.1
42.31,86.2
42.31,84.26
42.31,81.28
42.31,82.08
42.31,84.53
42.31,85.91
42.31,80.13
42.32,84.56
42.32,82.94
42.32,84.11
42.32,86.4
42.32,81.93
42.33,84.21
42.33,81.33
42.33,89.03
42.33,84.42
42.33,83.4
42.33,82.02
42.33,84.87
42.33,82.75
42.34,85.69
42.34,81.7
42.34,86.01
42.34,83.13
42.34,85.9
42.34,85.86
42.34,82.91
42.34,83.77
42.34,83.98
42.35,85.29
42.35,87.07
42.35,82.79
42.35,85.47
42.35,87.14
42.35,84.05
42.35,82.24
42.35,82.03
42.35,81.48
42.35,85.03
42.36,86.33
42.36,91.82
42.36,80.55
42.36,83.99
42.36,85.07
42.36,85.1
42.36,86.55
42.36,84.44
42.36,83.71
42.37,86.74
42.37,85.12
42.37,82.02
42.37,82.59
42.37,82.73
42.37,85.19
42.37,82.01
42.37,84.32
42.37,85.57
42.37,81.7
42.37,83.63
42.38,81.48
42.38,80.3
42.38,83.54
42.38,84.45
42.39,85.72
42.39,81.07
42.39,82.73
42.39,81.44
42.39,82.3
42.39,82.2
42.39,83.24
42.39,84.2
42.39,86.09
42.39,83.26
42.39,84.65
42.39,83.41
42.40,82.5
42.40,87.93
42.40,86.58
42.40,82.12
42.40,83.05
42.40,83.62
42.40,82.6
42.40,81.07
42.40,86.22
42.40,82.82
42.40,83.64
42.40,81.86
42.40,84.86
42.41,80.54
42.41,84.51
42.41,86.54
42.41,80.89
42.41,84.03
42.42,81.46
42.42,86.88
42.42,83.01
42.42,84.62
42.42,82.35
42.42,84.02
42.43,84.25
42.43,83.74
42.43,82.93
42.43,82.35
42.43,86.61
42.43,82.45
42.44,83.28
42.44,86.78
42.44,86.88
42.44,82.49
42.44,85.54
42.45,83.55
42.45,84.11
42.45,83.85
42.45,85.95
42.45,84.7
42.45,86.16
42.45,83.17
42.45,83.55
42.45,80.82
42.45,84.42
42.46,84.2
42.46,80.99
42.46,82.33
42.46,84.33
42.46,83.16
42.46,85.1
42.46,82.51
42.47,84.26
42.47,85.11
42.47,86.81
42.47,83.45
42.47,82.21
42.48,83.36
42.48,82.51
42.48,83.54
42.48,85.61
42.48,84.3
42.48,83.96
42.48,86.49
42.48,85.21
42.48,82.81
42.48,84.91
42.48,83.58
42.48,85.78
42.48,84.81
42.48,87.9
42.49,82.79
42.49,86.85
42.49,88.95
42.49,81.29
42.49,85.03
42.49,84.02
42.49,86.17
42.49,83.11
42.49,85.91
42.49,78.3
42.49,79.46
42.49,83.62
42.49,84.98
42.49,83.49
42.49,87.19
42.50,84.66
42.50,80.54
42.50,86.03
42.50,82.9
42.50,86.75
42.50,88.19
42.50,84.55
42.50,84.79
42.51,86.79
42.51,86.42
42.51,87.68
42.51,84.18
42.51,80.91
42.51,82.88
42.51,86.41
42.51,85.41
42.51,83.55
42.51,87.64
42.51,86.57
42.52,83.01
42.52,85.08
42.52,82.32
42.52,83.76
42.52,85.32
42.52,83.82
42.52,81.11
42.52,83.25
42.52,84.69
42.52,84.01
42.52,86.07
42.52,85.59
42.52,87.79
42.52,85.65
42.52,82.61
42.52,84.85
42.52,88.7
42.53,88.51
42.53,84.92
42.53,86.37
42.53,85.14
42.53,85.96
42.53,87.07
42.53,83.98
42.54,84.89
42.54,80.76
42.54,83.55
42.54,85.94
42.54,83.58
42.55,86.15
42.55,80.37
42.55,82.29
42.55,82.99
42.55,82.78
42.56,85.18
42.56,84.04
42.56,85.52
42.56,83.78
42.56,84.33
42.57,83.87
42.57,86.5
42.57,81.66
42.57,79.93
42.57,86.45
42.57,84.39
42.57,85.49
42.58,84.06
42.58,84.6
42.58,81.72
42.58,81.21
42.58,86.15
42.58,86.3
42.58,83.76
42.58,84.32
42.58,81.73
42.58,87.81
42.59,84.24
42.59,86.04
42.59,87.24
42.59,84.97
42.59,84.59
42.59,85.81
42.59,85.97
42.59,84.75
42.59,85.81
43.00,80.21
43.00,82.85
43.00,82.37
43.00,81.72
43.00,88.19
43.00,84.35
43.01,88.11
43.01,82.12
43.01,85.88
43.01,84.21
43.01,81.67
43.01,83.79
43.01,84.34
43.02,83.64
43.02,86.2
43.02,86.56
43.02,85.91
43.02,82.82
43.02,82.73
43.02,83.21
43.02,85.69
43.02,84.7
43.02,83.25
43.03,87.52
43.03,83.28
43.03,84.92
43.03,81.57
43.03,84.64
43.04,84.23
43.04,83.11
43.04,88.32
43.05,88.16
43.05,84.08
43.05,86.54
43.05,85.36
43.05,82.79
43.05,82.75
43.05,86.03
43.05,79.33
43.05,85.42
43.05,88.88
43.05,84.31
43.06,84.66
43.06,82.47
43.06,82.73
43.06,82.41
43.06,82.62
43.06,85.95
43.07,84.97
43.07,84.22
43.07,84.49
43.07,84.95
43.07,84.02
43.07,86.03
43.07,83.67
43.08,82.81
43.08,83.77
43.08,83.91
43.08,81.49
43.08,84.1
43.08,82.11
43.08,81.13
43.09,84.08
43.09,83.93
43.09,86.84
43.09,86.72
43.09,84.99
43.09,85.03
43.09,83.08
43.09,83.08
43.09,82.35
43.09,87.65
43.10,82.36
43.10,83.98
43.10,84.7
43.10,84.29
43.10,84.43
43.10,85.2
43.10,84.44
43.10,81.72
43.10,83.44
43.10,83.44
43.10,81.73
43.10,84.56
43.11,87.15
43.11,86.27
43.11,83.8
43.11,87.4
43.11,86.26
43.11,85.38
43.11,85.63
43.11,84.2
43.11,82.38
43.12,83.7
43.12,81.84
43.12,85.32
43.12,86.07
43.12,86.94
43.12,85.74
43.12,86.37
43.12,82.98
43.12,85.72
43.12,83.84
43.12,83.3
43.13,87.95
43.13,84.98
43.13,85.1
43.13,88.6
43.13,84.58
43.13,83.45
43.13,88.71
43.14,82.47
43.14,86.13
43.14,85.18
43.14,84.76
43.14,87.4
43.14,87.82
43.14,89.48
43.14,80.04
43.14,84.73
43.14,83.95
43.15,85.39
43.15,87.27
43.15,84.96
43.15,84.63
43.15,85.17
43.15,81.2
43.15,82.54
43.15,85.26
43.16,84.67
43.16,84.29
43.16,87.84
43.16,86.91
43.16,83.05
43.16,84.2
43.17,86.73
43.17,85.61
43.17,82.2
43.17,81.16
43.17,85.67
43.17,84.99
43.18,85.99
43.18,84.75
43.18,84.46
43.18,91.4
43.18,87.73
43.18,82.34
43.18,87.6
43.18,86.1
43.18,85.53
43.18,86.64
43.18,84.39
43.18,81.82
43.18,83.73
43.18,85.88
43.19,84.11
43.19,82.49
43.19,82.56
43.19,85.41
43.19,87.55
43.19,87.96
43.19,89.21
43.20,83.46
43.20,82.86
43.20,87.77
43.20,85.28
43.20,86.89
43.20,85.34
43.20,84.17
43.20,82.96
43.21,83.25
43.21,88.8
43.21,86.65
43.21,88.44
43.21,87.64
43.21,85.2
43.21,88.22
43.21,83.51
43.21,80.24
43.21,83.91
43.22,85.25
43.23,81.47
43.23,87.16
43.23,84.89
43.23,87.87
43.23,86.63
43.23,84.16
43.23,87.44
43.24,87.74
43.24,83.94
43.24,84.31
43.24,89.1
43.24,88.06
43.24,87.8
43.25,83.73
43.25,86.17
43.25,83.58
43.25,85.74
43.25,84.55
43.25,84.88
43.25,81.4
43.25,85.19
43.25,80.8
43.25,85.02
43.25,83.84
43.26,87.82
43.26,83.68
43.26,83.4
43.26,85.42
43.26,87.11
43.26,82.46
43.26,87.62
43.27,85.77
43.27,84.39
43.27,85.04
43.27,85.87
43.27,86.41
43.27,83.11
43.27,82.05
43.27,83.78
43.27,85.75
43.27,83.41
43.27,87.08
43.27,84.16
43.27,85.22
43.27,84.93
43.27,85.48
43.27,85.39
43.27,85.45
43.28,84.41
43.28,83.8
43.28,88.19
43.28,86.0
43.28,88.74
43.28,84.72
43.28,87.89
43.28,84.5
43.28,86.95
43.28,85.46
43.28,88.04
43.29,85.97
43.29,83.45
43.29,84.98
43.29,83.7
43.29,83.23
43.29,84.66
43.29,87.21
43.29,88.28
43.30,85.88
43.30,87.17
43.30,83.58
43.30,84.72
43.30,82.78
43.30,85.6
43.30,87.37
43.30,84.15
43.30,85.23
43.31,84.95
43.31,83.33
43.31,87.23
43.31,88.87
43.31,87.59
43.31,84.81
43.31,85.21
43.31,84.04
43.31,84.3
43.31,87.53
43.31,89.45
43.32,85.55
43.32,86.98
43.32,84.46
43.32,86.37
43.32,86.07
43.32,86.13
43.32,85.21
43.32,87.6
43.32,85.75
43.33,83.43
43.33,84.77
43.33,85.76
43.33,84.81
43.34,84.44
43.34,87.06
43.34,84.48
43.34,85.72
43.34,83.28
43.34,82.81
43.34,84.89
43.34,83.76
43.34,86.21
43.34,84.46
43.34,85.64
43.35,87.12
43.35,87.49
43.35,84.93
43.35,84.69
43.35,86.09
43.35,86.42
43.35,83.62
43.35,83.04
43.35,82.8
43.35,81.34
43.35,87.6
43.35,84.76
43.35,86.48
43.36,89.29
43.36,87.72
43.36,87.86
43.36,84.9
43.36,85.71
43.36,87.34
43.37,87.11
43.37,82.55
43.37,84.05
43.37,86.17
43.37,89.37
43.37,86.17
43.37,85.7
43.37,87.22
43.37,83.09
43.37,84.98
43.37,86.17
43.37,85.63
43.37,87.41
43.37,83.87
43.38,84.28
43.38,86.07
43.38,85.98
43.38,85.29
43.38,83.89
43.38,90.67
43.38,86.5
43.39,86.2
43.39,87.39
43.39,86.43
43.39,83.86
43.39,83.56
43.39,85.5
43.39,85.65
43.39,89.32
43.40,88.19
43.40,91.99
43.40,84.08
43.40,84.95
43.40,81.77
43.40,88.28
43.40,85.24
43.40,82.58
43.40,87.13
43.41,86.21
43.41,85.16
43.41,85.38
43.41,87.9
43.41,84.41
43.41,85.34
43.41,84.23
43.41,86.47
43.42,85.4
43.42,83.63
43.42,81.99
43.42,84.55
43.42,81.9
43.42,85.6
43.42,86.6
43.42,84.82
43.42,83.6
43.43,90.89
43.43,85.09
43.43,85.16
43.43,84.99
43.43,83.55
43.43,90.64
43.43,87.7
43.44,82.1
43.44,84.85
43.44,84.14
43.44,84.02
43.44,85.41
43.44,89.82
43.44,85.14
43.44,84.0
43.44,83.51
43.44,85.13
43.45,82.85
43.45,86.0
43.45,85.82
43.45,86.79
43.45,85.41
43.45,82.58
43.45,90.55
43.45,83.78
43.46,83.1
43.46,82.42
43.46,86.6
43.46,86.87
43.46,81.7
43.47,85.18
43.47,83.39
43.47,86.3
43.47,84.33
43.47,85.76
43.47,82.42
43.47,86.69
43.47,89.29
43.47,82.42
43.48,87.09
43.48,86.52
43.48,89.53
43.48,86.3
43.48,88.13
43.48,88.58
43.48,86.43
43.48,88.6
43.49,86.21
43.49,86.82
43.49,85.32
43.49,86.25
43.49,85.33
43.49,84.31
43.49,85.74
43.50,86.21
43.50,88.25
43.50,84.1
43.50,85.21
43.50,87.75
43.50,85.47
43.50,87.05
43.50,85.51
43.50,85.69
43.50,84.95
43.51,88.49
43.51,86.21
43.51,84.67
43.51,86.06
43.51,86.77
43.51,83.91
43.51,88.99
43.52,87.48
43.52,83.58
43.52,85.7
43.52,86.95
43.52,85.92
43.52,86.01
43.52,86.22
43.52,87.39
43.52,87.96
43.52,84.73
43.52,88.75
43.52,87.9
43.53,81.65
43.53,89.33
43.53,90.4
43.53,87.02
43.53,85.4
43.53,87.74
43.54,89.94
43.54,89.55
43.54,87.3
43.54,88.89
43.54,82.38
43.54,86.71
43.54,85.15
43.54,82.69
43.54,86.0
43.54,87.6
43.55,87.9
43.55,86.75
43.55,88.25
43.55,84.37
43.55,85.63
43.55,87.03
43.55,84.16
43.55,87.93
43.56,84.95
43.56,84.46
43.56,84.89
43.56,87.97
43.56,84.72
43.56,84.02
43.56,91.07
43.56,85.59
43.56,84.57
43.56,85.51
43.56,85.74
43.57,89.64
43.57,84.04
43.57,87.15
43.57,84.5
43.57,85.24
43.57,85.71
43.57,88.73
43.57,87.13
43.57,81.78
43.57,85.66
43.57,89.03
43.57,86.38
43.57,85.05
43.58,87.13
43.58,86.6
43.58,93.46
43.58,86.8
43.58,86.09
43.59,84.92
43.59,87.78
43.59,85.01
43.59,83.84
43.59,87.73
43.59,89.2
43.59,83.63
43.59,85.61
43.59,88.84
44.00,85.46
44.00,87.27
44.00,87.04
44.00,82.52
44.00,88.11
44.01,86.15
44.01,88.99
44.01,87.14
44.01,87.24
44.01,86.95
44.01,85.63
44.01,85.6
44.02,83.47
44.02,89.92
44.02,88.67
44.02,87.58
44.02,85.99
44.02,90.28
44.02,85.62
44.02,87.5
44.02,88.23
44.02,86.74
44.02,86.08
44.02,85.81
44.02,86.08
44.02,84.67
44.02,86.25
44.02,88.64
44.03,83.57
44.03,85.24
44.03,86.05
44.03,86.93
44.03,85.38
44.03,86.51
44.03,88.72
44.03,84.09
44.03,88.52
44.03,90.28
44.03,86.31
44.03,86.92
44.03,84.86
44.04,85.27
44.04,86.35
44.04,84.31
44.04,85.24
44.04,85.82
44.04,84.93
44.05,82.66
44.05,87.78
44.05,86.31
44.05,88.44
44.06,85.87
44.06,85.31
44.06,83.3
44.06,87.0
44.06,89.88
44.06,87.37
44.06,86.51
44.06,86.8
44.07,88.02
44.07,83.96
44.07,87.74
44.07,83.63
44.07,85.44
44.07,87.81
44.07,86.38
44.07,84.8
44.07,86.97
44.07,90.19
44.08,88.39
44.08,89.86
44.08,87.45
44.08,87.58
44.08,90.07
44.08,86.14
44.09,89.96
44.09,88.69
44.09,82.64
44.09,82.0
44.09,85.16
44.09,87.58
44.09,88.31
44.09,87.34
44.10,90.89
44.10,85.6
44.10,87.28
44.10,84.78
44.10,86.72
44.10,83.35
44.10,84.42
44.10,88.44
44.10,87.16
44.10,84.7
44.10,90.12
44.11,82.05
44.11,83.06
44.11,87.3
44.11,88.38
44.11,87.97
44.11,86.21
44.11,89.95
44.11,84.78
44.11,86.68
44.11,88.48
44.11,86.9
44.12,87.01
44.12,88.81
44.12,89.37
44.12,85.13
44.12,90.8
44.12,86.79
44.12,86.36
44.12,91.0
44.12,85.87
44.13,89.21
44.13,87.39
44.13,88.58
44.13,88.11
44.13,85.9
44.13,84.83
44.13,87.18
44.13,86.8
44.13,85.78
44.13,85.34
44.13,84.04
44.13,84.76
44.13,87.18
44.13,84.88
44.14,80.32
44.14,86.57
44.14,88.46
44.14,89.07
44.14,85.51
44.14,88.27
44.15,87.71
44.15,84.73
44.15,87.73
44.15,86.12
44.15,88.08
44.15,86.06
44.15,85.53
44.15,85.56
44.15,84.92
44.16,81.41
44.16,86.47
44.16,90.68
44.16,90.07
44.16,86.44
44.16,89.31
44.17,89.32
44.17,82.51
44.17,83.98
44.17,85.0
44.17,86.39
44.17,84.96
44.17,91.09
44.17,85.79
44.17,92.1
44.17,87.89
44.18,90.46
44.18,87.31
44.18,84.57
44.18,87.82
44.18,89.99
44.18,89.21
44.18,85.55
44.18,88.21
44.18,85.68
44.18,84.58
44.18,86.72
44.19,86.07
44.19,85.95
44.19,88.64
44.19,86.73
44.19,82.86
44.19,88.07
44.19,86.66
44.19,88.76
44.20,84.81
44.20,89.47
44.20,86.84
44.20,85.76
44.20,90.98
44.20,86.84
44.20,88.62
44.20,89.39
44.21,89.88
44.21,83.67
44.21,87.21
44.21,88.74
44.21,90.75
44.21,85.31
44.22,86.69
44.22,87.81
44.22,85.74
44.22,89.7
44.22,85.71
44.23,88.51
44.23,87.57
44.23,88.5
44.23,87.1
44.24,86.9
44.24,85.85
44.24,88.39
44.24,84.13
44.24,87.99
44.24,89.6
44.24,87.67
44.24,86.41
44.24,85.31
44.24,88.08
44.24,82.67
44.24,86.87
44.25,89.78
44.25,87.06
44.25,88.04
44.25,87.26
44.25,89.24
44.25,87.35
44.25,88.68
44.25,85.91
44.25,86.28
44.25,86.78
44.25,86.55
44.26,87.06
44.26,88.77
44.27,81.91
44.27,86.85
44.27,82.51
44.27,86.12
44.27,88.25
44.27,87.83
44.27,83.04
44.27,89.55
44.27,86.85
44.27,87.67
44.27,86.02
44.28,90.51
44.28,88.85
44.28,88.9
44.28,88.15
44.28,88.14
44.28,87.96
44.29,86.18
44.29,88.72
44.29,84.73
44.29,85.11
44.29,88.35
44.29,89.73
44.29,89.9
44.29,87.62
44.29,86.66
44.29,87.18
44.29,84.67
44.30,89.14
44.30,84.59
44.30,90.32
44.30,88.63
44.30,88.32
44.30,86.96
44.30,85.3
44.30,83.92
44.30,85.74
44.30,85.79
44.30,86.1
44.30,85.37
44.30,85.79
44.30,88.59
44.31,86.07
44.31,83.59
44.31,89.87
44.31,86.37
44.31,85.69
44.31,87.83
44.31,85.81
44.31,88.17
44.31,89.47
44.31,85.48
44.32,83.2
44.32,89.16
44.32,86.67
44.32,87.38
44.32,88.16
44.32,86.64
44.32,88.26
44.32,84.74
44.32,88.4
44.32,89.36
44.32,89.75
44.32,91.07
44.32,88.89
44.32,86.28
44.32,84.08
44.33,89.27
44.33,85.67
44.33,85.69
44.33,87.85
44.33,87.86
44.34,89.16
44.34,86.74
44.34,85.07
44.34,86.57
44.35,84.67
44.35,88.26
44.35,88.34
44.35,88.16
44.35,85.0
44.35,88.32
44.35,89.04
44.36,84.96
44.36,85.98
44.36,85.15
44.36,86.27
44.37,89.74
44.37,85.88
44.37,89.06
44.37,89.74
44.38,84.53
44.38,88.42
44.38,90.09
44.38,86.3
44.38,85.33
44.38,88.69
44.39,87.94
44.39,88.99
44.40,86.42
44.40,90.36
44.40,87.63
44.40,86.4
44.40,83.25
44.40,87.06
44.40,83.63
44.40,85.58
44.40,85.04
44.40,86.96
44.41,89.73
44.41,86.61
44.41,88.38
44.41,87.76
44.41,86.15
44.41,88.61
44.41,84.86
44.42,88.03
44.42,88.12
44.42,88.8
44.42,85.13
44.42,86.34
44.42,89.71
44.42,84.13
44.42,88.05
44.42,89.6
44.42,89.13
44.42,87.1
44.43,86.51
44.43,88.37
44.43,84.37
44.43,85.21
44.43,82.23
44.43,84.3
44.43,88.68
44.44,85.4
44.44,82.43
44.44,88.9
44.44,87.18
44.44,88.69
44.44,90.29
44.44,89.61
44.44,85.29
44.44,87.68
44.45,86.77
44.45,85.4
44.45,87.65
44.45,89.07
44.45,86.17
44.45,88.64
44.45,85.76
44.45,89.32
44.45,87.9
44.45,89.62
44.46,88.89
44.46,86.78
44.46,86.57
44.46,89.43
44.46,85.47
44.46,88.08
44.46,91.6
44.46,87.86
44.46,84.02
44.46,85.75
44.46,88.59
44.47,87.81
44.47,88.6
44.47,89.26
44.47,87.25
44.47,87.69
44.47,88.25
44.47,88.7
44.48,88.1
44.48,85.41
44.48,84.97
44.48,86.68
44.48,86.6
44.48,85.38
44.48,88.65
44.48,90.04
44.48,88.39
44.49,86.85
44.49,88.0
44.49,87.68
44.49,85.85
44.49,88.53
44.49,89.26
44.49,88.88
44.49,86.4
44.49,87.74
44.49,86.3
44.49,88.9
44.49,87.31
44.49,88.7
44.49,87.11
44.49,89.19
44.50,85.78
44.50,90.1
44.50,87.41
44.50,88.05
44.50,85.73
44.50,84.55
44.50,89.78
44.50,87.09
44.50,83.83
44.50,87.27
44.51,87.12
44.51,85.97
44.51,91.05
44.51,90.95
44.51,89.71
44.51,83.08
44.51,87.01
44.51,87.57
44.51,86.25
44.51,89.53
44.51,87.04
44.51,88.11
44.52,86.22
44.52,83.27
44.52,86.81
44.52,86.44
44.52,90.83
44.53,88.58
44.53,88.75
44.53,87.16
44.53,87.46
44.54,88.46
44.54,86.59
44.54,89.43
44.54,86.41
44.54,85.74
44.54,90.62
44.54,90.4
44.54,84.99
44.54,85.6
44.54,89.94
44.55,88.11
44.55,90.64
44.55,84.3
44.55,90.07
44.55,88.7
44.55,88.98
44.55,92.23
44.55,87.78
44.55,85.47
44.56,86.36
44.56,87.95
44.56,87.02
44.56,86.19
44.56,89.36
44.56,86.32
44.56,90.01
44.56,82.74
44.57,86.44
44.57,89.11
44.57,89.39
44.57,90.38
44.57,87.13
44.57,87.39
44.58,91.96
44.58,90.18
44.58,90.12
44.58,86.76
44.58,89.9
44.58,84.98
44.58,86.85
44.58,86.9
44.58,89.23
44.58,86.99
44.58,89.2
44.58,86.08
44.59,87.09
44.59,89.67
44.59,88.94
44.59,88.62
44.59,88.22
44.59,87.3
44.59,90.5
45.00,88.55
45.00,90.35
45.00,88.3
45.00,86.72
45.00,89.32
45.00,90.39
45.00,85.63
45.01,86.54
45.01,87.6
45.01,87.39
45.01,90.92
45.01,91.32
45.01,92.15
45.02,87.07
45.02,91.93
45.02,86.08
45.02,88.96
45.02,85.38
45.02,89.12
45.02,86.55
45.02,89.36
45.02,88.09
45.03,90.91
45.03,88.52
45.03,86.56
45.03,87.41
45.03,89.61
45.03,87.57
45.03,84.09
45.03,88.47
45.03,89.25
45.03,86.67
45.04,90.55
45.04,92.66
45.04,86.49
45.04,89.16
45.04,90.77
45.04,89.49
45.04,85.29
45.04,89.78
45.04,89.35
45.04,87.05
45.04,85.76
45.04,88.33
45.05,89.37
45.05,91.01
45.05,90.46
45.05,87.67
45.05,88.68
45.05,89.61
45.05,84.13
45.05,89.16
45.05,85.07
45.05,85.28
45.05,91.47
45.05,88.88
45.06,86.11
45.06,91.42
45.06,89.81
45.06,85.52
45.06,86.11
45.06,87.3
45.06,89.28
45.06,92.0
45.06,89.12
45.06,89.62
45.07,87.3
45.07,87.62
45.07,86.1
45.07,88.98
45.07,87.5
45.07,92.4
45.07,89.64
45.07,89.72
45.07,89.07
45.07,86.5
45.08,87.12
45.08,90.36
45.08,88.76
45.08,86.58
45.08,87.54
45.08,85.69
45.08,89.11
45.08,87.4
45.08,89.83
45.08,86.83
45.08,87.75
45.09,88.01
45.09,87.26
45.09,90.25
45.09,89.81
45.09,85.83
45.10,86.38
45.10,84.98
45.10,89.77
45.10,87.57
45.10,89.62
45.10,87.34
45.10,90.99
45.10,89.66
45.11,86.53
45.11,90.51
45.11,94.03
45.11,90.0
45.11,90.01
45.11,88.08
45.11,90.18
45.11,87.55
45.11,91.19
45.12,92.58
45.12,90.37
45.12,86.46
45.12,92.98
45.12,90.06
45.12,89.3
45.12,87.64
45.12,88.57
45.12,86.84
45.12,92.59
45.12,88.99
45.12,90.46
45.12,90.14
45.12,89.74
45.12,90.64
45.12,89.39
45.12,86.81
45.12,87.22
45.12,89.92
45.12,91.65
45.12,89.27
45.12,89.02
45.12,91.71
45.13,85.85
45.13,90.79
45.13,88.97
45.13,86.6
45.13,86.88
45.13,90.15
45.13,85.96
45.13,91.44
45.13,87.31
45.13,90.02
45.14,89.18
45.14,91.96
45.14,88.94
45.14,86.92
45.14,86.06
45.14,90.32
45.14,89.59
45.15,89.67
45.15,87.3
45.15,86.83
45.15,90.75
45.15,89.17
45.15,93.61
45.15,87.73
45.15,91.11
45.15,86.12
45.15,90.71
45.16,90.52
45.16,88.77
45.16,93.49
45.16,85.29
45.17,88.96
45.17,93.12
45.17,89.89
45.17,88.61
45.17,88.07
45.17,87.62
45.18,86.02
45.18,90.05
45.18,89.7
45.18,88.31
45.18,90.21
45.18,87.85
45.18,88.82
45.18,86.61
45.18,91.71
45.19,89.42
45.19,89.7
45.19,87.61
45.19,85.42
45.20,92.24
45.20,85.51
45.20,86.2
45.20,87.35
45.20,88.98
45.20,90.31
45.20,87.36
45.20,89.68
45.20,90.24
45.20,90.92
45.21,88.37
45.21,90.45
45.21,88.73
45.21,90.39
45.21,86.39
45.21,92.68
45.21,87.76
45.21,88.37
45.22,86.36
45.22,89.42
45.22,89.51
45.22,88.87
45.22,89.77
45.22,92.2
45.22,84.52
45.22,90.58
45.23,93.21
45.23,87.32
45.23,90.28
45.23,89.45
45.23,86.4
45.23,91.52
45.23,89.99
45.24,90.06
45.24,87.8
45.24,89.93
45.25,84.84
45.25,86.55
45.25,87.6
45.25,87.43
45.25,89.0
45.25,88.67
45.25,84.86
45.25,88.64
45.25,86.45
45.25,86.84
45.25,88.58
45.26,87.04
45.26,90.14
45.26,88.18
45.26,89.47
45.26,90.26
45.26,88.46
45.27,90.73
45.27,88.01
45.27,88.12
45.27,91.16
45.28,89.7
45.28,92.91
45.28,86.7
45.28,91.61
45.28,89.56
45.28,91.84
45.29,87.31
45.29,92.42
45.29,85.96
45.29,87.81
45.29,88.55
45.29,90.16
45.29,89.85
45.29,88.88
45.30,91.18
45.30,89.25
45.30,90.59
45.30,90.13
45.30,91.82
45.30,90.67
45.30,87.96
45.30,90.68
45.30,87.76
45.31,90.36
45.31,92.09
45.31,88.98
45.31,92.98
45.31,91.01
45.31,88.45
45.31,91.11
45.31,88.55
45.32,87.21
45.32,87.49
45.32,88.81
45.32,87.99
45.32,87.83
45.32,88.1
45.32,88.7
45.32,92.82
45.32,90.41
45.32,91.65
45.33,94.12
45.33,86.67
45.33,90.11
45.33,92.05
45.33,91.33
45.33,92.83
45.33,86.31
45.33,87.59
45.33,86.26
45.34,87.57
45.34,90.55
45.34,88.07
45.34,89.4
45.34,93.88
45.35,88.74
45.35,90.87
45.35,89.47
45.35,87.86
45.35,88.95
45.36,87.89
45.36,88.46
45.36,88.26
45.36,87.89
45.36,91.11
45.36,90.25
45.36,90.52
45.36,87.81
45.36,87.41
45.36,89.94
45.36,86.49
45.36,90.42
45.36,88.94
45.36,86.09
45.37,90.05
45.37,86.88
45.37,89.44
45.37,88.03
45.37,90.7
45.37,93.13
45.38,89.81
45.38,90.03
45.38,87.68
45.38,87.27
45.38,90.81
45.39,87.26
45.39,88.61
45.39,87.97
45.39,89.25
45.39,90.7
45.39,87.82
45.39,91.15
45.40,87.8
45.40,91.83
45.40,88.56
45.40,90.17
45.40,91.78
45.40,93.18
45.40,92.2
45.41,89.17
45.41,88.42
45.41,90.07
45.41,87.71
45.41,88.33
45.41,88.67
45.41,87.01
45.41,90.24
45.42,87.87
45.42,88.68
45.42,89.45
45.42,90.98
45.42,89.28
45.42,88.61
45.43,90.21
45.43,91.26
45.43,88.06
45.43,87.19
45.43,89.39
45.43,90.04
45.43,87.38
45.43,93.28
45.43,88.31
45.43,90.97
45.43,92.85
45.43,90.16
45.43,91.34
45.43,90.65
45.43,88.27
45.43,89.4
45.44,86.46
45.44,89.15
45.44,91.96
45.44,89.18
45.44,85.89
45.44,89.27
45.44,90.35
45.45,88.6
45.45,91.8
45.45,91.18
45.45,89.97
45.45,90.17
45.45,87.7
45.45,85.6
45.46,91.18
45.46,89.12
45.46,90.24
45.46,89.0
45.46,89.67
45.46,87.11
45.46,88.51
45.46,87.86
45.46,88.49
45.46,90.71
45.46,90.92
45.46,90.61
45.46,88.0
45.46,86.31
45.47,89.16
45.47,89.66
45.47,90.1
45.47,92.7
45.47,87.87
45.48,85.93
45.48,89.31
45.48,86.71
45.48,88.55
45.48,89.05
45.48,86.72
45.48,93.19
45.48,88.53
45.48,87.55
45.49,90.05
45.49,87.08
45.49,89.54
45.49,89.91
45.49,91.92
45.49,91.88
45.49,88.94
45.50,90.6
45.50,89.55
45.50,87.66
45.50,88.8
45.50,91.0
45.50,88.87
45.50,91.19
45.50,88.82
45.50,90.35
45.50,87.19
45.50,90.89
45.50,90.67
45.51,91.67
45.51,86.72
45.51,86.13
45.51,90.2
45.51,86.71
45.51,88.44
45.51,91.04
45.51,87.23
45.52,88.48
45.52,90.29
45.52,89.41
45.52,91.65
45.52,89.25
45.53,88.85
45.53,90.92
45.53,91.06
45.53,91.61
45.53,92.48
45.53,87.85
45.53,91.91
45.54,92.36
45.54,90.15
45.54,92.77
45.54,89.05
45.54,93.47
45.54,92.08
45.54,92.8
45.54,89.43
45.55,89.69
45.55,89.51
45.55,90.2
45.55,92.33
45.55,88.62
45.55,93.17
45.56,90.39
45.56,86.8
45.56,91.11
45.56,91.51
45.56,87.22
45.57,87.71
45.57,91.13
45.57,89.97
45.57,89.94
45.57,89.81
45.57,92.04
45.57,90.81
45.57,85.57
45.58,87.96
45.58,92.3
45.58,89.26
45.58,93.48
45.58,91.11
45.58,88.24
45.58,89.81
45.58,92.17
45.58,89.8
45.59,91.3
45.59,93.94
45.59,92.18
45.59,88.96
45.59,86.33
45.59,88.72
45.59,86.9
45.59,90.94
45.59,89.75
46.00,88.31
46.00,91.12
46.00,83.76
46.00,90.17
46.00,91.25
46.00,89.67
46.00,92.37
46.01,88.4
46.01,88.23
46.01,90.38
46.01,90.54
46.01,91.97
46.01,87.96
46.02,87.51
46.02,89.9
46.02,92.63
46.02,92.12
46.02,94.32
46.02,92.96
46.02,90.27
46.02,86.91
46.02,90.28
46.02,90.06
46.02,90.37
46.02,91.05
46.02,90.81
46.02,88.33
46.02,90.31
46.03,87.1
46.03,90.89
46.03,89.42
46.03,89.71
46.03,89.98
46.03,91.89
46.03,89.76
46.03,91.45
46.04,86.92
46.04,92.75
46.04,88.0
46.04,93.35
46.04,89.89
46.04,89.79
46.04,93.26
46.04,90.5
46.04,88.81
46.04,85.57
46.05,93.11
46.05,92.97
46.05,90.64
46.05,86.84
46.05,87.96
46.05,90.88
46.05,93.12
46.05,91.51
46.05,86.39
46.06,89.73
46.06,88.62
46.06,88.15
46.06,85.92
46.06,90.83
46.06,90.12
46.06,91.55
46.06,92.84
46.06,87.39
46.06,88.05
46.06,89.14
46.07,89.42
46.07,90.62
46.07,88.53
46.07,87.96
46.07,90.74
46.07,91.96
46.07,93.58
46.07,93.09
46.07,89.81
46.07,90.6
46.07,93.21
46.07,91.76
46.07,94.84
46.08,92.89
46.08,93.15
46.08,90.53
46.08,92.05
46.08,90.62
46.08,89.51
46.08,92.31
46.08,88.71
46.08,93.14
46.09,91.68
46.09,89.62
46.09,89.23
46.09,90.64
46.09,89.05
46.09,90.26
46.09,89.49
46.10,93.7
46.10,88.4
46.10,91.51
46.10,91.86
46.10,90.78
46.10,94.12
46.10,89.57
46.10,91.73
46.10,86.55
46.10,88.91
46.11,93.18
46.11,88.98
46.11,89.58
46.11,90.37
46.11,91.79
46.12,90.69
46.12,90.56
46.12,88.96
46.12,94.27
46.13,91.05
46.13,88.96
46.13,88.56
46.13,88.72
46.13,89.3
46.13,89.38
46.13,96.72
46.13,84.96
46.13,93.54
46.14,92.03
46.14,92.07
46.14,93.42
46.14,90.39
46.14,90.22
46.14,91.35
46.14,88.37
46.15,93.84
46.15,88.37
46.15,88.75
46.15,91.42
46.15,89.01
46.15,90.12
46.16,91.62
46.16,89.37
46.16,92.14
46.16,90.29
46.16,91.87
46.16,94.91
46.16,91.37
46.16,88.24
46.16,89.65
46.16,93.4
46.16,90.83
46.17,91.85
46.17,90.06
46.17,89.45
46.17,87.22
46.17,89.91
46.17,87.63
46.17,88.94
46.17,87.85
46.17,88.86
46.17,94.87
46.17,90.85
46.18,89.17
46.18,90.67
46.18,92.18
46.18,87.06
46.18,91.72
46.18,88.04
46.18,91.27
46.19,87.42
46.19,92.03
46.19,90.25
46.19,89.86
46.19,93.48
46.19,90.63
46.19,93.17
46.19,90.58
46.19,89.05
46.19,95.29
46.20,92.96
46.20,90.15
46.20,91.66
46.20,91.8
46.20,92.13
46.20,89.23
46.20,89.95
46.21,95.26
46.21,89.48
46.21,91.78
46.21,87.24
46.21,89.63
46.21,92.28
46.21,88.0
46.21,92.68
46.22,92.18
46.22,92.58
46.22,89.89
46.22,90.48
46.22,90.19
46.22,90.11
46.22,90.15
46.22,89.73
46.22,87.96
46.23,89.55
46.23,89.53
46.23,86.86
46.24,92.11
46.24,91.57
46.24,91.59
46.24,89.74
46.24,93.69
46.24,92.83
46.25,94.86
46.25,91.2
46.25,90.75
46.25,92.05
46.25,90.63
46.25,89.22
46.25,91.02
46.26,92.6
46.26,91.7
46.26,87.47
46.26,88.47
46.26,87.21
46.26,91.48
46.26,92.09
46.26,90.67
46.26,90.52
46.26,91.84
46.27,93.67
46.27,92.29
46.27,87.98
46.27,89.52
46.27,87.22
46.28,91.27
46.28,92.27
46.28,92.31
46.28,90.32
46.28,90.93
46.28,88.17
46.28,91.66
46.28,93.29
46.28,89.54
46.29,90.94
46.29,88.63
46.29,95.37
46.29,88.55
46.29,91.47
46.29,88.77
46.29,91.62
46.29,89.44
46.29,91.18
46.29,93.83
46.29,93.33
46.29,89.66
46.30,90.07
46.30,92.73
46.30,88.63
46.30,92.95
46.30,91.41
46.30,88.75
46.30,89.5
46.30,92.42
46.30,90.66
46.30,92.32
46.30,90.54
46.30,90.14
46.30,92.04
46.31,93.08
46.31,89.83
46.31,91.33
46.31,89.09
46.31,92.83
46.31,92.76
46.31,96.46
46.31,88.76
46.32,91.55
46.32,87.95
46.32,96.54
46.32,89.7
46.32,92.74
46.32,92.49
46.32,93.41
46.32,92.79
46.33,90.94
46.33,89.91
46.33,92.27
46.33,91.73
46.33,94.14
46.33,92.52
46.33,88.87
46.33,90.08
46.33,91.55
46.34,92.18
46.34,92.34
46.34,94.58
46.34,90.19
46.34,91.42
46.34,91.19
46.34,93.0
46.34,90.16
46.34,90.89
46.35,93.08
46.35,92.88
46.35,93.46
46.35,95.32
46.35,90.96
46.35,90.5
46.35,93.55
46.35,94.25
46.35,89.13
46.36,93.8
46.36,92.34
46.36,88.65
46.36,90.81
46.36,93.53
46.37,90.8
46.37,90.82
46.37,93.51
46.37,90.4
46.37,94.46
46.37,92.62
46.37,94.09
46.37,90.56
46.38,89.03
46.38,87.44
46.38,92.79
46.38,91.55
46.38,91.05
46.38,93.08
46.38,90.75
46.39,93.25
46.39,91.01
46.39,91.57
46.39,91.2
46.39,94.4
46.39,95.75
46.39,92.61
46.40,89.75
46.40,91.95
46.40,91.92
46.40,92.66
46.40,93.44
46.40,87.91
46.40,91.43
46.40,90.4
46.40,93.42
46.40,90.87
46.41,90.36
46.41,91.27
46.41,89.85
46.41,93.65
46.41,92.74
46.41,92.53
46.41,91.86
46.42,92.16
46.42,95.18
46.42,91.7
46.42,90.12
46.42,90.06
46.42,92.25
46.42,90.79
46.42,93.88
46.42,90.94
46.42,85.7
46.42,90.96
46.43,92.18
46.43,91.91
46.43,88.97
46.43,91.43
46.43,94.51
46.43,90.73
46.43,91.46
46.43,88.92
46.43,90.79
46.43,91.31
46.43,94.0
46.44,90.26
46.44,91.92
46.44,92.5
46.44,92.39
46.44,89.64
46.44,92.36
46.44,92.3
46.44,92.29
46.45,88.18
46.45,92.84
46.45,86.77
46.45,88.62
46.45,89.67
46.45,94.11
46.46,90.7
46.46,90.29
46.46,91.19
46.46,91.11
46.46,92.7
46.46,91.9
46.47,91.11
46.47,92.08
46.47,91.77
46.47,90.96
46.47,89.99
46.47,97.49
46.47,94.33
46.47,88.37
46.47,90.05
46.47,92.25
46.47,92.99
46.48,95.05
46.48,90.9
46.48,91.44
46.48,94.96
46.48,92.95
46.48,90.02
46.48,90.03
46.48,91.4
46.48,90.28
46.48,90.66
46.48,92.92
46.48,90.7
46.49,89.84
46.49,96.4
46.49,89.78
46.49,90.3
46.49,93.45
46.49,92.57
46.49,87.08
46.49,89.57
46.50,93.68
46.50,92.14
46.50,92.08
46.50,88.28
46.50,93.75
46.50,88.76
46.50,94.43
46.50,92.9
46.51,89.73
46.51,91.01
46.51,89.3
46.51,90.59
46.51,93.0
46.51,90.9
46.51,93.62
46.51,93.09
46.51,89.46
46.51,90.75
46.52,90.88
46.52,88.83
46.52,92.15
46.52,91.52
46.52,92.36
46.52,90.84
46.53,90.03
46.53,89.51
46.53,92.66
46.53,93.08
46.53,93.4
46.53,91.98
46.54,88.96
46.54,88.15
46.54,90.4
46.54,93.08
46.55,92.17
46.55,89.04
46.55,92.16
46.55,89.19
46.55,93.19
46.55,92.38
46.55,88.51
46.55,94.77
46.56,90.96
46.56,96.33
46.56,89.71
46.57,92.61
46.57,91.72
46.57,95.24
46.57,91.07
46.57,89.77
46.57,90.05
46.57,92.4
46.57,93.28
46.57,95.23
46.57,92.11
46.57,91.09
46.57,90.22
46.58,94.71
46.58,90.75
46.58,95.95
46.58,91.23
46.58,87.67
46.58,89.03
46.58,88.62
46.59,94.24
46.59,94.23
46.59,94.23
46.59,86.2
46.59,90.91
46.59,93.77
46.59,91.74
47.00,89.32
47.00,89.61
47.00,91.95
47.00,92.66
47.00,89.75
47.00,90.03
47.00,94.22
47.00,90.72
47.00,89.0
47.00,94.36
47.00,92.22
47.01,89.44
47.01,88.13
47.01,93.02
47.01,93.83
47.01,89.85
47.01,87.72
47.01,93.33
47.01,93.42
47.01,94.48
47.01,89.94
47.01,92.12
47.02,91.74
47.02,92.22
47.02,92.0
47.02,94.75
47.02,94.77
47.02,93.42
47.02,91.23
47.02,87.46
47.02,95.0
47.03,91.75
47.03,91.82
47.03,93.07
47.03,90.98
47.03,94.81
47.03,91.15
47.03,92.26
47.03,92.06
47.03,92.07
47.03,92.54
47.04,93.28
47.04,91.18
47.04,90.71
47.04,94.21
47.04,89.83
47.04,91.52
47.04,93.94
47.04,90.56
47.05,91.22
47.05,91.39
47.05,94.2
47.05,91.81
47.05,92.72
47.05,91.36
47.05,88.47
47.05,91.68
47.05,94.33
47.05,94.39
47.05,94.82
47.05,89.66
47.05,94.26
47.05,89.57
47.05,89.7
47.05,91.99
47.05,92.77
47.06,93.12
47.06,92.55
47.06,91.09
47.06,97.09
47.06,90.89
47.06,89.74
47.06,94.09
47.06,89.02
47.07,91.51
47.07,96.83
47.07,93.67
47.07,91.57
47.07,92.52
47.07,94.16
47.07,95.12
47.08,89.58
47.08,92.17
47.08,94.79
47.08,90.81
47.08,94.57
47.08,89.1
47.08,94.78
47.08,93.8
47.09,90.97
47.09,94.93
47.09,91.92
47.10,92.44
47.10,89.67
47.10,92.89
47.10,97.56
47.10,94.01
47.10,97.37
47.10,92.48
47.10,93.83
47.11,89.65
47.11,92.36
47.11,93.6
47.11,94.67
47.11,89.61
47.11,93.18
47.11,93.48
47.11,91.28
47.11,92.86
47.11,91.14
47.12,91.44
47.12,92.43
47.12,92.57
47.12,88.09
47.12,94.06
47.12,91.63
47.12,92.78
47.13,94.8
47.13,90.18
47.13,90.8
47.13,88.49
47.13,92.49
47.14,92.34
47.14,92.57
47.14,93.03
47.14,91.5
47.14,92.08
47.14,94.33
47.14,91.28
47.15,91.47
47.15,97.78
47.15,92.32
47.15,89.4
47.15,95.65
47.15,92.19
47.15,89.59
47.15,91.99
47.15,92.8
47.15,91.26
47.15,92.29
47.15,91.85
47.16,90.38
47.16,91.97
47.16,91.0
47.16,88.14
47.16,92.87
47.17,91.46
47.17,91.44
47.17,92.94
47.17,93.12
47.17,92.75
47.17,94.12
47.17,91.71
47.17,93.1
47.18,88.98
47.18,91.19
47.18,90.77
47.18,84.93
47.18,94.04
47.18,95.96
47.18,92.72
47.19,94.44
47.19,92.38
47.19,95.45
47.19,91.82
47.19,92.56
47.19,91.61
47.19,94.26
47.19,93.42
47.19,92.62
47.19,91.82
47.19,95.38
47.19,87.01
47.20,91.09
47.20,93.6
47.20,93.54
47.20,97.48
47.20,87.93
47.20,95.15
47.20,93.57
47.20,93.55
47.20,89.3
47.21,93.63
47.21,94.21
47.21,89.69
47.21,93.39
47.21,90.91
47.21,93.17
47.21,90.15
47.21,91.64
47.21,93.58
47.21,92.96
47.21,93.95
47.22,91.6
47.22,93.91
47.22,92.96
47.22,93.79
47.22,93.08
47.22,94.29
47.22,91.4
47.22,92.96
47.22,95.43
47.22,94.28
47.22,96.07
47.22,93.94
47.22,93.18
47.23,95.11
47.23,93.28
47.23,92.66
47.24,95.19
47.24,93.61
47.24,93.75
47.24,92.46
47.24,93.27
47.24,91.54
47.24,92.79
47.24,92.07
47.24,91.61
47.25,94.75
47.25,93.95
47.25,95.02
47.25,88.99
47.25,96.03
47.25,90.69
47.25,93.15
47.25,92.98
47.25,91.12
47.25,91.76
47.26,92.23
47.26,89.93
47.26,97.14
47.26,93.56
47.26,93.46
47.27,92.82
47.27,90.84
47.27,92.65
47.27,91.7
47.27,95.39
47.27,91.83
47.27,94.02
47.27,89.58
47.28,91.97
47.28,90.07
47.28,91.53
47.28,91.77
47.28,94.2
47.28,93.71
47.28,91.69
47.28,91.41
47.28,90.61
47.29,95.32
47.29,96.03
47.29,93.32
47.29,89.21
47.29,90.7
47.29,90.85
47.29,94.13
47.29,91.9
47.29,94.16
47.29,91.2
47.29,92.33
47.30,93.55
47.30,91.62
47.30,94.38
47.30,92.74
47.30,93.35
47.31,93.3
47.31,90.51
47.31,94.43
47.31,92.44
47.31,93.47
47.31,91.65
47.31,91.86
47.31,95.05
47.31,91.49
47.31,91.14
47.31,90.36
47.31,92.56
47.32,95.23
47.32,92.76
47.32,91.6
47.32,95.54
47.32,92.92
47.32,90.94
47.32,92.85
47.32,94.14
47.32,91.03
47.33,95.46
47.33,95.18
47.33,93.09
47.33,91.55
47.33,96.63
47.33,93.75
47.33,93.66
47.33,91.06
47.34,90.59
47.34,92.72
47.34,95.52
47.34,89.59
47.34,92.6
47.34,90.64
47.34,94.52
47.34,94.42
47.34,93.17
47.34,91.77
47.35,93.27
47.35,94.88
47.35,96.41
47.35,93.44
47.35,92.45
47.35,95.85
47.35,94.0
47.35,90.26
47.35,90.0
47.35,92.33
47.35,96.26
47.36,91.95
47.36,94.96
47.36,95.47
47.36,92.93
47.36,95.39
47.36,90.63
47.37,95.39
47.37,96.13
47.37,94.8
47.37,92.95
47.37,96.83
47.37,93.26
47.37,93.47
47.37,92.56
47.38,91.59
47.38,95.14
47.38,92.88
47.38,90.44
47.38,90.01
47.38,88.68
47.38,94.82
47.38,92.73
47.38,92.69
47.38,94.86
47.38,90.97
47.39,92.68
47.39,94.89
47.39,90.84
47.39,92.71
47.40,92.95
47.40,93.73
47.40,91.23
47.40,91.39
47.40,92.55
47.40,93.19
47.40,97.35
47.40,92.2
47.41,95.71
47.41,94.99
47.41,96.01
47.41,91.77
47.42,94.24
47.42,90.44
47.42,91.99
47.42,91.27
47.42,94.1
47.42,90.56
47.43,92.84
47.43,98.17
47.43,92.63
47.43,92.71
47.43,91.84
47.43,90.71
47.43,92.33
47.43,91.38
47.43,92.89
47.43,92.48
47.43,96.02
47.44,95.77
47.44,90.41
47.44,93.74
47.44,90.15
47.44,91.46
47.45,94.06
47.45,94.04
47.45,93.29
47.45,95.82
47.45,92.99
47.45,90.55
47.45,91.98
47.45,94.76
47.45,92.67
47.45,92.62
47.45,95.32
47.45,91.99
47.45,92.78
47.45,97.39
47.46,94.9
47.46,93.6
47.46,97.11
47.46,93.71
47.46,92.48
47.46,93.74
47.46,99.08
47.46,92.94
47.46,94.13
47.46,90.51
47.46,91.31
47.47,90.49
47.47,93.07
47.47,93.55
47.47,94.86
47.47,93.65
47.47,91.83
47.47,92.95
47.47,91.82
47.47,93.56
47.48,94.09
47.48,93.63
47.48,89.58
47.48,92.82
47.48,91.5
47.48,96.69
47.48,96.31
47.48,93.08
47.48,95.28
47.48,96.02
47.49,93.94
47.49,94.7
47.49,95.15
47.49,89.53
47.50,96.72
47.50,94.94
47.50,96.33
47.50,96.04
47.50,92.55
47.50,92.66
47.50,94.05
47.51,93.17
47.51,93.44
47.51,97.9
47.51,94.76
47.51,92.74
47.51,94.14
47.51,93.36
47.51,93.09
47.51,91.11
47.51,95.7
47.51,91.98
47.51,90.61
47.51,92.02
47.52,94.4
47.52,90.59
47.52,93.37
47.52,91.13
47.52,87.42
47.52,93.72
47.53,94.94
47.53,93.97
47.53,93.98
47.53,96.81
47.54,92.99
47.54,95.17
47.54,92.8
47.54,96.69
47.54,93.5
47.54,93.62
47.54,93.22
47.54,94.38
47.55,91.44
47.55,93.07
47.55,95.42
47.55,90.76
47.55,94.42
47.55,93.2
47.55,96.34
47.55,93.94
47.56,92.78
47.56,93.18
47.56,93.71
47.56,91.91
47.56,93.89
47.56,93.13
47.57,93.44
47.57,94.56
47.57,93.51
47.57,91.5
47.57,94.03
47.57,93.59
47.57,90.46
47.57,92.48
47.58,91.79
47.58,93.79
47.58,97.44
47.58,96.34
47.58,91.83
47.58,91.25
47.58,92.16
47.58,94.92
47.58,92.63
47.58,93.6
47.59,91.23
47.59,90.8
47.59,92.99
47.59,93.37
47.59,93.81
47.59,95.04
47.59,93.51
47.59,96.78
47.59,97.56
47.59,96.23
48.00,95.75
48.00,97.11
48.00,92.41
48.00,94.26
48.00,91.37
48.01,97.23
48.01,92.95
48.01,95.06
48.01,93.44
48.02,95.95
48.02,93.09
48.03,92.29
48.03,95.46
48.03,96.93
48.03,95.03
48.03,96.44
48.03,92.27
48.03,95.13
48.03,95.88
48.03,93.11
48.03,95.42
48.03,93.16
48.03,91.27
48.03,95.34
48.03,95.82
48.03,96.43
48.03,95.59
48.03,91.91
48.03,97.15
48.04,94.21
48.04,92.65
48.04,96.63
48.04,94.59
48.04,93.97
48.04,91.64
48.04,95.33
48.04,96.46
48.04,91.26
48.04,92.06
48.04,92.49
48.04,90.75
48.05,94.96
48.05,92.1
48.05,92.19
48.05,94.71
48.05,96.98
48.05,94.63
48.05,94.52
48.05,90.41
48.05,99.37
48.05,92.61
48.05,94.12
48.05,97.85
48.06,95.6
48.06,95.2
48.06,94.67
48.06,90.9
48.06,96.38
48.06,92.78
48.06,93.53
48.06,96.0
48.06,92.25
48.06,94.45
48.06,94.53
48.07,93.59
48.07,94.14
48.07,93.27
48.07,92.8
48.07,96.09
48.07,91.74
48.07,93.78
48.07,94.69
48.08,90.82
48.08,92.58
48.08,92.4
48.08,91.97
48.08,93.88
48.08,96.52
48.08,97.47
48.08,96.48
48.08,91.05
48.08,93.22
48.09,96.48
48.09,95.99
48.09,91.83
48.09,92.59
48.09,90.39
48.09,91.97
48.09,95.33
48.10,94.86
48.10,94.31
48.10,92.02
48.10,95.42
48.10,97.99
48.10,97.09
48.10,94.9
48.10,95.57
48.11,97.22
48.11,91.2
48.11,95.39
48.11,96.03
48.11,95.49
48.11,93.98
48.11,91.65
48.11,95.04
48.11,96.26
48.11,94.16
48.11,95.81
48.12,94.68
48.12,93.33
48.12,96.8
48.12,94.89
48.12,96.52
48.12,94.85
48.12,94.28
48.12,95.05
48.13,92.82
48.13,94.61
48.13,94.31
48.13,93.06
48.13,93.15
48.13,96.15
48.13,90.36
48.13,95.47
48.13,97.67
48.13,92.74
48.14,95.0
48.14,94.8
48.14,90.94
48.14,93.07
48.14,95.43
48.14,93.2
48.14,90.08
48.14,94.16
48.14,96.36
48.15,94.16
48.15,95.09
48.15,96.21
48.15,93.45
48.15,94.0
48.15,90.64
48.15,94.21
48.16,90.75
48.16,89.96
48.16,94.21
48.16,92.9
48.16,92.33
48.16,92.24
48.16,93.29
48.16,93.81
48.17,92.18
48.17,95.5
48.17,98.63
48.17,90.26
48.17,97.97
48.17,95.77
48.17,94.37
48.17,98.01
48.17,95.3
48.17,91.11
48.18,95.17
48.18,95.22
48.18,97.93
48.18,92.49
48.18,93.42
48.19,90.66
48.19,94.76
48.19,93.28
48.19,92.69
48.19,94.22
48.19,95.67
48.19,92.35
48.19,94.57
48.19,93.99
48.19,92.72
48.19,96.33
48.20,93.66
48.20,94.35
48.20,96.71
48.20,99.15
48.20,95.34
48.20,94.08
48.20,91.63
48.21,92.49
48.21,96.3
48.21,92.23
48.21,92.77
48.21,93.75
48.21,90.05
48.22,92.92
48.22,95.54
48.22,93.16
48.22,94.96
48.23,95.03
48.23,91.02
48.23,96.06
48.23,96.51
48.23,94.33
48.23,89.46
48.23,96.46
48.23,91.26
48.24,95.58
48.24,96.92
48.24,94.08
48.24,94.52
48.24,95.25
48.24,94.87
48.24,93.12
48.25,99.31
48.25,91.19
48.25,97.48
48.25,94.59
48.25,92.82
48.26,97.49
48.26,99.89
48.26,93.74
48.26,93.89
48.26,95.9
48.26,94.9
48.26,94.07
48.26,92.36
48.26,95.65
48.27,97.38
48.27,96.74
48.27,95.39
48.27,95.34
48.27,93.6
48.28,92.88
48.28,96.74
48.28,95.2
48.28,93.32
48.28,92.85
48.28,95.91
48.29,93.56
48.29,94.27
48.29,96.09
48.29,96.28
48.29,91.36
48.29,94.5
48.29,96.52
48.30,98.14
48.30,92.8
48.30,97.06
48.30,91.31
48.30,95.9
48.30,94.16
48.30,95.18
48.31,91.76
48.31,95.05
48.31,92.26
48.31,92.27
48.32,96.98
48.32,96.04
48.32,92.53
48.32,92.34
48.32,96.39
48.32,95.01
48.32,95.39
48.32,95.37
48.32,96.77
48.32,93.04
48.32,97.97
48.32,92.42
48.33,93.23
48.33,92.38
48.33,93.61
48.33,95.55
48.33,95.02
48.33,95.6
48.33,93.08
48.33,90.58
48.34,94.73
48.34,97.57
48.34,93.33
48.34,92.83
48.34,95.68
48.35,94.52
48.35,92.85
48.35,95.35
48.35,92.76
48.35,96.62
48.35,94.84
48.35,93.97
48.35,100.0
48.35,92.71
48.35,97.28
48.35,96.35
48.35,92.61
48.36,94.22
48.36,93.63
48.36,93.21
48.36,95.1
48.36,92.94
48.36,93.91
48.36,92.98
48.36,94.7
48.36,94.41
48.36,96.11
48.36,93.03
48.37,96.45
48.37,97.99
48.37,96.13
48.37,95.84
48.37,95.51
48.37,95.15
48.38,96.18
48.38,95.61
48.38,98.22
48.38,94.36
48.38,94.16
48.38,96.91
48.38,94.93
48.38,94.33
48.38,97.69
48.38,97.3
48.39,98.01
48.39,96.47
48.39,95.82
48.39,93.32
48.39,95.12
48.39,96.07
48.39,95.86
48.39,93.77
48.39,96.12
48.40,96.29
48.40,95.58
48.40,95.9
48.40,96.88
48.40,94.36
48.40,94.95
48.40,92.46
48.40,94.22
48.40,91.66
48.40,95.78
48.40,94.7
48.40,93.13
48.40,96.56
48.40,98.17
48.40,94.79
48.40,94.33
48.41,91.41
48.41,94.25
48.41,93.03
48.41,92.05
48.41,96.71
48.41,95.16
48.42,94.76
48.42,94.32
48.42,94.05
48.42,96.1
48.42,98.68
48.42,94.27
48.42,93.53
48.42,95.84
48.42,92.16
48.43,94.75
48.43,97.02
48.43,97.09
48.43,95.04
48.43,96.23
48.43,92.69
48.43,100.0
48.43,92.58
48.43,97.43
48.43,94.98
48.43,95.07
48.43,96.34
48.43,93.54
48.43,96.72
48.43,96.28
48.44,93.84
48.44,93.58
48.44,93.24
48.44,94.34
48.44,95.08
48.44,97.91
48.44,95.53
48.44,95.81
48.45,94.07
48.45,95.24
48.45,95.76
48.45,90.75
48.45,91.64
48.45,98.54
48.46,92.04
48.46,99.39
48.46,96.27
48.46,94.03
48.46,95.45
48.46,95.46
48.46,92.56
48.46,94.09
48.46,97.81
48.46,91.37
48.47,94.74
48.47,90.55
48.47,97.9
48.47,93.15
48.47,97.75
48.47,95.44
48.47,98.5
48.47,96.07
48.48,95.95
48.48,95.84
48.48,92.27
48.48,97.77
48.48,95.13
48.48,96.81
48.48,98.33
48.49,95.2
48.49,95.86
48.49,92.8
48.49,94.19
48.49,94.39
48.49,96.41
48.49,93.89
48.49,96.77
48.49,96.59
48.49,96.6
48.49,92.73
48.49,94.97
48.49,95.21
48.49,93.89
48.49,97.77
48.49,93.13
48.50,92.72
48.50,94.85
48.50,93.58
48.50,95.35
48.50,98.67
48.50,96.48
48.50,96.62
48.51,99.3
48.51,95.62
48.51,90.74
48.51,99.05
48.51,95.01
48.51,96.06
48.51,94.93
48.51,99.95
48.51,94.4
48.51,96.58
48.51,98.8
48.52,94.91
48.52,100.0
48.52,93.18
48.52,96.2
48.52,94.23
48.52,93.67
48.52,96.87
48.52,96.54
48.52,96.64
48.52,93.35
48.52,92.5
48.52,93.38
48.53,95.22
48.53,94.96
48.53,96.2
48.53,96.16
48.54,94.7
48.54,94.77
48.54,99.47
48.54,93.75
48.54,94.5
48.54,93.57
48.54,94.92
48.54,96.88
48.54,93.73
48.55,96.85
48.55,90.42
48.55,95.98
48.55,97.27
48.55,89.26
48.55,97.36
48.55,93.95
48.55,92.91
48.55,97.61
48.55,95.18
48.55,96.45
48.55,95.33
48.55,95.49
48.56,95.99
48.56,96.06
48.56,95.96
48.56,95.4
48.56,94.05
48.56,100.0
48.56,95.78
48.56,96.5
48.56,93.12
48.57,93.51
48.57,96.28
48.57,97.57
48.57,94.41
48.57,98.15
48.57,96.39
48.57,93.42
48.57,98.19
48.58,98.01
48.58,95.74
48.58,98.4
48.58,95.91
48.58,92.21
48.58,97.14
48.58,96.75
48.59,95.71
48.59,96.27
48.59,96.46
48.59,92.87
48.59,97.48
49.00,96.44
49.00,92.51
49.00,91.15
49.00,95.58
49.00,94.04
49.00,94.77
49.00,96.13
49.00,94.84
49.00,96.71
49.00,92.54
49.00,94.49
49.00,92.47
49.01,95.48
49.01,91.89
49.01,100.0
49.01,95.29
49.02,96.55
49.02,96.95
49.02,98.03
49.02,98.13
49.02,97.18
49.02,94.66
49.03,99.13
49.03,96.33
49.03,94.66
49.03,95.17
49.03,95.08
49.03,95.5
49.04,93.84
49.04,96.76
49.04,97.96
49.04,97.62
49.04,94.87
49.04,97.39
49.04,98.72
49.04,92.23
49.04,93.64
49.04,96.89
49.04,94.99
49.04,93.15
49.05,96.78
49.05,96.83
49.05,96.16
49.05,98.72
49.05,90.92
49.05,92.55
49.05,96.75
49.05,96.27
49.05,95.94
49.05,95.58
49.05,95.91
49.05,95.33
49.06,92.73
49.06,96.4
49.06,93.29
49.06,96.8
49.06,94.9
49.06,95.95
49.06,96.45
49.06,98.73
49.06,97.18
49.06,98.75
49.06,99.85
49.07,99.13
49.07,96.2
49.07,94.3
49.07,98.72
49.07,96.58
49.07,95.18
49.07,97.01
49.07,95.23
49.07,95.6
49.07,98.31
49.07,97.15
49.08,97.67
49.08,92.91
49.08,95.41
49.08,96.32
49.08,97.65
49.08,94.52
49.08,93.98
49.08,94.95
49.08,94.99
49.08,96.99
49.09,98.22
49.09,94.38
49.09,94.68
49.09,96.64
49.10,98.38
49.10,96.17
49.10,96.62
49.10,95.06
49.10,92.59
49.10,94.54
49.10,93.64
49.10,100.0
49.11,94.43
49.11,96.94
49.11,98.33
49.11,96.9
49.11,97.76
49.11,95.67
49.11,98.03
49.11,97.26
49.12,97.17
49.12,95.21
49.12,96.97
49.12,96.53
49.12,97.74
49.12,94.78
49.12,94.13
49.12,96.2
49.12,94.67
49.12,96.68
49.13,95.0
49.13,93.79
49.13,97.24
49.13,93.68
49.13,96.01
49.13,100.0
49.14,96.52
49.14,92.88
49.14,92.6
49.14,94.18
49.14,95.1
49.14,97.0
49.14,96.78
49.14,96.36
49.14,95.33
49.14,98.25
49.15,98.89
49.15,97.3
49.15,100.0
49.15,94.95
49.15,97.31
49.15,96.23
49.15,96.05
49.16,94.63
49.16,99.02
49.16,96.7
49.16,95.45
49.16,95.36
49.17,97.94
49.17,94.99
49.17,98.29
49.17,97.01
49.17,97.77
49.17,94.5
49.18,93.4
49.18,97.06
49.18,94.06
49.18,96.79
49.18,91.66
49.18,96.71
49.18,94.77
49.18,94.23
49.19,96.5
49.19,97.46
49.19,98.5
49.19,94.43
49.19,93.54
49.19,100.0
49.20,95.38
49.20,92.04
49.20,98.47
49.20,93.96
49.20,98.03
49.20,95.6
49.20,96.27
49.20,96.96
49.21,94.28
49.21,96.67
49.21,99.02
49.21,97.74
49.21,99.48
49.22,99.29
49.22,93.66
49.22,95.1
49.22,95.04
49.22,94.26
49.22,95.1
49.22,97.54
49.22,97.76
49.23,97.58
49.23,97.92
49.23,95.06
49.24,95.24
49.24,96.44
49.24,97.99
49.24,99.2
49.24,95.79
49.24,90.73
49.24,99.2
49.25,96.61
49.25,94.99
49.25,97.91
49.25,96.72
49.25,97.3
49.25,97.75
49.25,93.49
49.26,96.66
49.26,93.05
49.26,95.17
49.26,97.73
49.26,95.93
49.26,94.6
49.27,97.75
49.27,96.22
49.27,97.79
49.27,95.48
49.27,96.35
49.27,97.16
49.27,94.51
49.27,96.14
49.27,95.67
49.28,98.28
49.28,97.19
49.28,98.94
49.28,95.11
49.28,99.18
49.28,96.24
49.28,96.71
49.28,96.67
49.29,96.44
49.29,99.95
49.29,94.87
49.29,94.29
49.29,96.39
49.29,95.28
49.29,98.66
49.30,98.12
49.30,94.91
49.30,93.17
49.30,96.28
49.30,96.13
49.30,99.1
49.30,97.22
49.30,94.26
49.30,95.18
49.30,95.53
49.30,96.31
49.30,96.21
49.30,94.4
49.30,97.24
49.31,94.57
49.31,97.46
49.31,95.88
49.31,95.6
49.31,97.76
49.32,95.8
49.32,99.41
49.32,97.44
49.32,95.33
49.32,99.17
49.32,93.49
49.32,96.95
49.32,96.52
49.32,99.9
49.33,99.73
49.33,96.56
49.33,97.44
49.33,98.64
49.33,100.0
49.33,97.58
49.33,93.33
49.34,98.05
49.34,99.11
49.34,97.25
49.34,97.42
49.34,95.6
49.34,97.41
49.34,96.89
49.34,95.73
49.35,92.25
49.35,96.84
49.35,93.47
49.35,98.37
49.35,96.06
49.35,97.02
49.36,97.38
49.36,97.3
49.36,98.12
49.36,94.38
49.36,95.19
49.36,98.94
49.37,98.32
49.37,97.54
49.37,95.54
49.37,94.66
49.37,94.91
49.37,95.89
49.37,100.0
49.37,97.17
49.38,99.53
49.38,98.54
49.38,90.35
49.38,95.02
49.39,93.66
49.39,95.62
49.39,100.0
49.39,95.98
49.39,98.65
49.39,94.75
49.39,95.28
49.39,93.48
49.39,92.73
49.39,100.0
49.40,92.81
49.40,98.67
49.40,96.07
49.40,95.34
49.40,96.87
49.40,96.56
49.40,96.54
49.40,97.0
49.41,98.38
49.41,94.83
49.41,96.62
49.41,98.82
49.41,96.96
49.42,99.46
49.42,98.19
49.42,99.03
49.42,98.53
49.42,98.68
49.42,93.56
49.43,98.44
49.43,98.02
49.43,100.0
49.43,94.93
49.43,100.0
49.43,97.17
49.43,99.41
49.43,95.86
49.44,96.3
49.44,98.54
49.44,96.71
49.44,92.3
49.44,93.1
49.44,96.99
49.44,96.74
49.44,93.59
49.44,100.0
49.44,94.34
49.45,99.67
49.45,97.18
49.45,100.0
49.45,96.46
49.45,93.45
49.45,98.14
49.45,91.15
49.46,98.0
49.46,97.03
49.46,95.77
49.46,96.98
49.46,94.18
49.46,95.19
49.46,95.7
49.46,95.2
49.46,95.07
49.46,99.62
49.47,98.1
49.47,94.82
49.47,98.4
49.47,93.87
49.47,98.04
49.47,97.9
49.47,96.49
49.48,96.52
49.48,95.39
49.48,96.47
49.48,97.64
49.48,95.56
49.48,97.19
49.48,100.0
49.48,96.05
49.48,97.62
49.48,96.18
49.48,95.91
49.49,99.98
49.49,95.33
49.49,94.45
49.49,97.36
49.49,95.12
49.49,98.06
49.49,96.51
49.49,98.27
49.49,95.14
49.49,95.26
49.49,95.16
49.49,96.94
49.49,99.25
49.49,94.48
49.49,100.0
49.50,95.8
49.50,94.46
49.50,98.31
49.50,92.21
49.50,99.71
49.50,94.99
49.50,93.47
49.50,100.0
49.50,98.11
49.50,96.84
49.50,100.0
49.51,92.77
49.51,95.23
49.51,96.42
49.51,97.5
49.51,95.64
49.51,98.3
49.51,100.0
49.52,97.99
49.52,95.72
49.52,99.52
49.52,95.59
49.52,99.74
49.52,97.37
49.52,98.62
49.52,96.46
49.52,98.8
49.52,100.0
49.53,94.98
49.53,93.82
49.53,94.44
49.53,95.11
49.53,97.33
49.53,96.02
49.54,95.96
49.54,100.0
49.54,98.52
49.54,99.2
49.54,95.28
49.54,98.23
49.54,97.56
49.54,94.38
49.54,98.18
49.54,98.42
49.54,96.82
49.55,97.8
49.55,96.7
49.55,95.59
49.55,95.9
49.55,96.43
49.55,98.5
49.56,94.98
49.56,98.95
49.56,98.39
49.56,99.09
49.56,96.36
49.56,94.67
49.56,96.62
49.56,94.32
49.56,97.55
49.56,95.09
49.56,97.76
49.57,94.79
49.57,98.67
49.57,95.37
49.57,99.4
49.57,97.94
49.57,93.41
49.57,97.37
49.57,99.61
49.57,97.66
49.57,95.54
49.58,99.22
49.58,97.13
49.58,97.21
49.58,98.92
49.58,96.63
49.58,94.03
49.58,97.4
49.58,97.85
49.58,96.66
49.58,93.5
49.58,96.98
49.58,96.66
49.59,96.21
49.59,99.14
49.59,97.05
49.59,98.87
49.59,100.0
49.59,97.57
49.59,96.03
50.00,96.0
50.00,96.85
50.00,96.96
50.00,92.94
50.00,100.0
50.00,98.67
50.00,98.45
